:020000040800F2
:10000000B818002001030008C1A40008BD4E000874
:10001000A55A0008FD1700088DB400080000000074
:1000200000000000000000000000000035A50008EE
:10003000B91900080000000031A500088DA50008CE
:100040001B0300081B0300081B0300081B03000818
:100050001B0300081B0300081B0300081B03000808
:100060001B0300081B0300081B0300081B030008F8
:10007000011800081B030008111800081B030008E2
:100080001B0300081B0300081B0300081B030008D8
:100090001B0300081B0300081B030008BD19000810
:1000A0001B0300081B0300081B0300081B030008B8
:1000B0001B0300081B0300081B0300081B030008A8
:1000C0001B0300081B0300081B0300081B03000898
:1000D0001B0300081B0300081B0300087DB4000875
:1000E0001B0300081B0300081B0300081B03000878
:1000F0001B0300081B0300081B0300081B03000868
:100100001B0300081B0300081B0300081B03000857
:100110001B0300081B03000865A600081B0300085A
:100120001B0300081B0300081B0300081B03000837
:100130001B0300081B0300081B0300081B03000827
:100140001B0300081B0300081B0300081B03000817
:100150001B0300081B0300081B0300081B03000807
:100160001B0300081B0300081B0300081B030008F7
:100170001B0300081B0300081B030008000000000D
:100180001B0300081B03000800F002F800F0A8F8A9
:1001900014A696E8000CB244B344DA4501D100F04D
:1001A0009FF8BAE80F000FA696E83000A5EB04050B
:1001B00004EB0607AAEB0704A7F101074FEA1515A0
:1001C0004FEA3414A4F10104AC4201D300F088F8E2
:1001D00013F0010F18BFFB1A43F0010300F001F800
:1001E000DBE7184760C5000080C50000103A24BF57
:1001F00078C878C1FAD8520724BF30C830C144BF8C
:1002000004680C6070470000704700000023002461
:1002100000250026103A28BF78C1FBD8520728BF16
:1002200030C148BF0B6070476E2900F09F82702973
:1002300000F0F58366290BF0798665290BF0768648
:1002400067290BF0738661290BF0728603681B0A1D
:1002500028BF41F08001692900F04C82642900F038
:100260004982752900F046826F2900F0838378293E
:1002700000F0C183E92900F01D83E42900F01A830E
:10028000F52900F01783EF2900F08083F82900F0AA
:10029000C0830368DB0928BF41F08001632901F0B6
:1002A0003181732901F03681E32901F04181F3297D
:1002B00001F04681002070471FB50BF02AFE01F0C7
:1002C00099F90400002000210BF096FD401C6060AD
:1002D000002000210BF07AFDE0601FBD10B510BDBD
:1002E00001F05AF91146FFF7E7FF0BF05FF901F053
:1002F00037FA03B4FFF7F2FF03BC0BF029F9000053
:100300000948804709480047FEE7FEE7FEE7FEE7A9
:10031000FEE7FEE7FEE7FEE7FEE7FEE704480549E5
:10032000054A064B7047000051A6000889010008E5
:10033000B8120020B8180020B8140020B81400200B
:10034000704753EA020C00F069802DE9F04B4FF042
:100350000006002B1FBFB3FA83F503FA05F424FA55
:1003600005F65E4012BF1643B2FA82F502FA05F4B2
:10037000C5F120051EBF22FA05FC44EA0C04203515
:1003800056EA044C4FEA144418BF641C4FF00008AE
:100390004FF00009904271EB030C39D3002919BFCB
:1003A000B1FA81F701FA07F6B0FA80F700FA07F61A
:1003B000C7F120071EBF20FA07FC46EA0C062037CB
:1003C000B6FBF4FCA7EB0507103F07F01F0BCBF1C2
:1003D00020062CFA06F60CFA0BFB44BFB3460026A7
:1003E000202FA4BF5E464FF0000B5BEA060C08BF4F
:1003F0004FF0010B19EB0B0948EB0608ABFB027C35
:1004000006FB02CC0BFB03CCC01B71EB0C01C1E75C
:100410000B46024641464846BDE8F08B13B50843FB
:1004200018BF4FF0FF300146AFF30080BDE81C401D
:10043000704700000FB4044910B503AA029800F0F9
:10044000C9F910BC5DF814FB580F00207CB51D469F
:1004500016460C00009007D04142A14202D320442E
:10046000401E01E04FF0FF30064B7B442A466946B0
:100470000190304600F093F9002C02D0009A002140
:1004800011707CBD57030000032A40F2308010F049
:10049000030C00F0158011F8013BBCF1020F62441F
:1004A00098BF11F801CB00F8013B38BF11F8013BB0
:1004B000A2F1040298BF00F801CB38BF00F8013B5D
:1004C00011F0030300F07A83083AC0F0088051F875
:1004D000043B083A51F804CBA0E80810F5E7121DD8
:1004E0005CBF51F8043B40F8043BAFF30080D207F7
:1004F00024BF11F8013B11F801CB48BF11F8012BC3
:1005000024BF00F8013B00F801CB48BF00F8012BE5
:100510007047431A28BF9A427FF6B6AF1044114481
:10052000032A40F2268010F0030F1EBF11F8013D90
:10053000521E00F8013D10F0030F7FF4F6AF11F0EA
:10054000030300F08083083AC0F00B8051F8043DAB
:10055000083A51F804CD40F8043D40F804CDFFF7C7
:10056000F3BF121D5CBF51F8043D40F8043DAFF3EA
:100570000080D20724BF11F8013D11F801CD48BF1A
:1005800011F8012C24BF00F8013D00F801CD48BF4F
:1005900000F8012C70474FF000020429C0F01280CF
:1005A00010F0030C00F01B80CCF1040CBCF1020F26
:1005B00018BF00F8012BA8BF20F8022BA1EB0C01FB
:1005C00000F00DB85FEAC17C24BF00F8012B00F8F1
:1005D000012B48BF00F8012B70474FF0000200B517
:1005E000134694469646203922BFA0E80C50A0E856
:1005F0000C50B1F12001BFF4F7AF090728BFA0E804
:100600000C5048BF0CC05DF804EB890028BF40F8CF
:10061000042B08BF704748BF20F8022B11F0804F11
:1006200018BF00F8012B704770477047704770473C
:1006300070B5044685690068C10601D5302600E022
:100640002026C00707D070BDD4E90121304690476D
:10065000206A401C20626D1EF6D570BD70B5044640
:1006600085690078C00707D170BDD4E90121202039
:100670009047206A401C20626D1EF6D570BD096847
:100680004A0501D540B27047C905FCD500B2704794
:1006900009684A0501D5C0B27047C905FCD580B2CA
:1006A000704770B50C460546012A05D028788006AB
:1006B00000D5EA69002302E0012305E05B1C9342B8
:1006C00002D2E05C0028F9D1A869E618C01AA86136
:1006D000286A184428622846FFF7AAFF04E0D5E9F3
:1006E000012114F8010B9047B442F8D32846FFF7D4
:1006F000B5FF70BD2DE9F04106460024106875294C
:10070000314616A510D0FFF7BAFF002802DA4042A2
:1007100013A507E031688A0701D512A502E0490751
:1007200004D511A5012401E0FFF7B2FF00210A2240
:1007300006F1240709E0B0FBF2FCB0FBF2F302FB88
:100740001C00303078541846491C0028F3D1234649
:100750002A463046BDE8F04100F0E4BA000000004F
:100760002D0000002B00000020000000116802682E
:10077000006A530501D508700AE0D30501D5088049
:1007800006E0130603D5C217C1E9000200E00860C5
:100790000120704701694A1C02610878704700B562
:1007A0008FB0CDE901310021059105497944CDE9AA
:1007B00003101146684600F03DF90FB000BD00007F
:1007C000E5FFFFFFD1E900239A4202D2531C0B60E0
:1007D00010707047074B70B50D467B44FFF7DFFF85
:1007E0000446284600F0B0FE10B14FF0FF3070BD57
:1007F000204670BD9BAD00002DE9FF5F15468A467F
:100800000446DFF8AC80F8440027D8E900103E46E3
:10081000CDE9001010E03AF816106A4602A800F080
:1008200097FE411C07D02178890603D5E269391863
:1008300091420DD80744761C2078800602D5E069E5
:10084000B84205DDAE42E6DB3AF816000028E2D1F8
:10085000A069C01BA0612046FFF7EAFED8E900109E
:10086000CDE90010002017E03AF818106A4602A8F7
:1008700000F06EFEB0F1FF3F81460BD000250DF178
:10088000080B05E0D4E901211BF8050090476D1C19
:100890004D45F7D308F10100B0428046E4DB206A01
:1008A000384420622046FFF7D9FEBDE8FF9F0000D4
:1008B0002AB700002DE9F0418046D21D22F0070240
:1008C0000025D2E90002F52915A614D0011E72F107
:1008D000000106DA0023D0EB030063EB020211A64D
:1008E00008E0D8F800108B0701D50FA602E04907F1
:1008F00001D50EA601251146002408F1240704E0C5
:1009000000F0CBF930323A55641C50EA0102F7D1BD
:100910002B46324621464046BDE8F04100F002BA7F
:10092000000000002D0000002B000000200000004F
:1009300030B4002100F1240408E002F00705D208D9
:10094000303542EA4372DB086554491C52EA03051C
:10095000F3D10468002310A2250708D504F0200471
:100960000C4304D0C46901230CA2641EC46130BCD2
:1009700000F0D8B910B5044621461068FFF788FE8C
:1009800002462046BDE810400023D1E7D21D22F0E8
:100990000701D1E90023CBE7000000003000000090
:1009A000F0B40D460188090502D5214C7C4402E0D3
:1009B0001F4C7C440E34002100F1240608E002F0B4
:1009C0000F071209E75D42EA03721B097754491CBD
:1009D00052EA0307F3D102780023120704D5702DE1
:1009E00006D009B1022311342246F0BC00F09AB9B6
:1009F00001231034F8E770B504460D46214610680F
:100A0000FFF746FE024629462046BDE87040002317
:100A1000C6E7D21D22F00703D3E90023C0E703682D
:100A2000126843F0200303600823C3610023B7E783
:100A30008CB500002DE9F05F894604464FF0000AAE
:100A4000DFF874B1FB44C0F820A02046E168884775
:100A5000002874D0252806D0D4E901219047206AC7
:100A6000401C2062F1E700265F462046E168884787
:100A70002028054607DB312D05D2781910F8200C07
:100A800008B10643F1E7B00701D526F00406C4F823
:100A90001CA00027C4F818A02A2D09D028460BF066
:100AA0008DF938B304EB8708303DC8F8185019E0C9
:100AB00059F8041B204604EB87029161E1688847DE
:100AC000012F054618D1E069002820DA26F020061B
:100AD0001DE0D8F8180000EB800005EB400030382E
:100AE000C8F818002046E168884705460BF066F90B
:100AF0000028EED1012F0AD02E2D08D12046E16822
:100B000088477F1C0546022F46F02006C4DBA069FB
:100B1000002803DA404246F00106A061F00701D048
:100B200026F010066C2D0BD0682D09D04C2D39D035
:100B30006A2D35D0742D35D07A2D33D016E038E0BB
:100B4000E1682F4620468847B842054609D16C2FF8
:100B500026D04FF48060E16806432046884705466A
:100B600004E06C2F1AD04FF4807006430DB3A5F14A
:100B70004100192802D8203546F400664A46294625
:100B8000204626604E46FFF74FFB80B101280BD070
:100B9000F61D26F0070000F1080956E74020E4E7BB
:100BA0008020D8E70020D6E706F104094DE7284663
:100BB00052E7206ABDE8F09F1CB5000010B5203A4E
:100BC000C0F00B80B1E81850A0E81850B1E81850F8
:100BD000A0E81850203ABFF4F5AF5FEA027C24BFCA
:100BE000B1E81850A0E8185044BF18C918C0BDE8B3
:100BF00010405FEA827C24BF51F8043B40F8043B7C
:100C000008BF7047D20728BF31F8023B48BF11F830
:100C1000012B28BF20F8023B48BF00F8012B70478A
:100C2000431A28BF9A427FF6C9AF1044114410F00E
:100C3000030F1EBF11F8013D521E00F8013D10F0D8
:100C4000030F7FF4F6AF103AC0F00A8010B531E917
:100C5000185020E91850103ABFF4F9AFBDE8104021
:100C6000530724BF31E9081020E9081044BF51F8A8
:100C7000043D40F8043D12F0030F08BF7047D2074F
:100C800028BF31F8023D48BF11F8012C28BF20F8D9
:100C9000023D48BF00F8012C704730B5B0F10A02A0
:100CA00071F100034FEA900E4EEA817EB0EB0E0028
:100CB00061EB91014FEA101E4EEA017E10EB0E002F
:100CC00041EB11114FEA102E4EEA016E10EB0E00AF
:100CD00041EB11214FEA104E4EEA014E10EB0E008F
:100CE00041EB1141401841F100014FEAD00040EAC8
:100CF00041704FEAD1014FEA810444EA907410EB4D
:100D0000800544EB01046D1944EB0404521BA3411C
:100D10004FF0000348BF0A3200D530BD401C41F1FE
:100D2000000130BD2DE9F0470D4699469246044634
:100D300000F124080168880604D5E06921F010015B
:100D4000216000E00120A84201DD471B00E00027F0
:100D5000A1697A1902EB0900081AA0612078C0067F
:100D600002D42046FFF764FC002608E0D4E9012104
:100D70001AF806009047206A401C761C20624E45F7
:100D8000F4DB2078C0060AD52046FFF751FC06E0C8
:100D9000D4E9012130209047206A401C2062381E8F
:100DA000A7F10107F4DC07E0D4E9012118F80500F8
:100DB0009047206A401C2062281EA5F10105F3DC43
:100DC0002046FFF74BFC2078000602D50220BDE844
:100DD000F0870120FBE72DE9FF4F0C461E464FF040
:100DE000FF378BB0D2E90001DDF860800A908A46B7
:100DF000C1F30A5505B93D46002108464FF00000F1
:100E0000BAF1000F00F4400005DA00EB80004FF467
:100E1000400101EA50004FEA9059B9F1010F00DD9D
:100E2000B9460A9850EA4A000ED044F61050A5F28E
:100E3000FF3545432F14B8F1000F1ED07542291E0F
:100E40001EDDC9F100021CE0B8F1010F4FF00000F7
:100E500001D0302103E0F24305E02154401CB042B0
:100E6000FBDB30460022002121540B99C1F8088099
:100E7000C1E900200FB0BDE8F08FBD1B6D1CDEE79F
:100E80004A4600DA694206A800F0F8FB06AB93E890
:100E9000070003AB83E8070050460A990AF0ADFB50
:100EA0008DE80700A0F500501F3800900398002D32
:100EB0000ADD42F21F014A460844002303A90390B9
:100EC00068460AF017FE09E0A0F500504A461F38B0
:100ED000002303A9039068460AF021FE8DE807006D
:100EE0000004000C03D04FF0FF30410800E0104632
:100EF000B8F1000F03D00022009215461EE0751EC7
:100F000005D4FFF7CAFE303262556D1EF9D5B346DF
:100F10000122084302D000227F1C04E02078302800
:100F200001D100227F1E002A099784D01DE0112DD7
:100F300007DAFFF7B2FE303262556D1C50EA01024B
:100F4000F5D1084302D00098C8B10EE00021681E18
:100F500005E0235C625C63542254401E491C8142BC
:100F6000F7DBAB46A81B401E0990002004F80B00DD
:100F70000B98099AC0F80880C0E9002B7AE711267F
:100F80004FF0000857E72DE9F04F88460446D21D80
:100F900022F0070191B0D1E90001CDE90A010AF080
:100FA000F5FE02460B98C00F01D02D2007E0206807
:100FB000810701D52B2002E0202101EAC000032A8D
:100FC000099001D0072A05DB03464146204600F080
:100FD00015FB0BE12078800601D5E06900E00620D2
:100FE000B8F1650F814606D0B8F1660F18D0B8F198
:100FF000670F70D131E00020B9F1110F009001DBD3
:10100000112301E009F101030AAA01A90CA8FFF7C5
:10101000E2FEDDE90C70002609F10105834647E098
:1010200001204B4600904FF000470AAA01A90CA8E6
:10103000FFF7D1FEDDE90DB00C995D46002610B931
:1010400009F101000D18B9EB050003D4C0F1FF361A
:1010500009F10105A5EB09002BE0B9F1010F01DA57
:101060004FF001090020B9F1110F0090484601DD51
:10107000112300E003460AAA01A90CA8FFF7ABFE62
:10108000DDE90C704D4600268346207800070AD41F
:10109000AB4500DA5D4601A8012D04DD411911F8C8
:1010A000011C302907D04F4502DA17F1040F04DA8A
:1010B000012082460FE06D1EEEE7002F02DCED1BE3
:1010C0003E4403E0781CA84200DD7D1CB81B00F103
:1010D000010A4FF000472078000703D4AA4501DB3E
:1010E0004FF0FF3A0021B7F1004F0DF143088DF8A2
:1010F000431024D002202B23002F01DA7F422D231E
:101100000A21021EA0F1010000DC5FB197FBF1FC97
:1011100097FBF1F201FB1C7C17460CF1300C08F830
:1011200001CDEEE7A8F1010003702188090501D582
:10113000452100E06521A0F1010800F8011C099893
:101140000FA9A1EB0807FF1D00B10120411901EB18
:10115000EA70A1693844081A401EA0612078C006D0
:1011600002D42046FFF764FA099828B1D4E9012196
:101170009047206A401C20622078C00622D5204675
:10118000FFF756FA1EE0002E04DBB34502DD01A88E
:10119000805D00E03020D4E901219047206A401CA6
:1011A0002062761CAAF101005FEA000A0AD100F071
:1011B00021FAC0680168405CD4E901219047206AA7
:1011C000401C2062281EA5F10105DCDC07E0D4E903
:1011D000012118F8010B9047206A401C2062381E3C
:1011E000A7F10107F3DC2046FFF738FA032011B01E
:1011F00041E600002DE9F04F04460D46D21D22F0D5
:10120000070089B0D0E90097484639460AF0BEFD8C
:101210000246F80F01D02D2307E02068810701D591
:101220002B2302E0202101EAC0038DF820300BB10E
:10123000012000E00020032A824601D0072A04DBB7
:101240002946204600F0DAF93FE12078800601D4F3
:101250000D2500E0E569C7F30A560D2D49DA002196
:101260004FEA175B08464FF00000002F00F44000E3
:1012700007DA00EB80004FF4400100EBD07001EA88
:1012800060008115012901DD4FF0FF3100224FEA96
:10129000850CBCF1180F06D31346ACF118004FF0C3
:1012A0008052C24003E04FF4801323FA0CF30CF198
:1012B0000C0CBCF1200F04D3ACF1200C09FA0CF09B
:1012C00001E007FA0CF000294FF0004801DD18B9E1
:1012D0000FE00ED140450CD319EB02095F4121B953
:1012E000404502D19F4329EA0209BBEB175F00D0BA
:1012F000761C2088000502D57B48784402E07A48B5
:101300007844193808AA302302F80A30037C0AF11D
:101310000101002E0AF1020A53546A4602DC4FF022
:10132000300101E04FF031014FF001088DF800105D
:1013300002D0A6F2FF3603E059EA470100D06B4E17
:10134000002D02DC2178090704D54FF002082E2178
:101350008DF80110C44600210BE0C7F303433F01A1
:10136000C35C491C6D1E02F80830052908F101080C
:1013700001DA002DF1DC00210CE000EB1973491CAF
:101380001B786D1E082902F808304FEA091908F188
:10139000010801DA002DF0DC21688B0602D516E089
:1013A000A8F10108E04505DD02EB080313F8013C54
:1013B000302BF5D0B8F1000F09DD02EB080313F86C
:1013C000013C2E2B03D1090701D4A8F10108002DFF
:1013D00005DD3E2102F808106D1E08F10108407C71
:1013E000002E02F8080008F1010804DA2D207642E8
:1013F00002F8080002E02B2002F808000A214FF44E
:101400007A70864208F101080BDB96FBF0F330336B
:1014100002F8083096FBF0F308F1010800FB1366B0
:1014200001E0642E0CDB642096FBF0F3303302F80D
:10143000083096FBF0F308F1010800FB136601E0A9
:101440000A2E06DB96FBF1F0303002F8080008F1B6
:10145000010896FBF1F001FB1060303002F8080043
:10146000A16908F1010808EB050202EB0A00081A5D
:10147000A0612078C00602D42046FFF7D9F8216A7F
:1014800008AE01EB0A00206204E0D4E9012116F85D
:10149000010B9047BAF1010AF7D22078C00602D5B5
:1014A0002046FFF7C5F86E4609E016F8010B3E2806
:1014B0000FD0D4E901219047206A401C2062B8F186
:1014C0000108F2D22046FFF7C9F809B00320BDE8B1
:1014D000F08F206A2844206203E0D4E90121302003
:1014E00090476D1EEBD3F8E78AAC000002FCFFFFCB
:1014F00010B5436913B1AFF3008001E0FFF7D1F8F5
:10150000012010BD127800F124010A7000224A70F7
:101510000122EDE711684FF0FF32E9E710B54369AA
:1015200013B1AFF3008001E0FFF766F9012010BDB1
:10153000128800F1240182840022C2840122EDE796
:1015400011684FF0FF32E9E7007B00F08000704740
:101550002DE9F04116460C46054600F043F80368B5
:1015600093F80101012807D0FF2C12D8185D80B133
:1015700001202C70BDE8F081D3F8070132462146E6
:1015800003F20713C7182846BC46BDE8F041002304
:1015900060474FF0FF30EDE7754600F0EBF8AE46E0
:1015A00005006946534620F00700854618B020B56F
:1015B000FEF7B4FEBDE820404FF000064FF00007F4
:1015C0004FF000084FF0000BAC46ACE8C009ACE8A7
:1015D000C009ACE8C009ACE8C00921F007018D469C
:1015E0007047000010B500F005F8001D10BD00BFE9
:1015F00009A8000000487047300000202DE9F041A4
:101600001F46044603260168072A01F4006004DB34
:1016100008B116A505E016A503E008B115A500E080
:1016200015A521F010002060A069C01EA0610FB1B7
:10163000401EA0612046FEF7FBFF4FB1D4E9012117
:1016400038469047206A401C2062C01C206206E099
:10165000206AFAE7D4E9012115F8010B9047761EBC
:10166000F8D22046FEF7FAFFBDE8F0814E414E0069
:101670006E616E00494E4600696E66002DE9F047C6
:10168000814616468AB0354878440DC88DE80D006D
:1016900032487844801C03AC0DC884E80D0041F644
:1016A0009B300844372190FBF1F290FBF1F5A5F156
:1016B000800501FB12041B3C02D56442012000E0BE
:1016C0000020DFF898A080460027FA44AAF1BE0A5D
:1016D0000EE0E0070AD03246684607EB47010123D7
:1016E0000AEB81010AF01BFA8DE8070064107F1CE9
:1016F000002CEED1194F7F44AE3F19E0E80715D01A
:1017000007EB04100DF1180A90E80E008AE80E00AD
:10171000C068F04201D1981908903246012306A909
:1017200003A80AF0FCF903AB83E807006D10641C02
:10173000002DE3D14FF0010332466946B8F1000FA6
:1017400003A802D00AF0D6F901E00AF0E8F9C9E9E5
:101750000001C9F808200AB0BDE8F0878CA9000094
:1017600010B50446AFF300802046BDE81040FEF7F8
:10177000C0BD0000004870471000002000000000BD
:1017800030B44FF0013C50F8042B51F8043BCCFA34
:1017900052F4D51A20D1FCB950F8042B51F8043B6F
:1017A000CCFA52F4D51A17D1B4B950F8042B51F829
:1017B000043BCCFA52F4D51A0ED16CB950F8042B74
:1017C00051F8043BCCFA52F4D51A05D1002CDAD0EA
:1017D00030BC4FF00000704729BAB1FA81F111F026
:1017E0001801D1F120008440F2D1CA40CB4012F060
:1017F000FF0213F0FF0330BCD01A7047FFE7FEE78B
:1018000080B540F6AC70C2F2000000F07DF980BDFA
:1018100080B541F20C00C2F2000000F075F980BD05
:1018200082B001900198007810384AF6AB21CAF6D0
:10183000AA21A0FB01100009009000994CF2480079
:10184000C0F60000405C0199C8650098042807D3E1
:10185000FFE701990868042262F30900886506E041
:101860000199086840F2FF3290438865FFE70198CC
:10187000806D02B07047000086B0059000208DF8A2
:1018800013000598806A03900598806910BBFFE7F4
:101890000398029003281BD80299DFE801F0020D9B
:1018A0000218059890F82F00C00720B1FFE701202B
:1018B0008DF81300FFE70CE00598C06AB0F1C07F17
:1018C00004D1FFE701208DF81300FFE701E000E0FD
:1018D000FFE745E005988069B0F5005F25D1FFE797
:1018E0000398019003281ED80199DFE801F0020651
:1018F000021101208DF8130016E0059890F82F00D2
:10190000C00720B1FFE701208DF81300FFE70BE0CF
:101910000598C06AB0F1C07F04D1FFE701208DF8BF
:101920001300FFE700E0FFE719E0039800900328A9
:1019300004D3FFE70098032804D00EE001208DF8BF
:1019400013000BE0059890F82F00C00720B1FFE7C7
:1019500001208DF81300FFE700E0FFE7FFE7FFE756
:101960009DF8130006B0704784B003900291019275
:10197000009303980168086820F4802008600098AC
:1019800003990968486003988068402809D1FFE7F7
:101990000198039909688860029803990968C860EA
:1019A00008E002980399096888600198039909681A
:1019B000C860FFE704B070477047000080B54FF47F
:1019C000807000F0A7FB4FF4007000F0A3FB80BD17
:1019D00072B6FFE7FEE7000080B584B0029002987F
:1019E000806D019000F0BEFD0090029890F83500E7
:1019F00002280DD0FFE7029980204865FFE7029991
:101A0000002081F83400FFE701208DF80F0055E039
:101A100002980168086820F01600086002980168C2
:101A2000486920F0800048610298006C20B9FFE707
:101A30000298806C38B1FFE702980168086820F0CE
:101A400008000860FFE702980168086820F00100BC
:101A50000860FFE7029800680068C007C8B1FFE7A8
:101A600000F080FD0099401A062811D3FFE7029983
:101A7000202048650299032081F83500FFE702998C
:101A8000002081F83400FFE703208DF80F0015E0F7
:101A9000E0E70298C16D3F20884001998860029973
:101AA000012081F83500FFE70299002081F8340019
:101AB000FFE7FFE700208DF80F00FFE79DF80F001C
:101AC00004B080BD82B00090009890F835000228E4
:101AD00007D0FFE700998020486501208DF80700B6
:101AE0000EE00099052081F835000098016808682B
:101AF00020F001000860FFE700208DF80700FFE7F5
:101B00009DF8070002B0704780B586B005900020B0
:101B1000039040F20000C2F20000006848F2B511E4
:101B2000C1F64E31A0FB0110800A02900598806D2D
:101B3000019001980068049004980599C96DC84007
:101B4000000700281AD5FFE70598006800684007DD
:101B5000002812D5FFE705980168086820F0040006
:101B600008600598C16D0820884001998860059932
:101B7000486D40F001004865FFE7FFE704980599CC
:101B8000C96DC840C007A0B1FFE70598006840696B
:101B9000000600280CD5FFE70598C16D012088409C
:101BA000019988600599486D40F002004865FFE79B
:101BB000FFE704980599C96DC8404007002814D56F
:101BC000FFE7059800680068800700280CD5FFE74C
:101BD0000598C16D04208840019988600599486D79
:101BE00040F004004865FFE7FFE704980599C96DD8
:101BF000C840C006002847D5FFE705980068006880
:101C0000000700283FD5FFE70598C16D10208840E8
:101C100001998860059800680068400300281AD57B
:101C2000FFE70598006800680003002809D4FFE773
:101C30000598006C20B1FFE70598016C8847FFE725
:101C400008E00598806C20B1FFE70598816C884713
:101C5000FFE7FFE716E0059800680068C005002868
:101C600007D4FFE705980168086820F008000860BD
:101C7000FFE70598006C20B1FFE70598016C8847E5
:101C8000FFE7FFE7FFE7FFE704980599C96DC84044
:101C90008006002840F18D80FFE705980068006805
:101CA000C006002840F18480FFE70598C16D202020
:101CB000884001998860059890F83500052834D14E
:101CC000FFE705980168086820F01600086005988D
:101CD0000168486920F0800048610598006C20B9CF
:101CE000FFE70598806C38B1FFE705980168086840
:101CF00020F008000860FFE70598C16D3F2088408C
:101D0000019988600599012081F83500FFE7059960
:101D1000002081F83400FFE70598006D20B1FFE74F
:101D20000598016D8847FFE77BE00598006800682B
:101D3000400300281AD5FFE70598006800680003F3
:101D4000002809D4FFE70598406C20B1FFE705980B
:101D5000416C8847FFE708E00598C06B20B1FFE7BA
:101D60000598C16B8847FFE7FFE720E0059800680A
:101D70000068C005002811D4FFE7059801680868CD
:101D800020F0100008600599012081F83500FFE778
:101D90000599002081F83400FFE7FFE70598C06B44
:101DA00020B1FFE70598C16B8847FFE7FFE7FFE732
:101DB000FFE70598406DA0B3FFE70598406DC007A9
:101DC00030B3FFE70599052081F8350005980168D3
:101DD000086820F001000860FFE7039801300390D5
:101DE0000299884201D9FFE707E0FFE705980068FC
:101DF0000068C0070028F0D1FFE70599012081F8AD
:101E00003500FFE70599002081F83400FFE7FFE780
:101E10000598C06C20B1FFE70598C16C8847FFE7C3
:101E2000FFE706B080BD000080B586B004900020BA
:101E3000039000F097FB0290049820B9FFE701207F
:101E40008DF81700A3E00498406A08B1FFE7FFE7A8
:101E50000499022081F83500FFE70499002081F8F9
:101E60003400FFE704980168086820F0010008606A
:101E7000FFE7049800680068C00790B1FFE700F032
:101E800071FB0299401A06280AD3FFE70499202023
:101E900048650499032081F835008DF8170076E035
:101EA000E7E70498006800680390039848F23F0150
:101EB000CFF2100108400390049900914868D1F8CE
:101EC00008C0CB680A6940EA0C00184310434A690D
:101ED00010438A691043CA691043096A0143039891
:101EE000084303900498406A042808D1FFE7049946
:101EF000C86A096B0143039808430390FFE70398FE
:101F00000499096808600498006840690390039880
:101F100020F0070003900498416A03980843039057
:101F20000498406A04281AD1FFE70498816A03984C
:101F3000084303900498C06A80B1FFE70498FFF754
:101F40009BFC50B1FFE704994020486504990120AB
:101F500081F835008DF8170019E0FFE7FFE70398D7
:101F60000499096848610498FFF75AFC01900498A5
:101F7000C16D3F2088400199886004990020486520
:101F8000049A012182F835108DF81700FFE79DF8BB
:101F9000170006B080BD000080B588B0069005919E
:101FA0000492039300208DF80B000698806D019039
:101FB000FFE7069890F83400012804D1FFE70220DB
:101FC0008DF81F0045E00699012081F83400FFE7F5
:101FD000FFE7069890F8350001282BD1FFE7069916
:101FE000022081F835000699002048650698059979
:101FF000049A039BFFF7B8FC0698C16D3F20884008
:102000000199886006980168086840F01600086029
:102010000698006C38B1FFE706980168086840F040
:1020200008000860FFE706980168086840F00100B2
:10203000086009E0FFE70699002081F83400FFE717
:1020400002208DF80B00FFE79DF80B008DF81F00B4
:10205000FFE79DF81F0008B080BD000080B584B088
:10206000039000F07FFA02900398019001980130EC
:1020700048B1FFE740F20400C2F200000178019885
:1020800008440190FFE7FFE700F06CFA0299401A5C
:102090000199884201D2FFE7F6E704B080BD000055
:1020A00080B584B0ADF80E00BDF80E00B0F5007F2D
:1020B00007D0FFE7BDF80E00B0F5807F01D0FFE745
:1020C00026E006F05FF88DF80D0040F2CE20C2F257
:1020D0000000029000789DF80D1005F0DFFE0299D7
:1020E0008DF80C009DF80D0008709DF90C0078B17A
:1020F000FFE740F2D020C2F200000190B0F90000EA
:102100009DF90C10084405F0A1FF01990880FFE734
:1021100004B080BD80B582B0ADF8060043F614402F
:10212000C4F201000068BDF8061008420CD0FFE7B9
:10213000BDF8060043F61441C4F201010860BDF881
:102140000600FFF7ADFFFFE702B080BD8EB00D9037
:102150000C9100200A90099008900B90FFE70B98D3
:102160000F2800F2CC81FFE70B99012088400A90EC
:102170000C9800680A990840099009980A998842C1
:1021800040F0B881FFE70C98406800F00300012898
:1021900007D0FFE70C98406800F0030002282FD119
:1021A000FFE70D98806808900B984100032000FA23
:1021B00001F10898884308900C98C0680B99490071
:1021C00000FA01F108980843089008980D99886072
:1021D0000D98406808900B99012000FA01F10898C9
:1021E000884308900C984068C0F300100B9900FADF
:1021F00001F108980843089008980D994860FFE796
:102200000C98406800F00300032818D0FFE70D98F1
:10221000C06808900B984100032000FA01F108986B
:10222000884308900C9880680B99490000FA01F1E6
:1022300008980843089008980D99C860FFE70C9823
:10224000406800F00300022826D1FFE70D980B99A3
:102250006FF0030202EA51010844006A08900B98EB
:1022600000F0070081000F2000FA01F10898884370
:1022700008900C9800690B9901F00701890000FA99
:1022800001F108980843089008980D990B9B02EA01
:10229000530211440862FFE70D98006808900B98FC
:1022A0004100032000FA01F10898884308900C9837
:1022B000406800F003000B99490000FA01F108980A
:1022C0000843089008980D9908600C988079800759
:1022D000002800F00E81FFE7FFE70020079043F69B
:1022E0004400C4F20200016841F4804101600068CA
:1022F00000F4804007900798FFE70B9820F0030058
:1023000043F60801C4F20101405808900B9800F010
:10231000030081000F2000FA01F10898884308901B
:102320000D980021C4F20201884203D1FFE700208A
:1023300006905EE00D9840F20041C4F2020188422E
:1023400003D1FFE70120059050E00D9840F6000111
:10235000C4F20201884203D1FFE70220049042E068
:102360000D9840F60041C4F20201884203D1FFE714
:102370000320039034E00D9841F20001C4F2020101
:10238000884203D1FFE70420029026E00D9841F235
:102390000041C4F20201884203D1FFE70520019009
:1023A00018E00D9841F60001C4F20201884203D101
:1023B000FFE7062000900AE00D9941F60042C4F2C2
:1023C00002020820914208BF07200090FFE7009812
:1023D0000190FFE701980290FFE702980390FFE762
:1023E00003980490FFE704980590FFE7059806908E
:1023F000FFE70698C0B20B9901F00301890000FACB
:1024000001F108980843089008980B9921F00301FE
:1024100043F60802C4F20102885043F60840C4F2B1
:1024200001000068089009990898884308900C9862
:102430008079C006002805D5FFE709990898084368
:102440000890FFE7089843F60841C4F201010860CC
:1024500043F60C40C4F201000068089009990898FE
:10246000884308900C9880798006002805D5FFE7FE
:102470000999089808430890FFE7089843F60C412B
:10248000C4F20101086043F60440C4F20100006890
:10249000089009990898884308900C9880798007DB
:1024A000002805D5FFE70999089808430890FFE739
:1024B000089843F60441C4F20101086043F6004065
:1024C000C4F20100006808900999089888430890B0
:1024D0000C988079C00728B1FFE70999089808434C
:1024E0000890FFE7089843F60041C4F20101086034
:1024F000FFE7FFE7FFE70B9801300B902FE60EB0E8
:102500007047000082B00190ADF802100198006998
:10251000BDF80210084204D0FFE701208DF8010049
:1025200003E000208DF80100FFE79DF8010002B0F4
:102530007047000082B00190ADF802108DF80120C4
:102540009DF8010028B1FFE7BDF8020001998861FC
:1025500005E0BDF80200000401998861FFE702B0C0
:102560007047000041F2AC20C2F2000000687047E2
:1025700040F20400C2F20000027841F2AC21C2F243
:1025800000010868104408607047000080B543F6F9
:102590000041C4F20201086840F400700860086855
:1025A00040F480600860086840F480700860032090
:1025B00000F08AF80F2000F005F800F03BF800204A
:1025C00080BD000080B582B0009040F20000C2F2F1
:1025D0000000006840F20401C2F200010A784FF4E2
:1025E0007A71B1FBF2F1B0FBF1F000F0A5FD20B182
:1025F000FFE701208DF8070018E000980F280DD89C
:10260000FFE700994FF0FF30002200F043F80098F8
:1026100040F20801C2F20001086003E001208DF8D9
:10262000070003E000208DF80700FFE79DF8070092
:1026300002B080BD82B0FFE70020019043F6440065
:10264000C4F20200016841F480410160006800F4B6
:10265000804001900198FFE7FFE70020009043F6DB
:102660004000C4F20200016841F08051016000683E
:1026700000F0805000900098FFE702B07047000023
:1026800080B582B08DF807009DF9070008F000FFC3
:1026900002B080BD80B586B08DF81700049103921A
:1026A0000020029008F00CFF02909DF917000190A5
:1026B00002980499039A07F005FF0146019808F073
:1026C00007FF06B080BD000080B582B00190019880
:1026D00008F020FF02B080BD80B584B00290019167
:1026E000029820B9FFE701208DF80F0021E1019841
:1026F00043F60041C4F20201096801F00701884273
:1027000012D9FFE7019943F60040C4F202000170BC
:10271000006800F007000199884204D0FFE701201B
:102720008DF80F0005E1FFE7029800788007002888
:102730002AD5FFE7029800784007002809D5FFE76F
:1027400043F60801C4F20201086840F4E050086052
:10275000FFE7029800780007002809D5FFE743F655
:102760000801C4F20201086840F460400860FFE715
:1027700043F60801C4F20201086820F0F000029A52
:10278000926810430860FFE702980078C0070028AD
:102790006ED0FFE702984068012811D1FFE743F6A9
:1027A0000000C4F20200006800F400310020B0EB29
:1027B000514F04D1FFE701208DF80F00B9E02CE064
:1027C00002984068022805D0FFE702984068032875
:1027D00011D1FFE743F60000C4F20200006800F0E8
:1027E00000710020B0EB516F04D1FFE701208DF89C
:1027F0000F009EE010E043F60000C4F20200006803
:1028000000F002010020B0EB510F04D1FFE70120DE
:102810008DF80F008DE0FFE7FFE743F60801C4F2F3
:102820000201086820F00300029A52681043086011
:10283000FFF798FE0090FFE743F60800C4F202009D
:10284000006800F00C0002994968B0EB810F0ED0CF
:10285000FFE7FFF787FE0099401A41F2893188426D
:1028600004D3FFE703208DF80F0062E0E4E7FFE701
:10287000019843F60041C4F20201096801F0070122
:10288000884212D2FFE7019943F60040C4F20200E9
:102890000170006800F007000199884204D0FFE74A
:1028A00001208DF80F0044E0FFE702980078400710
:1028B00000280CD5FFE743F60801C4F202010868BE
:1028C00020F4E050029AD26810430860FFE70298B3
:1028D0000078000700280DD5FFE743F60801C4F291
:1028E0000201086820F46040029A126940EAC200BE
:1028F0000860FFE700F04CF843F60801C4F202015B
:102900000968C9B20A094CF23001C0F60001895CBD
:10291000C84040F20001C2F20001086040F2080025
:10292000C2F200000068FFF74DFE00208DF80F0096
:10293000FFE79DF80F0004B080BD000040F20000EA
:10294000C2F200000068704780B5FFF7F7FF43F65A
:102950000801C4F202010968C1F382224CF240016D
:10296000C0F60001895CC84080BD000080B5FFF75B
:10297000E5FF43F60801C4F20201096889B24A0B77
:102980004CF24001C0F60001895CC84080BD0000E7
:1029900080B586B00020059004900390029043F625
:1029A0000800C4F20200006800F00C00014601912A
:1029B00040B1FFE7019804280AD0FFE701980828F2
:1029C0000CD04FE042F20040C0F2F40002904FE021
:1029D00041F20020C0F27A00029049E043F6040080
:1029E000C4F20200016801F03F0105910068400255
:1029F000002813D5FFE743F60400C4F20200006884
:102A0000C0F3881041F20021C0F27A01A0FB01015D
:102A1000059A0023FDF795FC049012E043F60400AC
:102A2000C4F202000068C0F3881042F20041C0F214
:102A3000F401A0FB0101059A0023FDF782FC04903C
:102A4000FFE743F60400C4F20200006800F44031DE
:102A5000022000EBD130039004980399B0FBF1F011
:102A6000029005E042F20040C0F2F4000290FFE75D
:102A7000029806B080BD000080B586B0049004982E
:102A800020B9FFE701208DF8170050E30498007883
:102A9000C007002800F0A580FFE743F60800C4F255
:102AA0000200006800F00C00042813D0FFE743F692
:102AB0000800C4F20200006800F00C0008281ED1D3
:102AC000FFE743F60400C4F2020000684002002859
:102AD00015D5FFE743F60000C4F20200006800F4D9
:102AE00000310020B0EB514F08D0FFE70498406858
:102AF00020B9FFE701208DF8170018E370E0FFE729
:102B000004984068B0F5803F09D1FFE743F6000123
:102B1000C4F20201086840F48030086020E00498A4
:102B20004068B0F5A02F0DD1FFE743F60001C4F2D5
:102B30000201086840F480200860086840F4803092
:102B400008600CE043F60001C4F20201086820F4BA
:102B500080300860086820F480200860FFE7FFE705
:102B6000FFE704984068E8B1FFE7FFF7FBFC03903C
:102B7000FFE743F60000C4F20200006800F40031F1
:102B80000020B0EB514F0CD1FFE7FFF7EBFC0399AE
:102B9000401A652804D3FFE703208DF81700C6E22A
:102BA000E7E71CE0FFF7DEFC0390FFE743F60000D9
:102BB000C4F20200006800F400310020B0EB514F75
:102BC0000CD0FFE7FFF7CEFC0399401A652804D329
:102BD000FFE703208DF81700A9E2E7E7FFE7FFE72B
:102BE000FFE7049800788007002840F19680FFE70F
:102BF00043F60800C4F20200006810F00C0F13D076
:102C0000FFE743F60800C4F20200006800F00C0081
:102C100008282CD1FFE743F60400C4F20200006844
:102C20004002002823D4FFE743F60000C4F202006C
:102C3000006800F002010020B0EB510F09D0FFE75F
:102C40000498C068012804D0FFE701208DF8170020
:102C50006DE243F60001C4F20201086820F0F800BA
:102C6000049A126940EAC2000860FFE754E0049841
:102C7000C06870B3FFE70021C4F24721012008605B
:102C8000FFF770FC0390FFE743F60000C4F2020078
:102C9000006800F002010020B0EB510F0CD1FFE7FB
:102CA000FFF760FC0399401A032804D3FFE70320D1
:102CB0008DF817003BE2E7E743F60001C4F202019A
:102CC000086820F0F800049A126940EAC20008601F
:102CD00021E00021C4F2472100200860FFF742FCF8
:102CE0000390FFE743F60000C4F20200006800F022
:102CF00002010020B0EB510F0CD0FFE7FFF732FCD0
:102D00000399401A032804D3FFE703208DF8170026
:102D10000DE2E7E7FFE7FFE7FFE704980078000729
:102D200000284BD5FFE70498406918B3FFE740F649
:102D30008061C4F2472101200860FFF713FC039073
:102D4000FFE743F67400C4F20200006800F00201DD
:102D50000020B0EB510F0CD1FFE7FFF703FC039904
:102D6000401A032804D3FFE703208DF81700DEE1A3
:102D7000E7E722E040F68061C4F2472100200860C6
:102D8000FFF7F0FB0390FFE743F67400C4F2020084
:102D9000006800F002010020B0EB510F0CD0FFE7FB
:102DA000FFF7E0FB0399401A032804D3FFE7032051
:102DB0008DF81700BBE1E7E7FFE7FFE7049800782D
:102DC0004007002840F1CE80FFE700208DF8070083
:102DD00043F64000C4F202000068C000002815D489
:102DE000FFE7FFE70020009043F64000C4F2020036
:102DF000016841F080510160006800F0805000904F
:102E00000098FFE701208DF80700FFE747F2000078
:102E1000C4F200000068C005002822D4FFE747F292
:102E20000001C4F20001086840F480700860FFF7F8
:102E300099FB0390FFE747F20000C4F2000000682E
:102E4000C00500280CD4FFE7FFF78CFB0399401A5C
:102E5000032804D3FFE703208DF8170067E1EAE7B2
:102E6000FFE7FFE704988068012809D1FFE743F6F0
:102E70007001C4F20201086840F0010008601FE020
:102E80000498806805280DD1FFE743F67001C4F26D
:102E90000201086840F004000860086840F0010082
:102EA00008600CE043F67001C4F20201086820F0EB
:102EB00001000860086820F004000860FFE7FFE7F1
:102EC000FFE704988068F8B1FFE7FFF74BFB03903A
:102ED000FFE743F67000C4F20200006800F0020150
:102EE0000020B0EB510F0ED1FFE7FFF73BFB03993A
:102EF000401A41F28931884204D3FFE703208DF85C
:102F0000170014E1E5E71EE0FFF72CFB0390FFE755
:102F100043F67000C4F20200006800F002010020D5
:102F2000B0EB510F0ED0FFE7FFF71CFB0399401ADF
:102F300041F28931884204D3FFE703208DF817005E
:102F4000F5E0E5E7FFE79DF80700012809D1FFE775
:102F500043F64001C4F20201086820F08050086086
:102F6000FFE7FFE704988069002800F0DC80FFE7B6
:102F700043F60800C4F20200006800F00C000828C4
:102F800000F08580FFE70498806902285CD1FFE7A4
:102F90006021C4F2472100200860FFF7E3FA0390A4
:102FA000FFE743F60000C4F20200006800F0007181
:102FB0000020B0EB516F0CD0FFE7FFF7D3FA039975
:102FC000401A032804D3FFE703208DF81700AEE072
:102FD000E7E70499C869D1F820C04B6A8A6A40EAD9
:102FE0000C0040EA8310D2034FF6FF739A43A2F518
:102FF00080321043C96A40EA016043F60401C4F21A
:10300000020108606021C4F2472101200860FFF737
:10301000A9FA0390FFE743F60000C4F2020000683B
:1030200000F000710020B0EB516F0CD1FFE7FFF70B
:1030300099FA0399401A032804D3FFE703208DF877
:10304000170074E0E7E721E06021C4F24721002087
:103050000860FFF787FA0390FFE743F60000C4F229
:103060000200006800F000710020B0EB516F0CD03E
:10307000FFE7FFF777FA0399401A032804D3FFE725
:1030800003208DF8170052E0E7E7FFE74AE00498D5
:103090008069012804D1FFE701208DF8170046E080
:1030A00043F60400C4F202000068029004988069AC
:1030B000012831D0FFE7029800F480000499C96923
:1030C000884229D1FFE7029800F03F000499096A7D
:1030D000884221D1FFE7029847F6C0710840049961
:1030E000496AB0EB811F17D1FFE7029800F4403026
:1030F0000499896AC9034FF6FF729143A1F58031A3
:10310000884209D1FFE7029800F070600499C96A0B
:10311000B0EB016F04D0FFE701208DF8170006E047
:10312000FFE7FFE7FFE700208DF81700FFE79DF8B6
:10313000170006B080BD000080B582B001900198F4
:1031400007F0FAF902B080BD81B0009001B070477D
:1031500081B0009001B0704784B0029001910020CE
:103160000090FFE7029890F83C00012804D1FFE7A7
:1031700002208DF80F0044E00299012081F83C0004
:10318000FFE7FFE7009820F0FF000199C9680843B6
:103190000090009820F440700199896808430090DD
:1031A000009820F4806001994968084300900098D5
:1031B00020F400600199096808430090009820F409
:1031C00080500199096908430090009820F400504C
:1031D0000199496908430090009820F480400199C2
:1031E000C969084300900098029909684864FFE79C
:1031F0000299002081F83C00FFE700208DF80F00C5
:10320000FFE79DF80F0004B07047000085B0039001
:103210000291FFE7039890F83C00012804D1FFE7F2
:1032200002208DF813007EE00399012081F83C0014
:10323000FFE7FFE70399022081F83D00039800684B
:10324000406801900398006880680090019820F021
:10325000700001900298016801980843019001985C
:10326000039909684860039800680021C4F20101CD
:1032700088423CD0FFE703980068B0F1804F36D019
:10328000FFE70398006840F20041C4F20001884261
:103290002DD0FFE70398006840F60001C4F200015A
:1032A000884224D0FFE70398006840F60041C4F24A
:1032B000000188421BD0FFE70398006840F20041FC
:1032C000C4F20101884212D0FFE70398006844F27B
:1032D0000001C4F20101884209D0FFE703980068A9
:1032E00041F60001C4F2000188420ED1FFE70098C8
:1032F00020F08000009002984168009808430090F8
:103300000098039909688860FFE70399012081F814
:103310003D00FFE70399002081F83C00FFE7002013
:103320008DF81300FFE79DF8130005B0704700000B
:1033300080B582B00090009820B9FFE701208DF899
:1033400007003FE0009890F83D0040B9FFE7009982
:10335000002081F83C00009800F038F8FFE7009961
:10336000022081F83D00009951F8040B07F082F922
:103370000099012081F84600FFE70099012081F8BB
:103380003E00009981F83F00009981F840000099C3
:1033900081F84100FFE7FFE70099012081F8420032
:1033A000009981F84300009981F84400009981F860
:1033B0004500FFE70099012081F83D0000208DF8CD
:1033C0000700FFE79DF8070002B080BD80B586B01A
:1033D00005900598006840F60041C4F2000188425B
:1033E00012D1FFE7FFE70020049043F64000C4F24B
:1033F0000200016841F008010160006800F0080067
:1034000004900498FFE740E00598006841F200014D
:10341000C4F2000188421BD1FFE7FFE700200390C0
:1034200043F64000C4F20200016841F0100101605F
:10343000006800F0100003900398FFE73620019029
:1034400001210022FFF726F90198FFF719F91BE087
:103450000598006840F20041C4F20101884212D18F
:10346000FFE7FFE70020029043F64400C4F20200A9
:10347000016841F002010160006800F00200029062
:103480000298FFE7FFE7FFE7FFE706B080BD000017
:1034900083B00190019890F83D00012804D0FFE727
:1034A00001208DF80B006AE00199022081F83D00AF
:1034B00001980168C86840F00100C8600198006880
:1034C0000021C4F2010188423CD0FFE70198006866
:1034D000B0F1804F36D0FFE70198006840F200411C
:1034E000C4F2000188422DD0FFE70198006840F641
:1034F0000001C4F20001884224D0FFE7019800686F
:1035000040F60041C4F2000188421BD0FFE7019859
:10351000006840F20041C4F20101884212D0FFE786
:103520000198006844F20001C4F20101884209D008
:10353000FFE70198006841F60001C4F200018842EB
:1035400012D1FFE701980068806800F00700009042
:103550000098062807D0FFE701980168086840F046
:1035600001000860FFE706E001980168086840F084
:1035700001000860FFE700208DF80B00FFE79DF8D1
:103580000B0003B07047000080B586B00490039133
:1035900000208DF80B00FFE7049890F83C0001280C
:1035A00004D1FFE702208DF81700ABE00499012059
:1035B00081F83C00FFE7FFE70499022081F83D0015
:1035C0000498006880680190019820F077000190CD
:1035D000019820F47F40019001980499096888605F
:1035E000039800680090002872D0FFE70098102828
:1035F0006ED0FFE7009820286AD0FFE700983028B7
:1036000066D0FFE70098402855D0FFE70098502883
:1036100037D0FFE70098602840D0FFE70098702877
:103620000BD0FFE70098B0F5805F05D0FFE700986A
:10363000B0F5005F16D052E055E004980068039B97
:103640005A689968DB6807F003F904980068806895
:103650000190019840F07700019001980499096861
:10366000886040E004980068039B5A689968DB68AA
:1036700007F0EEF804980168886840F4804088609C
:1036800031E004980068039A5168D26807F0CCFAD8
:1036900004980068502107F0F5F824E004980068C9
:1036A000039A5168D26807F0E7FA0498006860212D
:1036B00007F0E8F817E004980068039A5168D268A8
:1036C00007F0B2FA04980068402107F0DBF80AE03E
:1036D000049800680399096807F0D4F803E0012012
:1036E0008DF80B00FFE70499012081F83D00FFE70A
:1036F0000499002081F83C00FFE79DF80B008DF84D
:103700001700FFE79DF8170006B080BD80B586B0B2
:1037100004900391049820B9FFE701208DF8170069
:1037200088E0049890F83D0040B9FFE70499002034
:1037300081F83C00049800F081F8FFE7049902202A
:1037400081F83D0004980168886844F207029043BC
:103750008860049951F8040B06F08CFF0498006807
:10376000806802900498006880690190049800685D
:10377000006A00900398016802980843029001983B
:1037800040F203318843019003998868896940EACF
:103790000121019808430190019840F60C418843AB
:1037A000019001984FF2F001884301900399C86895
:1037B000C96940EA01210198084301900399086909
:1037C000096A000140EA013101980843019000981C
:1037D00020F022000090009820F0880000900399CB
:1037E0004868496940EA011100980843009002982E
:1037F00004990968886001980499096888610098AB
:103800000499096808620499012081F84600049926
:1038100081F83E00049981F83F00049981F8420044
:10382000049981F84300049981F83D0000208DF847
:103830001700FFE79DF8170006B080BD80B594B073
:10384000139000201290119010900F900E901398EA
:1038500000680021C4F20101884234D1FFE7FFE78C
:1038600000200D9043F64400C4F20200016841F0CC
:1038700001010160006800F001000D900D98FFE764
:10388000FFE700200C9043F63000C4F2020001680C
:1038900041F010010160006800F010000C900C98DD
:1038A000FFE74FF420600E9002200F900020109050
:1038B00011900120129041F20000C4F202000EA902
:1038C000FEF744FCD8E013980068B0F1804F59D15E
:1038D000FFE7FFE700200B9043F64000C4F2020030
:1038E000016841F001010160006800F001000B90E7
:1038F0000B98FFE7FFE700200A9043F63000C4F280
:103900000200016841F001010160006800F001005F
:103910000A900A98FFE7FFE70020099043F630007D
:10392000C4F20200016841F002010160006800F089
:10393000020009900998FFE720200E9002200190D4
:103940000F9000200290109011900120039012908F
:103950000020C4F202000EA90491FEF7F7FB019BC0
:10396000029A039804994FF0080CCDF838C00F93D1
:1039700010921192129040F20040C4F20200FEF741
:10398000E5FB78E01398006840F20041C4F20001C2
:10399000884232D1FFE7FFE70020089043F640005D
:1039A000C4F20200016841F002010160006800F009
:1039B000020008900898FFE7FFE70020079043F611
:1039C0003000C4F20200016841F0020101600068A9
:1039D00000F0020007900798FFE730200E900220C9
:1039E0000F90002110911191129040F20040C4F20A
:1039F00002000EA9FEF7AAFB3CE01398006840F60F
:103A00000001C4F20001884233D1FFE7FFE7002044
:103A1000069043F64000C4F20200016841F0040140
:103A20000160006800F0040006900698FFE7FFE7D9
:103A30000020059043F63000C4F20200016841F016
:103A400008010160006800F0080005900598FFE794
:103A50004FF440500E9002200F90002110911191D0
:103A6000129040F60040C4F202000EA9FEF76EFB71
:103A7000FFE7FFE7FFE7FFE714B080BD80B586B042
:103A800004900391049890F83E008DF80B00049880
:103A900090F83F008DF80A00049890F842008DF8E5
:103AA0000900049890F843008DF808000398B8B90D
:103AB000FFE79DF80B00012805D1FFE79DF80900FD
:103AC000012804D0FFE701208DF8170079E0049960
:103AD000022081F83E00049981F84200FFE742E0AD
:103AE0000398042817D1FFE79DF80A00012805D1A3
:103AF000FFE79DF80800012804D0FFE701208DF8BA
:103B000017005EE00499022081F83F00049981F8D3
:103B10004300FFE726E09DF80B0001280FD1FFE7E7
:103B20009DF80A0001280AD1FFE79DF80900012845
:103B300005D1FFE79DF80800012804D0FFE7012028
:103B40008DF817003DE00499022081F83E000499A9
:103B500081F83F00049981F84200049981F84300FC
:103B6000FFE7FFE7FFE70398019020B1FFE7019827
:103B7000042807D00DE0049800680021012206F017
:103B80004BFE14E0049800680421012206F044FE74
:103B90000DE00498006800210122009206F03CFE2E
:103BA000009A04980068042106F036FEFFE70498A6
:103BB0000168086840F00100086000208DF81700D7
:103BC000FFE79DF8170006B080BD000081B00090AF
:103BD00001B0704780B584B0039003980068C06856
:103BE000029003980068006901909DF80400800726
:103BF000002824D5FFE79DF80800800700281DD580
:103C0000FFE7039801686FF0020008610399012043
:103C10000877039800688069800720B1FFE7039860
:103C2000FFF7D4FF06E0039800F044F9039800F092
:103C300039FAFFE7039900200877FFE7FFE79DF8CF
:103C400004004007002825D5FFE79DF8080040073D
:103C500000281ED5FFE7039801686FF00400086193
:103C600003990220087703980068806910F4407F68
:103C700004D0FFE70398FFF7A9FF06E0039800F0E0
:103C800019F9039800F00EFAFFE70399002008776E
:103C9000FFE7FFE79DF804000007002824D5FFE7B1
:103CA0009DF80800000700281DD5FFE7039801686C
:103CB0006FF00800086103990420087703980068F2
:103CC000C069800720B1FFE70398FFF77FFF06E098
:103CD000039800F0EFF8039800F0E4F9FFE7039988
:103CE00000200877FFE7FFE79DF80400C0060028E2
:103CF00025D5FFE79DF80800C00600281ED5FFE780
:103D0000039801686FF01000086103990820087794
:103D100003980068C06910F4407F04D0FFE703985F
:103D2000FFF754FF06E0039800F0C4F8039800F092
:103D3000B9F9FFE7039900200877FFE7FFE79DF84F
:103D40000400C00778B1FFE79DF80800C00748B13C
:103D5000FFE7039801686FF001000861039800F025
:103D60008BFAFFE7FFE79DF804000006002810D556
:103D7000FFE79DF808000006002809D5FFE7039833
:103D800001686FF0800008610398FFF7DDF9FFE735
:103D9000FFE79DF804004006002810D5FFE79DF8D6
:103DA00008004006002809D5FFE7039801686FF076
:103DB00040000861039800F071FAFFE7FFE79DF803
:103DC00004008006002810D5FFE79DF80800800653
:103DD000002809D5FFE7039801686FF0200008610B
:103DE0000398FFF7B5F9FFE7FFE704B080BD0000D7
:103DF00080B588B00790002006900590049003904D
:103E000002900798006840F60041C4F20001884221
:103E100020D1FFE7FFE70020019043F63000C4F215
:103E20000200016841F001010160006800F001003A
:103E300001900198FFE70F200290022003900021DB
:103E40000491059106900020C4F2020002A9FEF739
:103E50007DF92CE00798006840F20041C4F20101AE
:103E6000884223D1FFE7FFE70020009043F63000AF
:103E7000C4F20200016841F004010160006800F032
:103E8000040000900098FFE74FF4007002900220B9
:103E900003900020049005900320069040F6000057
:103EA000C4F2020002A9FEF751F9FFE7FFE708B0EC
:103EB00080BD000081B0009001B0704780B586B031
:103EC00004900391029200208DF80700FFE7049808
:103ED00090F83C00012804D1FFE702208DF817007C
:103EE00089E00499012081F83C00FFE7FFE7029890
:103EF00000900C2800F270800099DFE801F0076D57
:103F00006D6D206D6D6D3A6D6D6D53000498006898
:103F1000039906F0CDFC04980168886940F0080018
:103F2000886104980168886920F00400886103981A
:103F300002690498016888691043886150E0049818
:103F40000068039906F02AFD04980168886940F426
:103F50000060886104980168886920F48060886145
:103F60000398026904980168886940EA0220886120
:103F700036E004980068039906F08AFD0498016809
:103F8000C86940F00800C86104980168C86920F059
:103F90000400C8610398026904980168C869104365
:103FA000C8611DE004980068039906F0EBFD0498D1
:103FB0000168C86940F40060C86104980168C86974
:103FC00020F48060C8610398026904980168C86998
:103FD00040EA0220C86103E001208DF80700FFE7F6
:103FE000FFE70499002081F83C00FFE79DF80700F7
:103FF0008DF81700FFE79DF8170006B080BD0000A0
:1040000080B582B00090009820B9FFE701208DF8BC
:1040100007003FE0009890F83D0040B9FFE70099A5
:10402000002081F83C00009800F038F8FFE7009984
:10403000022081F83D00009951F8040B06F01AFBAC
:104040000099012081F84600FFE70099012081F8DE
:104050003E00009981F83F00009981F840000099E6
:1040600081F84100FFE7FFE70099012081F8420055
:10407000009981F84300009981F84400009981F883
:104080004500FFE70099012081F83D0000208DF8F0
:104090000700FFE79DF8070002B080BD81B00090E7
:1040A00001B0704781B0009001B0704780B58CB00E
:1040B0000A900991099828B9FFE70A9890F83E00FC
:1040C00007901CE00998042805D1FFE70A9890F8AA
:1040D0003F00069010E00998082805D1FFE70A98EC
:1040E00090F84000059004E00A9890F8410005908F
:1040F000FFE705980690FFE706980790FFE7079807
:10410000012804D0FFE701208DF82F00AFE00998C7
:1041100028B9FFE70A99022081F83E001EE00998BD
:10412000042806D1FFE70A99022081F83F00049095
:1041300012E00998082806D1FFE70A99022081F8C1
:104140004000039005E00A99022081F841000390A5
:10415000FFE703980490FFE70498FFE70A980068D8
:1041600009990122019206F057FB01980A99096802
:104170000022C4F20102914202900CD0FFE70A989B
:1041800000684FF60041CBF6FE710844B0FA80F0AB
:1041900040090290FFE70298C00738B1FFE70A988C
:1041A0000168486C40F400404864FFE70A980068E2
:1041B0000021C4F2010188423CD0FFE70A98006860
:1041C000B0F1804F36D0FFE70A98006840F2004116
:1041D000C4F2000188422DD0FFE70A98006840F63B
:1041E0000001C4F20001884224D0FFE70A98006869
:1041F00040F60041C4F2000188421BD0FFE70A9854
:10420000006840F20041C4F20101884212D0FFE789
:104210000A98006844F20001C4F20101884209D002
:10422000FFE70A98006841F60001C4F200018842E5
:1042300012D1FFE70A980068806800F00700089034
:104240000898062807D0FFE70A980168086840F038
:1042500001000860FFE706E00A980168086840F07E
:1042600001000860FFE700208DF82F00FFE79DF8B0
:104270002F000CB080BD000080B582B00190019885
:10428000006841F20001C4F20001884203D1FFE757
:1042900001F096FCFFE702B080BD000081B0009005
:1042A00001B0704780B586B004900391ADF80A2044
:1042B000049890F84200202848D1FFE7039820B1E5
:1042C000FFE7BDF80A0020B9FFE701208DF81700CD
:1042D00040E0049901200863049900204863049891
:1042E0000399BDF80A2006F0E7FF8DF8090004984D
:1042F000006B012821D1FFE7FFE70020019004981F
:104300000068006801900498006840680190019876
:10431000FFE7FFE7FFE70498006850E8030F40F06D
:1043200010000090FFE700990498026842E803102B
:104330000028F0D1FFE7FFE703E001208DF8090036
:10434000FFE79DF809008DF8170003E002208DF8C3
:104350001700FFE79DF8170006B080BD80B586B056
:104360000590ADF812100598006844F60001C4F2FB
:104370000001884201D0FFE7A0E0BDF8120000284C
:1043800000F09180FFE7BDF81200B0F5807F04D9FE
:10439000FFE74FF48070029003E0BDF81200029036
:1043A000FFE70298ADF81000BDF81200B0F5807F6D
:1043B00007D9FFE740F64C51C2F200010120087016
:1043C000FFE740F64D50C2F20000007803283AD8CB
:1043D000FFE740F64E50C2F20000007840F64D5123
:1043E000C2F20001097808448DF80F009DF80F0013
:1043F000042806D3FFE79DF80F0004388DF80F005E
:10440000FFE79DF80F1040F64C10C2F2000000EBE1
:104410000120BDF8102040F64401C2F20001FCF773
:1044200033F8BDF810009DF80F2040F64411C2F299
:10443000000121F8120040F64D51C2F20001087847
:10444000013008702EE040F64E50C2F2000001909C
:1044500000788DF80F009DF80F1040F64C10C2F256
:10446000000000EB0120BDF8102040F64401C2F22C
:104470000001FCF709F8BDF810009DF80F2040F688
:104480004411C2F2000121F812009DF80F0005F05E
:10449000D1FD0199087040F64C51C2F20001012093
:1044A0000870FFE7FFE705F085FE38B1FFE740F64B
:1044B0004F51C2F2000101200870FFE706B080BD35
:1044C00080B582B001900198006844F60001C4F202
:1044D0000001884201D0FFE735E040F64C51C2F2BE
:1044E00000010120087040F65270C2F200000088FE
:1044F000F0B1FFE7019890F84100202818D1FFE7BC
:1045000040F65271C2F200010020088040F654715A
:10451000C2F200010120087005F058FF38B1FFE732
:1045200040F65471C2F2000101200870FFE7FFE776
:1045300005F040FE38B1FFE740F64F51C2F20001EE
:1045400001200870FFE702B080BD000080B592B086
:104550001190119800680068109011980068C06868
:104560000F901198006840690E9000200D900C90FB
:10457000109800F00F000D900D9888B9FFE79DF896
:104580004000800600280AD5FFE79DF83C00800621
:10459000002804D5FFE7119806F03CFD02E2FFE792
:1045A0000D98002800F0C280FFE79DF83800C00792
:1045B00038B9FFE7BDF83C0010F4907F00F0B680FA
:1045C000FFE79DF84000C00758B1FFE79DF83D00A8
:1045D000C00730B1FFE71199486C40F00100486412
:1045E000FFE79DF84000400700280BD5FFE79DF846
:1045F0003800C00730B1FFE71199486C40F0020065
:104600004864FFE79DF84000800700280BD5FFE7CE
:104610009DF83800C00730B1FFE71199486C40F0B1
:1046200004004864FFE79DF840000007002811D50A
:10463000FFE79DF83C008006002805D4FFE79DF8C1
:104640003800C00730B1FFE71199486C40F008000E
:104650004864FFE71198406C002866D0FFE79DF89A
:104660004000800600280AD5FFE79DF83C00800640
:10467000002804D5FFE7119806F0CCFCFFE711985D
:1046800000684069C0F380100C901198406C0007DE
:10469000002804D4FFE70C9800283ED0FFE71198CB
:1046A00006F03EFC119800684069400600282FD5AE
:1046B000FFE7FFE7FFE71198006850E8050F20F0DB
:1046C00040000B90FFE70B991198026842E8051033
:1046D0000028F0D1FFE7FFE71198C06B98B1FFE722
:1046E0001198C16B4AF6CD40C0F6000008651198DC
:1046F000C06BFDF7E7F928B1FFE71198C06B016DBA
:104700008847FFE703E01198FFF7DAFEFFE703E0D1
:104710001198FFF7D5FEFFE706E01198FFF7D0FEEE
:10472000119900204864FFE7FFE73BE11198006B17
:10473000012840F01781FFE79DF84000C0060028DF
:1047400040F11081FFE79DF83C00C006002840F1D1
:104750000981FFE7FFE700200A90119800680068D0
:104760000A901198006840680A900A98FFE711982B
:10477000006840694006002840F19A80FFE71198E0
:10478000C06B00684068ADF82600BDF82600002820
:1047900075D0FFE7BDF826001199898D88426EDA41
:1047A000FFE7BDF826001199C8851198C06BC06954
:1047B000B0F5807F58D0FFE7FFE7FFE7119800686A
:1047C00050E8030F20F480700890FFE708991198D3
:1047D000026842E803100028F0D1FFE7FFE7FFE797
:1047E000FFE71198006850E8050F20F001000790DE
:1047F000FFE707991198026842E805100028F0D1F8
:10480000FFE7FFE7FFE7FFE71198006850E8050FB3
:1048100020F040000690FFE706991198026842E8F0
:1048200005100028F0D1FFE7FFE71199202081F85B
:104830004200119900200863FFE7FFE71198006824
:1048400050E8030F20F010000590FFE7059911983C
:10485000026842E803100028F0D1FFE7FFE7119853
:10486000C06BFDF7B9F8FFE7119902204863119872
:10487000818DC28D891A89B2FFF770FD17E0BDF8EE
:1048800026001199898D884210D1FFE71198C06BDD
:10489000C069B0F5807F08D1FFE711990220486315
:1048A0001198818DFFF75AFDFFE7FFE7FFE779E0F9
:1048B0001199888DC98D401AADF812001198C08DDC
:1048C00000284ED0FFE7BDF81200002849D0FFE7CE
:1048D000FFE7FFE71198006850E8030F20F490709D
:1048E0000390FFE703991198026842E8031000283B
:1048F000F0D1FFE7FFE7FFE7FFE71198006850E816
:10490000050F20F001000290FFE70299119802685C
:1049100042E805100028F0D1FFE7FFE711992020B9
:1049200081F84200119900200863FFE7FFE7119822
:10493000006850E8030F20F010000190FFE7019994
:104940001198026842E803100028F0D1FFE7FFE762
:104950001199022048631198BDF81210FFF7FEFC70
:10496000FFE71FE09DF84000000600280AD5FFE79A
:104970009DF83C000006002804D5FFE7119806F0DA
:1049800033FD0FE09DF84000400600280AD5FFE700
:104990009DF83C004006002804D5FFE7119806F07A
:1049A00009FBFFE712B080BD80B582B0009000988F
:1049B00020B9FFE701208DF8070040E000988069EA
:1049C00008B1FFE700E0FFE7009890F8410040B928
:1049D000FFE70099002081F84000009800F034F8CB
:1049E000FFE70099242081F8410000980168C86819
:1049F00020F40050C860009806F0C0FB00980168E1
:104A0000086920F49040086100980168486920F026
:104A10002A00486100980168C86840F40050C860E6
:104A2000009900204864009A202182F84110009AE1
:104A300082F84210009948638DF80700FFE79DF85F
:104A4000070002B080BD000080B58CB00B90002044
:104A50000A9009900890079006900B98006844F619
:104A60000001C4F20001884240F09380FFE7FFE7B5
:104A70000020059043F64000C4F20200016841F4B2
:104A800080210160006800F4802005900598FFE710
:104A9000FFE70020049043F63000C4F202000168F2
:104AA00041F002010160006800F0020004900498E7
:104AB000FFE74FF44060069002200790002002902C
:104AC00008900320099007200A9040F20040C4F2A9
:104AD000020006A9FDF73AFB029940F6AC70C2F25B
:104AE0000000039046F22802C4F2020202604FF076
:104AF000006242608160C1604FF480620261416186
:104B00008161C16101624162FDF78EF918B1FFE771
:104B1000FCF75EFFFFE7FFE70B9840F6AC71C2F2CF
:104B20000001C1630B988863FFE741F20C00C2F2F9
:104B30000000019046F25801C4F2020101604FF0FA
:104B400000614160402181600021C1604FF48062BA
:104B5000026141618161C16101624162FDF764F9F5
:104B600018B1FFE7FCF734FFFFE7FFE70B9841F2CE
:104B70000C01C2F2000181630B988863FFE72720D4
:104B8000009000221146FDF785FD0098FDF778FDA5
:104B9000FFE70CB080BD000081B0009001B070470D
:104BA00081B0009001B0704780B586B00490039149
:104BB000ADF80A20049890F8410020286AD1FFE758
:104BC000039820B1FFE7BDF80A0020B9FFE70120F4
:104BD0008DF8170062E0039804990862BDF80A0096
:104BE00004998884BDF80A000499C88404990020B7
:104BF0004864049A212182F8411004998A6B4AF68C
:104C00008D61C0F60001D16304998A6B4AF609717F
:104C1000C0F60001116404998A6B4AF6E941C0F6B6
:104C20000001D1640499896B086503A80190049878
:104C30000268806B019909680432BDF80A30FDF7FB
:104C4000ABF958B1FFE7049910204864049920207B
:104C500081F8410001208DF817001FE004980168D9
:104C60006FF040000860FFE7FFE70498006850E835
:104C7000050F40F080000090FFE70099049802685B
:104C800042E805100028F0D1FFE7FFE700208DF88B
:104C9000170003E002208DF81700FFE79DF81700CA
:104CA00006B080BD80B584B002900298006844F6DA
:104CB0000001C4F20001884201D0FFE766E0EFF393
:104CC000108003900398019072B640F65270C2F2C1
:104CD00000000088ADF80200BDF8020058B3FFE7FD
:104CE000BDF8020040F65071C2F200010988884206
:104CF00021DCFFE740F65670C2F200000188BDF8E3
:104D00000220114401800088B0F5007F09D3FFE73D
:104D100040F65671C2F200010888A0F500700880C4
:104D2000FFE740F65071C2F200010888BDF802208A
:104D3000801A088016E0BDF8020090B1FFE740F647
:104D40005671C2F200010020088040F65071C2F294
:104D50000001088040F65471C2F200010120087081
:104D6000FFE7FFE740F65271C2F200010020088021
:104D7000019805F049FA05F029FB38B1FFE740F644
:104D80005471C2F2000101200870FFE704B080BD39
:104D900081B0009001B0704780B582B040F27403DA
:104DA000C2F20003019350203F21022200F04AF991
:104DB0000198018841F2B020C2F20000016090ED3C
:104DC000000AB8EEC00A9FED211A20EE010A40F257
:104DD0007800C2F2000090ED001A9FED1D2A20EE2F
:104DE000020A30EE410A9FED1B1A30EE010A40F232
:104DF0007000C2F2000080ED000A90ED000AB4EEEF
:104E0000410AF1EE10FA0DDBFFE740F27000C2F24A
:104E1000000090ED000A9FED101A30EE010A80EDBF
:104E2000000AFFE740F27000C2F2000090ED000AB5
:104E30009FED091A30EE010A80ED000A90ED000A9C
:104E4000B1EE400A80ED000A02B080BD00000038DB
:104E5000000034430000B4430000B4C380B582B006
:104E600000F05EF86420FDF7F9F840F27403C2F236
:104E70000003019350203F21022200F0E3F8019843
:104E8000018841F2B420C2F20000016090ED000AF6
:104E9000B8EEC00A9FED071A20EE010A9FED061A30
:104EA00020EE010A40F27800C2F2000080ED000A14
:104EB00002B080BD0000003800003443FFE7FEE789
:104EC00080B584B040F28021C4F241210020086006
:104ED000FFE740F60001C4F20201086820F00C0070
:104EE0000860086840F004000860FFE740F2842191
:104EF000C4F241210020039008600120019006F0D7
:104F00002BFB019840F28021C4F2412102910860FC
:104F100006F022FB02990398086004B080BD0000EF
:104F200040F28021C4F241210120086040F2842136
:104F3000C4F241210860704780B582B040F2802100
:104F4000C4F2412100200860FFE740F60001C4F2EE
:104F50000201086820F00C000860086840F00400B6
:104F60000860FFE740F28421C4F241210120009053
:104F7000086006F0F1FA009840F28021C4F2412165
:104F80000191086006F0E8FA01990020086002B07B
:104F900080BD000080B584B08DF80F0000208DF832
:104FA0000D0040F28421C4F2412101200860FFE796
:104FB00040F60001C4F20201086820F00C0008600D
:104FC000FFE700208DF80E00FFE79DF80E00072890
:104FD0002ADCFFE740F28021C4F241210191002048
:104FE00008600120029006F0B7FA01990298086063
:104FF0009DF80D0040008DF80D0040F20420C4F231
:105000004120006830B1FFE79DF80D0001308DF8B8
:105010000D00FFE7012006F09FFAFFE79DF80E0064
:1050200001308DF80E00D0E79DF80F0018B9FFE7AA
:10503000FFF782FF02E0FFF743FFFFE79DF80D0057
:1050400004B080BD80B582B08DF806008DF80510E3
:105050008DF80420009300F09BF89DF806004000B6
:10506000C0B200F04BF800F0EFF830B1FFE700F00D
:10507000BDF801208DF807003BE09DF8050000F029
:105080003DF800F0E1F820B9FFE7012006F064FAEE
:10509000FFE700F07DF89DF8060040000130C0B247
:1050A00000F02CF800F0D0F8FFE79DF80400D0B134
:1050B000FFE79DF80400012806D1FFE70020FFF775
:1050C00069FF0099087005E00120FFF763FF009970
:1050D0000870FFE79DF8040001388DF8040000987F
:1050E00001300090E1E700F081F800208DF8070022
:1050F000FFE79DF8070002B080BD000080B584B0D6
:105100008DF80F00FFE740F60001C4F202010868C5
:1051100020F00C000860086840F004000860FFE719
:1051200040F28021C4F24121002008608DF80E0079
:10513000FFE79DF80E00072827DCFFE79DF80F002A
:10514000C00940F28421C4F2412108609DF80F009B
:1051500040008DF80F000120029006F0FDF9029842
:1051600040F28021C4F241210191086006F0F4F977
:10517000019A02980021116006F0EEF9FFE79DF810
:105180000E0001308DF80E00D3E704B080BD0000A2
:1051900080B584B0FFE740F60001C4F20201086860
:1051A00020F00C000860086840F004000860FFE789
:1051B00040F28421C4F2412100910120086040F2B4
:1051C0008021C4F24121029108600220019006F082
:1051D000C3F9009A019800210391116006F0BCF90F
:1051E00002990398086004B080BD000080B584B0C7
:1051F000FFE740F60001C4F20201086820F00C004D
:105200000860086840F004000860FFE740F2802171
:10521000C4F2412101910020086040F28421C4F2CF
:105220004121029108600120039006F095F901994F
:105230000398086006F090F902990398086006F058
:105240008BF904B080BD000080B582B000208DF8DD
:105250000600FFE740F60001C4F20201086820F0F2
:105260000C000860FFE740F28421C4F241210120D4
:105270000090086006F070F9009840F28021C4F2B6
:105280004121086006F068F9FFE740F20420C4F20B
:105290004120006888B1FFE79DF8060001308DF8D5
:1052A00006009DF80600FB2806DBFFE7FFF79EFFE0
:1052B00001208DF8070009E0E7E740F28021C4F201
:1052C0004121002008608DF80700FFE79DF80700E6
:1052D00002B080BD80B584B0FFE70020039043F6A4
:1052E0003000C4F20200016841F40011016000685E
:1052F00000F4001003900398FFE70C2000900022B8
:1053000001921146FDF7C6F90098FDF7B9F9019A27
:105310000E2002901146FDF7BDF90298FDF7B0F995
:1053200004B080BD80B59CB000201B901A901990ED
:1053300018901790FFE70020169043F63000C4F253
:105340000200016841F020010160006800F02000C7
:1053500016901698FFE7FFE70020159043F63000FF
:10536000C4F20200016841F080010160006800F0B1
:10537000800015901598FFE7FFE70020149043F692
:105380003000C4F20200016841F0040101600068CD
:1053900000F0040014901498FFE7FFE7002013903A
:1053A00043F63000C4F20200016841F001010160DF
:1053B000006800F0010013901398FFE7FFE700205A
:1053C000129043F63000C4F20200016841F040013F
:1053D0000160006800F0400012901298FFE7FFE7BC
:1053E0000020119043F63000C4F20200016841F041
:1053F00010010160006800F0100011901198FFE7A3
:10540000FFE70020109043F63000C4F2020001686C
:1054100041F002010160006800F002001090109855
:10542000FFE7FFE700200F9043F63000C4F20200D0
:10543000016841F008010160006800F008000F9069
:105440000F98FFE741F20040C4F2020001904EF2D3
:105450001801009100220D92FDF76CF80D9A40F6AC
:105460000000C4F20200039003210291FDF762F8EC
:105470000D9A41F60000C4F202000890F121049157
:10548000FDF758F80D9A41F20000C4F202000B90AB
:1054900080210691FDF74EF80D9A40F60040C4F2C7
:1054A0000200079001210A91FDF744F8009B019842
:1054B0000A9A0D991793189219911A9117A90C919C
:1054C000FCF744FE029B03980A9A0C991793112348
:1054D00018931992022205921A92FCF737FEDDF812
:1054E00010C008980A9B0C990D9ACDF85CC01893CF
:1054F00019921A92FCF72AFEDDF814C008980A9A4D
:105500000C990D9BCDF85CC018931992FCF71EFE08
:10551000DDF818C00A9B0B980C990D9ACDF85CC069
:10552000189319921A92FCF711FE0C990D984FF4EA
:105530004072099217924FF4441218921990002069
:10554000C4F20200FCF702FE07980A9B0C990D9A20
:105550001793189319921A92FCF7F8FD07980C9973
:105560000D9AC023179318921992FCF7EFFD089833
:105570000C990D9A4FF40C43179318921992FCF75B
:10558000E5FD099A0C990D9817921890199040F220
:105590000040C4F20200FCF7D9FD0A9B0B980C995D
:1055A0000D9A179318921992FCF7D0FD0D9A1720B7
:1055B0000E901146FDF76EF80E98FDF761F81CB0DD
:1055C00080BD000080B58EB005A800902421FBF7B7
:1055D00004F80099002201920492039241F26C00B7
:1055E000C2F2000002900023C4F201030360426093
:1055F00082604FF6FF73C3600261426182610323E0
:105600000593069201230793089209920A920B933D
:105610000C920D92FEF77AF818B1FFE7FCF7D8F973
:10562000FFE700200390049041F26C00C2F20000FA
:1056300003A9FDF7EBFD18B1FFE7FCF7C9F9FFE798
:105640000EB080BD80B58EB005A801902421FAF778
:10565000C4FF0199002202920492039241F2B40025
:10566000C2F200004FF080430360426082604FF05E
:10567000FF33C36002618261032305930692012315
:105680000793089209920A920B930C920D92FEF7DF
:105690003DF818B1FFE7FCF79BF9FFE70020039006
:1056A000049041F2B400C2F2000003A9FDF7AEFD80
:1056B00018B1FFE7FCF78CF9FFE70EB080BD0000E2
:1056C00080B58EB005A801902421FAF786FF0199D4
:1056D000002202920492039241F2FC00C2F2000006
:1056E00040F20043C4F200030360426082604FF660
:1056F000FF73C36002618261032305930692012355
:105700000793089209920A920B930C920D92FDF75F
:10571000FDFF18B1FFE7FCF75BF9FFE700200390FE
:10572000049041F2FC00C2F2000003A9FDF76EFDF7
:1057300018B1FFE7FCF74CF9FFE70EB080BD0000A1
:1057400080B58EB005A801902421FAF746FF019993
:10575000002202920492039241F24410C2F200002D
:1057600040F60003C4F200030360426082604FF61B
:10577000FF73C360026182610323059306920123D4
:105780000793089209920A920B930C920D92FDF7DF
:10579000BDFF18B1FFE7FCF71BF9FFE700200390FE
:1057A000049041F24410C2F2000003A9FDF72EFD5F
:1057B00018B1FFE7FCF70CF9FFE70EB080BD000061
:1057C00080B58EB0002100910D910C910B910A9142
:1057D0000991089107910691059104910391029115
:1057E000019141F28C10C2F2000040F60042C4F276
:1057F0000002026003224260816040F2E732C26030
:1058000001618161FDF794FD18B1FFE7FCF7E0F855
:10581000FFE74FF480500A9041F28C10C2F2000072
:105820000AA9FDF7B1FE18B1FFE7FCF7D1F8FFE7D1
:1058300041F28C10C2F20000FEF7E2FB18B1FFE764
:10584000FCF7C6F8FFE700200890099041F28C10A1
:10585000C2F2000008A9FDF7D9FC18B1FFE7FCF778
:10586000B7F8FFE7602001900022029203920592B0
:1058700041F28C10C2F2000001A9FEF71FFB18B123
:10588000FFE7FCF7A5F8FFE741F28C10C2F2000039
:1058900001A90422FEF712FB18B1FFE7FCF798F804
:1058A000FFE741F28C10C2F2000001A90822FEF7C6
:1058B00005FB18B1FFE7FCF78BF8FFE741F28C100E
:1058C000C2F2000001A90C22FEF7F8FA18B1FFE7B6
:1058D000FCF77EF8FFE741F28C10C2F20000FEF701
:1058E00087FA0EB080BD000080B582B00021019122
:1058F000009141F2D410C2F2000041F20002C4F261
:105900000002026041F26702426081606322C2606D
:105910008161FDF70DFD18B1FFE7FCF759F8FFE7CE
:1059200000200090019041F2D410C2F200006946BC
:10593000FDF76CFC18B1FFE7FCF74AF8FFE702B08F
:1059400080BD000080B598B000210191179116919B
:105950001591149113911291119110910F910E9133
:105960000D910C910B910A91099108910791069163
:1059700005910491039141F21C20C2F200000290B3
:1059800040F20042C4F201020260032242608160E0
:1059900040F2E732C260016141618161FDF7C8FCFC
:1059A00018B1FFE7FCF714F8FFE74FF480501490AC
:1059B00041F21C20C2F2000014A9FDF7E5FD18B168
:1059C000FFE7FCF705F8FFE741F21C20C2F20000F8
:1059D000FEF716FB18B1FFE7FBF7FAFFFFE7002021
:1059E0001290139041F21C20C2F2000012A9FDF7A0
:1059F0000DFC18B1FFE7FBF7EBFFFFE760200B9012
:105A000000200C900D900F901090119041F21C20EE
:105A1000C2F200000BA90C22FEF750FA18B1FFE702
:105A2000FBF7D6FFFFE70020039004900590069057
:105A300007904FF4005108910A9041F21C20C2F2E5
:105A4000000003A9FDF788FB18B1FFE7FBF7C0FFD3
:105A5000FFE741F21C20C2F20000FEF7C9F918B0BE
:105A600080BD000080B582B041F26420C2F2000027
:105A7000019044F60001C4F2000101604FF4E131ED
:105A8000416000218160C16001610C22426181613D
:105A9000C161FEF789FF18B1FFE7FBF799FFFFE748
:105AA00002B080BDFFE7FEE780B584B0EFF3108061
:105AB00003900398029072B640F27D00C2F200009B
:105AC0000078022803D1FFE701F00CFC02E001F0AE
:105AD0005FFCFFE740F28C01C2F200010020087079
:105AE00040F28D01C2F20001087040F28801C2F25A
:105AF0000001086040F27D00C2F200000078032837
:105B000006D1FFE700F0D0FB012003F01BFF40E0CF
:105B100040F27D00C2F200000078042818D1FFE7AF
:105B200000F0F2FB01F000FC0120019003F00AFFFD
:105B30009FED220A03F04CFF019840F28C01C2F263
:105B40000001087040F28D01C2F2000108701FE0F0
:105B500040F27D00C2F200000078052813D1FFE773
:105B600000F0D2FB01F006FC0120009003F0EAFEF9
:105B70009FED120A03F02CFF009840F28D01C2F253
:105B80000001087003E0002003F0DCFEFFE7FFE700
:105B9000FFE740F27D00C2F2000000780338B0FA5F
:105BA00080F0400940F27C01C2F2000108700298C6
:105BB00010B9FFE762B6FFE704B080BD0000BEC2C7
:105BC00080B501F05FFA02F08BFC40F27C00C2F27B
:105BD0000000007818B1FFE700F0A2FBFFE740F2F9
:105BE0008C00C2F20000007818B1FFE700F0E0F985
:105BF000FFE740F28D00C2F20000007818B1FFE725
:105C000000F000FEFFE704F011F801F0E1FB80BDB9
:105C100081B08DF8030000208DF80200FFE79DF8A9
:105C20000200072817D8FFE79DF803009DF802201F
:105C3000904001063020002948BF312040F27D010C
:105C4000C2F2000111448870FFE79DF802000130A4
:105C50008DF80200E3E701B07047000080B582B024
:105C600000F02EF904F09EF920B1FFE701208DF835
:105C7000070067E0FFF7F2F802F06EFE28B9FFE7D1
:105C80000021084602F0CEFF06E04CF2C060C0F6EC
:105C90000000FAF7CFFBFFE702F044F920B1FFE77D
:105CA00001208DF807004DE001F072F930B1FFE7F7
:105CB00002F0E6FB01208DF8070043E003F02CFD25
:105CC00030B1FFE702F0DCFB01208DF8070039E07E
:105CD00000F0CAFA01F056FA9FED1C0ADFED1C0A2B
:105CE000B2EE041A01F0D0FA4FF4C8709FED190A11
:105CF00001F09CFA0120009001F088FA009801F070
:105D0000DFFA01F0D3FF9FED140ADFED140A03F070
:105D10000BFF18B1FFE7FBF75BFEFFE741F2D41082
:105D2000C2F20000FDF7B4FB40B1FFE703F048FF0B
:105D300002F0A6FB01208DF8070003E000208DF89B
:105D40000700FFE79DF8070002B080BD00008C420D
:105D5000000000000000C8430000AAC20000344355
:105D600080B586B0FFF718F804F07AF940F27000B9
:105D7000C2F20000006806F05BF841EC100B6846C8
:105D800080ED000B4CF23172C0F60002012103914C
:105D9000084602F075FE04F097F8039905900598FF
:105DA00044F6D352C1F26202A0FB0232930948F2D8
:105DB0001F52C5F2EB12A0FB0220400949F69A12CD
:105DC000C1F69912A0FB02C202EB8202A0EB4200D4
:105DD0006A4610604CF2FA62C0F60002022002F03D
:105DE0004FFE01F0F7FD8DF813009DF81300FFF74B
:105DF0000FFF039940F27D00C2F200000290831C65
:105E00004CF2EE62C0F60002032002F039FE00F010
:105E100017F802980399037890F801C04CF21D70AE
:105E2000C0F600004CF20972C0F60002BCF1000F8F
:105E300018BF0246042002F023FE06B080BD000019
:105E400080B582B001F058FF8DF807009DF807007B
:105E500001281AD1FFE740F27D00C2F2000040782D
:105E600098B9FFE740F27D00C2F2000001780131ED
:105E700001700078072807D3FFE740F27D01C2F2E6
:105E8000000102200870FFE717E09DF807000228D4
:105E900012D1FFE740F27D00C2F20000407858B90D
:105EA000FFE740F27D01C2F200010120487004F0DA
:105EB00045F8FFF7F9FDFFE7FFE702B080BD0000FE
:105EC00081B040F27D01C2F2000102200870002082
:105ED000487040F27C01C2F20001087040F28C016F
:105EE000C2F20001087040F28D01C2F20001087098
:105EF00040F28801C2F2000108608DF80300FFE75C
:105F00009DF80300072810D8FFE79DF8031040F222
:105F10007D00C2F20000014430208870FFE79DF848
:105F2000030001308DF80300EAE740F27D01C2F280
:105F300000010020887201B07047000082B08DED32
:105F4000000A9DED000AB5EE400AF1EE10FA03DCFE
:105F5000FFE70020019026E09DED000AB7EE001A51
:105F6000B4EE410AF1EE10FA04DBFFE74FF07E5089
:105F7000019018E09DED001A21EE010A20EE010AC1
:105F8000B1EE082A21EE022ABAEE0E3A32EE032AC8
:105F900021EE021AB2EE042A31EE021A20EE010AB4
:105FA0008DED010AFFE79DED010A02B07047000088
:105FB00080B584B040F28800C2F20000006803900F
:105FC0000398B0F5FA5F0BD3FFE701F0E1F940F277
:105FD0008C01C2F200010020087003F0CBFF57E0F3
:105FE000039840097C280DD8FFE79DED030AB8EE21
:105FF000400A9FED281A80EE010AFFF79FFF8DED02
:10600000020A23E0039840097C2804D8FFE74FF0F8
:106010007E50029019E00398A0F57A6000EE100A15
:10602000B8EE400A9FED1B1A80EE010A8DED000AC2
:106030009DED000AFFF782FFB0EE401AB7EE000AAE
:1060400030EE410A8DED020AFFE7FFE79DED020AFF
:106050009FED111A20EE010A8DED010A9DED010A56
:1060600001F092FB039841F63671884208D8FFE7A9
:1060700003980A3040F28801C2F20001086007E08C
:1060800040F28801C2F200014FF4FA500860FFE7C5
:1060900004B080BD00007A450000964382B08DEDCB
:1060A000010A9DED010AB5EE400AF1EE10FA07DA99
:1060B000FFE79DED010AB1EE400A8DED000A04E014
:1060C0009DED010A8DED000AFFE79DED000A02B08B
:1060D0007047000080B588B00690ADF8161006989D
:1060E00020B1FFE7BDF8160008B9FFE7B9E00020CE
:1060F000ADF81400FFE7BDF81400BDF81610884293
:1061000080F2AF80FFE70698BDF81410405C8DF870
:10611000130040F2E900C2F200000078A0B9FFE7E6
:106120009DF813006C280ED1FFE79DF8130040F294
:10613000DC01C2F20001087040F2E901C2F2000184
:1061400001200870FFE77AE040F2E900C2F20000A7
:106150000078012821D1FFE79DF8130079280ED19E
:10616000FFE79DF8130040F2DC01C2F20001487025
:1061700040F2E901C2F20001022008700CE09DF833
:1061800013006C2807D0FFE740F2E901C2F20001DA
:1061900000200870FFE7FFE750E09DF8131040F281
:1061A000E900C2F20000037840F2DC02C2F2000211
:1061B000D15401780131017000780D283DD1FFE7FD
:1061C00040F2DC00C2F2000004A90DF10E0200F062
:1061D0009DFD38B3FFE7EFF310800790079802901A
:1061E00072B6BDF8100040F29001C2F200010191B8
:1061F0000880BDF80E004880FCF7B4F90199C86228
:10620000486B01304863012081F83D00029810B9C5
:10621000FFE762B6FFE740F2E901C2F200010020A9
:10622000087009E040F29001C2F20001886B013071
:10623000886300F03FFEFFE7FFE7FFE7FFE740F27C
:10624000E900C2F20000007840F29001C2F20001C1
:1062500081F83C00FFE7BDF814000130ADF81400F0
:1062600049E708B080BD000080B540F2E901C2F204
:1062700000010020087040F2DC01C2F20001087346
:1062800088604860086040F29001C2F20001088016
:106290004880C8624863886381F83C0081F83D000B
:1062A00000F002F880BD000080B540F29000C2F21C
:1062B00000003221818000218160C1600161416163
:1062C0008161C161016241620022CCF2BE22826220
:1062D00080F83E1080F83F1080F8401080F84110A0
:1062E000016380F8421080F8431080F8441080F871
:1062F000451080F84610406B40F2D801C2F2000110
:10630000086000F08FFC80BD80B5FFF7CDFF40F244
:106310009001C2F200010020888000F09FFC80BD47
:1063200080B590B00BA809900020CCF2BE200F9051
:10633000FCF718F90E9040F29000C2F2000090F8BD
:10634000450018B3FFE740F29000C2F2000090F859
:106350004600D8B9FFE703F0D7F99FEDCE1A30EE2B
:10636000010AFFF79BFE9FEDCC1AB4EE410AF1EE55
:1063700010FA0BDCFFE740F29001C2F200010120AD
:1063800081F84600002003F0DDFAFFE740F29000BC
:10639000C2F2000090F83D00002800F0AE81FFE757
:1063A0000E9840F29001C2F20001C96A401AC82852
:1063B00000F2A381FFE740F29000C2F200000890D3
:1063C000B0F9020000EE100AB8EEC00ADFEDB30A21
:1063D00000F0DCFB0999089881ED020AB0F904206D
:1063E00000EE102AB8EEC00AB0F9002001EE102A23
:1063F000B8EEC11A30EE410A81ED010A90F8410071
:1064000090BBFFE740F29000C2F20000B0F900003C
:10641000282829DBFFE740F29000C2F20000B0F923
:106420000000322820DCFFE740F29001C2F20001B8
:106430000791012081F841004FF6CE70888040F22C
:10644000F000C2F2000003F02BF807990998B1F9A7
:10645000001000EE101AB8EEC01A9FEDE30A30EEFD
:10646000410A80ED010AFFE740F29000C2F200000D
:1064700090F8411000200690F9B1FFE7099890EDDF
:10648000010AFFF70BFE0020B1EE041AB4EE410A38
:10649000F1EE10FA069010DCFFE7099890ED020A81
:1064A000FFF7FCFD9FEDD11A0020B4EE410AF1EE9A
:1064B00010FAD8BF01200690FFE7069800F001000F
:1064C0008DF82B0040F29000C2F2000090F84500D9
:1064D00060B1FFE70020CCF298100B9040F29001E1
:1064E000C2F20001002081F84000E4E0099840F287
:1064F0009001C2F20001B1F9042000EE102AB8EEBA
:10650000C00AB1F9001001EE101AF8EEC10A90EDC0
:10651000021A40F2F000C2F2000040F2EC01C2F2B6
:106520000001DFEDB31A9FEDB32ADFEDB32AB0EE21
:10653000043A00F07FFA099880ED000A9DF82B00DC
:1065400040B1FFE740F29001C2F20001002081F863
:10655000400021E0099890ED020A90ED002A9FED9D
:10656000A71A31EE421A20EE010AB5EE400AF1EE0A
:1065700010FA08DAFFE740F29001C2F200010220AF
:1065800081F8400007E040F29001C2F200010120D2
:1065900081F84000FFE7FFE740F29000C2F2000000
:1065A00090F84100002800F08580FFE740F290005D
:1065B000C2F20000406B40F2D801C2F2000109684B
:1065C000884277D0FFE740F29001C2F20001486BA9
:1065D00040F2D802C2F2000210609DF82B0081F850
:1065E00042009DF82B0000285AD0FFE740F29000AF
:1065F000C2F2000090F8430038B9FFE740F2900182
:10660000C2F20001C86A0863FFE740F29000C2F2DC
:10661000000090F8430002280AD8FFE740F29001FA
:10662000C2F2000191F84300013081F84300FFE716
:1066300040F29000C2F2000090F84300032827D3F4
:10664000FFE740F29001C2F20001C86A096B401AEC
:106650000A281DD3FFE740F29001C2F20001049125
:10666000012081F8440081F845000020059081F860
:10667000460040F2F000C2F2000002F011FF04995F
:1066800005980022CCF298120B9281F84000FFE7A7
:106690000FE000BF0000E4429A99993E0000FA44DE
:1066A00040F29001C2F200010020086381F843002B
:1066B000FFE7FFE7FFE7099840F29002C2F200020D
:1066C0000392012182F83E100D9B93600D9BD360D5
:1066D00082F83F1090ED010AFFF7E0FC039A099859
:1066E00082ED080A0B99516290ED000A9FED441A61
:1066F00030EE010A80ED040A66E040F29001C2F239
:10670000000102910020019081F83E008860C8607D
:1067100081F83F00086281F8400040F2F000C2F2C8
:10672000000002F0BDFE01990298016141618161A2
:10673000C16190F8440088B9FFE740F29000C2F2CE
:106740000000002180F84210016380F84310406B84
:1067500040F2D801C2F200010860FFE740F2900069
:10676000C2F2000090F8450068B1FFE740F29001E6
:10677000C2F200010020CCF2981048620020CCF256
:10678000E4200F901FE040F2EC00C2F20000009005
:1067900090ED000ADFED130AB0EE041A00F07AFA69
:1067A0000099099881ED000A0A6840F29003C2F24C
:1067B00000035A6291ED001A90ED040A30EE010ACE
:1067C00080ED040AFFE7FFE709980F9940F2900275
:1067D000C2F20002916290ED040A03F0F9F810B0E1
:1067E00080BD00BF00000000000048C20000204241
:1067F0000000C8420000704248E17A3F000000807B
:106800000000BEC280B58AB00020CCF2BE20099044
:10681000FBF7A8FE089040F29000C2F2000090F84A
:106820003D00002800F0B380FFE7089840F2900197
:10683000C2F20001C96A401AC82800F2A880FFE726
:1068400040F29000C2F200000490B0F9020000EEA5
:10685000100AB8EEC00ADFED710A00F097F904984B
:106860008DED060AB0F9001000EE101AB8EEC01A4D
:106870009FED690A30EE411A8DED071AB0F900005C
:1068800001EE100AF8EEC10A9DED061A40F21C1046
:10689000C2F2000040F21811C2F200010591DFEDD2
:1068A000601A9FED602ADFED602AB0EE043A00F036
:1068B000C1F8059880ED000A9DED070AFFF7EEFB91
:1068C000B2EE041AB4EE410AF1EE10FA14DCFFE75E
:1068D0009DED060AFFF7E2FBB2EE0E1AB4EE410A96
:1068E000F1EE10FA08DCFFE740F29001C2F200017D
:1068F000002081F8400024E09DED060A40F21810C7
:10690000C2F2000090ED002A9FED481A31EE421AC3
:1069100020EE010AB5EE400AF1EE10FA08DAFFE7C0
:1069200040F29001C2F20001022081F8400007E02D
:1069300040F29001C2F20001012081F84000FFE71F
:10694000FFE740F29001C2F200010391012081F8BB
:106950003E0000228A80069A8A60069ACA6081F800
:106960003F009DED070AFFF799FB039A82ED080AA5
:1069700040F21810C2F200000168516290ED000A66
:106980009FED2B1A30EE010A8DED090A38E040F236
:106990009001C2F2000101910020009081F83E00B8
:1069A00088808860C86081F83F00086281F84000F4
:1069B00040F21C10C2F2000002F072FD0098019932
:1069C000086148618861C86140F21810C2F2000095
:1069D000029090ED000ADFED100AB0EE041A00F00C
:1069E00059F9019A029880ED000A0168516290ED10
:1069F000001A9DED090A30EE010A8DED090AFFE744
:106A0000099840F29001C2F2000188629DED090AE6
:106A100002F0DEFF0AB080BD000000000000FA4472
:106A20000000C8420000704248E17A3F0000008048
:106A30000000BEC280B58EB00D900C918DED0B0A9A
:106A4000CDED0A0A8DED091ACDED081A8DED072A54
:106A5000CDED062A8DED053A9DED0B0A9DED0A1A46
:106A600030EE410A8DED040A9DED040AFFF716FB96
:106A70009DED081AB4EE410AF1EE10FA12DCFFE7C0
:106A80009DED090AFFF70AFB9DED071AB4EE410AD6
:106A9000F1EE10FA06DCFFE74DF20A70C3F6234070
:106AA00003900BE09DED061A0D9890ED060A20EE7E
:106AB000010A80ED060A00200390FFE70D989DED86
:106AC0000B0ADDED0A0A9DED091ADDED031A02F04D
:106AD000ABFB8DED020A9DED021A9FED1F0A30EE11
:106AE000411A8DED011A0D9890ED001A30EE411A01
:106AF0000D9890ED032A21EE021A40F29001C2F2A5
:106B0000000181ED041A0D9890ED011A30EE410A52
:106B10000D9890ED061A20EE010A81ED050A0D98F8
:106B200090ED020A9DED091A20EE010A81ED060A98
:106B30000198C8610C9890ED000ADDED010A9DED09
:106B4000051A00F0A7F80C9880ED000A0C9890ED5B
:106B5000000A0EB080BD00BF0000008082B08DF83A
:106B600007009DF8071000203029009008DBFFE7A0
:106B70009DF8071000203A29B8BF01200090FFE7D8
:106B8000009800F0010002B07047000083B08DED66
:106B9000010ACDED000A9DED010A9DED001AB4EE4B
:106BA000410AF1EE10FA03DDFFE70098029015E0CC
:106BB0009DED010A9DED001AB1EE411AB4EE410AB5
:106BC000F1EE10FA07DAFFE79DED000AB1EE400A98
:106BD0008DED020A02E001980290FFE79DED020AA6
:106BE00003B0704780B588B0079006918DED050A17
:106BF000CDED040A8DED031ACDED021A8DED012ABB
:106C000007989DED050ADDED040A9DED031ADDED03
:106C1000021A9DED012A02F0DFFB069900200860B0
:106C200008B080BD80B540F2F000C2F2000040F232
:106C3000EC01C2F200019FED060AB6EE001ADFED8C
:106C4000051A9FED052AF0EE410AFFF7CBFF80BD44
:106C50006666E63E00007A440000344280B540F2A9
:106C60001C10C2F2000040F21811C2F200019FEDA8
:106C7000060AB6EE001ADFED051A9FED052AF0EEC2
:106C8000410AFFF7AFFF80BD6666E63E00007A442A
:106C90000000344284B08DED020ACDED010A8DED85
:106CA000001A9DED010A9DED021A9DED002A31EEBC
:106CB000021AB4EE410AF1EE10FA09DDFFE79DED8C
:106CC000020A9DED001A30EE010A8DED030A19E06B
:106CD0009DED010A9DED021A9DED002A31EE421A4A
:106CE000B4EE410AF1EE10FA09DAFFE79DED020A6F
:106CF0009DED001A30EE410A8DED030A02E0019885
:106D00000390FFE79DED030A04B0704780B588B09B
:106D1000069005910492069800786C2823D1FFE72D
:106D20000698407879281ED1FFE70698C07A632834
:106D300019D1FFE70698007B732814D1FFE7069866
:106D400080782B2805D0FFE7069880782D280AD177
:106D5000FFE7069880792B2809D0FFE7069880790D
:106D60002D2804D0FFE700208DF81F0074E00320D9
:106D70008DF80B00FFE79DF80B00052813D8FFE7FF
:106D800006989DF80B10405CFFF7E8FE20B9FFE77E
:106D900000208DF81F005FE0FFE79DF80B00013039
:106DA0008DF80B00E7E707208DF80B00FFE79DF853
:106DB0000B000A2813D8FFE706989DF80B10405CDB
:106DC000FFF7CCFE20B9FFE700208DF81F0043E05D
:106DD000FFE79DF80B0001308DF80B00E7E7069800
:106DE0000330032100F03CF8ADF80E0006980730A0
:106DF000042100F035F8ADF80C00BDF80E007E2837
:106E000004DBFFE700208DF81F0025E0069880785E
:106E10002D2805D1FFE7BDF90E004042019003E0A7
:106E2000BDF90E000190FFE70198059908800698CA
:106E300080792D2805D1FFE7BDF90C004042009074
:106E400003E0BDF90C000090FFE70098049908806A
:106E500001208DF81F00FFE79DF81F0008B080BDDE
:106E600083B002908DF807100020ADF804008DF873
:106E70000300FFE79DF803009DF80710884214DA2D
:106E8000FFE7BDF8040000EB800102989DF80320A5
:106E9000805C00EB41003038ADF80400FFE79DF85E
:106EA000030001308DF80300E4E7BDF8040003B0EF
:106EB0007047000080B582B001208DF80700FFE721
:106EC0009DF807000B2830D8FFE79DF8071040F227
:106ED000DC00C2F20000405C6C281FD1FFE79DF887
:106EE000070040F2DC01C2F2000108444078792832
:106EF00014D1FFE79DF80700C0F10D0040F2E90250
:106F0000C2F2000210709DF8071040F2DC00C2F2DD
:106F1000000001441278F9F7FCFA22E0FFE79DF83F
:106F2000070001308DF80700CAE740F2DC00C2F22A
:106F30000000007B6C280DD1FFE740F2DC01C2F2BB
:106F400000016C20087040F2E901C2F2000101204A
:106F5000087006E040F2E901C2F20001002008706A
:106F6000FFE702B080BD000081B000909DED000AF7
:106F7000B8EEC00A9FED021A80EE010A01B0704718
:106F8000ABAA264340F24410C2F20000806870476A
:106F900080B582B040F24411C2F2000100200874B2
:106FA00000F052F841F26C00C2F200003C21FCF704
:106FB00065FD50B1FFE740F24411C2F2000100202C
:106FC000087401208DF8070009E040F24411C2F274
:106FD00000010120087400208DF80700FFE79DF8EC
:106FE000070002B080BD000083B08DED020A9DED68
:106FF000020A9FED141A20EE010A8DED010A9DEDA3
:10700000010AB5EE400AF1EE10FA0CDBFFE79DED48
:10701000010AB6EE001A30EE010ABDEEC00A10EE0B
:10702000100A00900BE09DED010ABEEE001A30EE52
:10703000010ABDEEC00A10EE100A0090FFE70098AA
:1070400003B07047ABAA264381B040F24411C2F2AC
:107050000001087C8DF8030041F26C00C2F20000D0
:1070600002680020506240F25812C2F20002108002
:10707000086088808860C8609DF80300087401B0CB
:107080007047000085B040F24410C2F20000007C5E
:1070900008B9FFE74EE041F26C00C2F20000006860
:1070A000406AADF81200BDF91200002804D4FFE7D1
:1070B000BDF81200019005E0BDF81200CFF6FF7098
:1070C0000190FFE701980390BDF8120040F25811BB
:1070D000C2F200010988401AADF81000BDF9100095
:1070E000002804D4FFE7BDF91000009006E0BDF8C9
:1070F0001000A0F5803000B20090FFE70098ADF8D6
:107100000A00BDF8120040F25811C2F200010880D6
:10711000039840F24411C2F200010860BDF80A0071
:107120008880BDF90A20886810448860C8680130EA
:10713000C860FFE705B0704782B08DED000A9DED95
:10714000000AB5EE400AF1EE10FA03DAFFE700207C
:10715000019011E09DED000A9FED091AB4EE410A7D
:10716000F1EE10FA05DDFFE70020C4F27A4001904D
:1071700002E000980190FFE79DED010A02B0704720
:1071800000007A4480B582B040F25C10C2F2000088
:107190000190B3EE040A9FED1A1ADFED1A1A9FED63
:1071A0001A2AF0EE410A02F017F901994FF4C8705B
:1071B00008850020C4F29630C86200200863486346
:1071C00081F8380081F8390081F83A00012281F80D
:1071D0003B2081F83C0081F83D0081F83E000864C6
:1071E000C822A1F844208864C86481F8500081F85E
:1071F00051005022A1F85220486502B080BD00BF66
:10720000000000000000C8420000964381B08DF8E5
:1072100003009DF80300002818BF012040F25C1114
:10722000C2F2000181F83A0001B0704780B584B025
:10723000ADF80E008DED020ABDF90E00B0F1FF3F72
:1072400004DCFFE70020ADF80E00FFE7BDF90E00FB
:10725000B0F57A7F05DDFFE74FF47A70ADF80E00E8
:10726000FFE7BDF80E0040F25C11C2F2000101918F
:1072700008859DED020AFFF75FFF019981ED0B0A7A
:10728000C86A486204B080BD80B584B08DED030A41
:10729000CDED020A8DED011A9DED030ADDED020A26
:1072A0009DED011A40F25C10C2F2000090ED0B2A35
:1072B000DFED021A02F090F804B080BD0000C84271
:1072C00081B08DF803009DF903100120002948BF0B
:1072D0004FF0FF3040F25C11C2F2000181F83B0038
:1072E00001B0704780B582B040F25C10C2F200007D
:1072F000019002F0D5F80199C86C88640020A1F8CB
:10730000440081F83D0081F83E00086481F8500097
:1073100081F851005022A1F852204865012081F8DF
:107320003C0002B080BD000080B582B040F25C102D
:10733000C2F20000019002F0B3F801990020086346
:10734000486381F8390081F83C0081F83D0081F8FC
:107350003E000864C822A1F844208864C86481F80B
:10736000500081F851005022A1F85220486502B027
:1073700080BD000080B5FFF7B5FF40F25C11C2F29E
:107380000001FA200885012081F8500080BD00002E
:1073900080B540F25C10C2F20000002180F83C1081
:1073A00080F83D1080F83E100164C822A0F8442007
:1073B0008164C16480F8501080F851105022A0F808
:1073C0005220416502F06CF801F05AF880BD0000CF
:1073D00080B58AB000208DF82400ADF8220040F27C
:1073E0005C10C2F2000090F83E0020B3FFE740F2CC
:1073F0005C10C2F2000090F83E10013980F83E1097
:1074000090F83E0028B9FFE701F03AF802F0B2FD2B
:1074100010E040F25C10C2F2000090ED100AB1EEF4
:10742000400A9FEDD81AF0EE410A00F04BFE01F041
:10743000BDF8FFE7A3E100F0CDFA014640F25C1091
:10744000C2F2000080F8381090F83A0040B1FFE72F
:1074500040F25C10C2F2000090F83800039009E09E
:1074600040F25C10C2F2000090F8380080F0FF009B
:107470000390FFE703988DF827009DF8270000F0A0
:107480001F008DF8260040F25C10C2F2000090F858
:107490003C0000285FD0FFE740F25C10C2F2000021
:1074A00090F85100002856D1FFE79DF8270000F022
:1074B0001C001C280ED0FFE79DF8270000F00E00EE
:1074C0000E2807D0FFE79DF8270000F007000728E7
:1074D00038D1FFE740F25C10C2F2000090F83D00A6
:1074E00004280AD8FFE740F25C11C2F2000191F8CB
:1074F0003D00013081F83D00FFE740F25C10C2F230
:10750000000090F83D0005281BD3FFE740F25C1017
:10751000C2F2000090F8500078B1FFE740F25C1131
:10752000C2F20001012081F851000020A1F85200B0
:10753000CA6C4A6581F83D0002E000F021FB1EE1C3
:10754000FFE707E040F25C11C2F20001002081F881
:107550003D00FFE7FFE700208DF82500FFE79DF8DD
:107560002500072822D8FFE79DF826009DF8251062
:1075700088400006002812D5FFE79DF825104CF240
:107580005000C0F600004156BDF822000844ADF896
:1075900022009DF8240001308DF82400FFE7FFE76A
:1075A0009DF8250001308DF82500D8E740F25C10E9
:1075B000C2F2000090F83C0008B9FFE7DFE040F2BB
:1075C0005C10C2F2000090F8510070B3FFE740F287
:1075D0005C10C2F200000290B0F85200502100F09E
:1075E0008FFA02988DED040A90ED150A9DED042A9C
:1075F000B7EE001A31EE421A20EE010A80ED130AAE
:10760000B0F852004F280ADCFFE740F25C11C2F2EA
:107610000001B1F852000130A1F8520004E0FFF778
:10762000B7FE02F0A7FCAAE01BE002F04DFC0790B9
:10763000079843F2C821884210D3FFE740F25C105C
:10764000C2F20000B0F92800FB2807DBFFE740F298
:107650005C11C2F20001FA200885FFE700F0F2FA9F
:10766000FFE79DF8240028BBFFE740F25C10C2F260
:10767000000090F8510098B1FFE740F25C10C2F2B0
:107680000000002180F83910416390ED130A9FED4E
:107690003D1AF0EE410A00F015FD00F087FF6EE0A4
:1076A00040F25C11C2F20001002081F8390000F0C4
:1076B0007DFF64E040F25C10C2F200000190012105
:1076C00080F83910BDF9221000EE101AB8EEC00A89
:1076D0009DF8241001EE101AB8EE411A80EE010A4E
:1076E00080ED0C0AD0ED0C0A9FED260A01F032FD68
:1076F00001988DED060A90F93B1000EE101AB8EED5
:10770000C01A9DED060A20EE010A8DED060AB0F9B9
:107710002800012811DBFFE740F25C10C2F20000F4
:1077200090ED130AB0F9280001EE100AB8EEC11A64
:1077300080EE010A8DED000A04E09FED120A8DED46
:10774000000AFFE79DED000A8DED050A9DED051A83
:107750009DED060A20EE010A8DED060A069940F21B
:107760005C10C2F20000416390ED130A9DED061A11
:10777000DFED040A00F0A6FC00F018FFFFE70AB0F6
:1077800080BD00BF0000000080B58AB08DED090A01
:1077900000208DF82000ADF81E009DED090AB5EE21
:1077A000400AF1EE10FA03DAFFE70020069012E03B
:1077B0009DED090A9FED851AB4EE410AF1EE10FA2B
:1077C00005DDFFE70020C4F27A40069002E0099848
:1077D0000690FFE7FFE7069840F25C11C2F2000155
:1077E0000391C86400F0F6F80146039880F8381059
:1077F00090F83A0040B1FFE740F25C10C2F200009E
:1078000090F83800029009E040F25C10C2F20000EB
:1078100090F8380080F0FF000290FFE702988DF8A2
:1078200023009DF8230000F01F008DF822000020A7
:107830008DF82100FFE79DF82100072822D8FFE7F7
:107840009DF822009DF8211088400006002812D5DE
:10785000FFE79DF821104CF25000C0F600004156A1
:10786000BDF81E000844ADF81E009DF82000013050
:107870008DF82000FFE7FFE79DF8210001308DF82B
:107880002100D8E79DED060AB5EE400AF1EE10FAA8
:1078900018DCFFE79DF82000002818BF012040F207
:1078A0005C11C2F2000181F83900002048639FEDAD
:1078B000481AB0EE410AF0EE410A00F003FC00F075
:1078C00075FE80E09DF8200050B9FFE740F25C11A2
:1078D000C2F20001002081F8390000F067FE72E07A
:1078E00040F25C10C2F200000190012180F83910D2
:1078F000BDF91E1000EE101AB8EEC00A9DF8201057
:1079000001EE101AB8EE411A80EE010A80ED0C0A61
:10791000D0ED0C0A9FED2E0A01F01CFC01988DEDB4
:10792000050A90F93B1000EE101AB8EEC01A9DED52
:10793000050A20EE010A8DED050AB0F9280001289C
:1079400011DBFFE79DED060A40F25C10C2F2000079
:10795000B0F9280001EE100AB8EEC11A80EE010A53
:107960008DED000A04E09FED1A0A8DED000AFFE795
:107970009DED000A8DED040A9DED040AB7EE001A94
:10798000B4EE410AF1EE10FA04DDFFE74FF07E504D
:107990000490FFE79DED041A9DED050A20EE010A13
:1079A0008DED050A059840F25C11C2F200014863B2
:1079B0009DED060A9DED051ADFED050A00F082FB3C
:1079C00000F0F4FDFFE70AB080BD00BF00007A447C
:1079D0000000000080B582B000208DF8070040F65E
:1079E0000040C4F202004021FAF78CFD012807D1C3
:1079F000FFE79DF8070040F080008DF80700FFE7E3
:107A000040F60040C4F202008021FAF77BFD012815
:107A100007D1FFE79DF8070040F040008DF8070010
:107A2000FFE741F60000C4F202004FF48061FAF76C
:107A300069FD012807D1FFE79DF8070040F020000D
:107A40008DF80700FFE741F60000C4F202004FF492
:107A50000061FAF757FD012807D1FFE79DF80700FD
:107A600040F010008DF80700FFE741F60000C4F277
:107A700002004FF40041FAF745FD012807D1FFE766
:107A80009DF8070040F008008DF80700FFE740F27E
:107A90000040C4F202004FF48071FAF733FD012870
:107AA00007D1FFE79DF8070040F004008DF80700BC
:107AB000FFE740F20040C4F202004FF40071FAF711
:107AC00021FD012807D1FFE79DF8070040F00200E3
:107AD0008DF80700FFE741F20000C4F20200012127
:107AE000FAF710FD012807D1FFE79DF8070040F0E5
:107AF00001008DF80700FFE79DF8070002B080BD88
:107B000083B0ADF80600ADF80410BDF8060000EE35
:107B1000100AB8EE400ABDF8040001EE100AB8EEF3
:107B2000411A80EE010A8DED000A9DED000AB7EEC4
:107B3000001AB4EE410AF1EE10FA04DBFFE74FF051
:107B40007E50029018E09DED001A21EE010A20EE11
:107B5000010AB1EE082A21EE022ABAEE0E3A32EEFE
:107B6000032A21EE021AB2EE042A31EE021A20EEA6
:107B7000010A8DED020AFFE79DED020A03B070478E
:107B800080B582B07820ADF8060040F25C10C2F2F9
:107B9000000090ED130ABDF9060001EE100AB8EEE0
:107BA000C11AB4EE410AF1EE10FA0DDAFFE740F225
:107BB0005C10C2F2000090ED130ABDEEC00A10EE98
:107BC000100AADF80600FFE7BDF90600002805DC45
:107BD000FFE7FFF7DDFB02F0CDF92FE040F25C108C
:107BE000C2F200000090002180F83C1080F83D10A7
:107BF000052280F83E20BDF9062000EE102AB8EEDE
:107C0000C00A80ED100AC822A0F844208164C16433
:107C100080F851105022A0F85220416501F040FC3C
:107C2000009890ED100AB1EE400A9FED051AF0EEB3
:107C3000410A00F047FA00F0B9FCFFE702B080BD4E
:107C40000000000080B582B040F25C10C2F200007B
:107C50000090B0F84400C821FFF752FF00988DED66
:107C6000010A90ED121AB0F9281000EE101AB8EEC1
:107C7000C00A90ED122A30EE420A9DED012A20EE54
:107C8000020A30EE010A80ED130AB0F84400C7285A
:107C90000ADCFFE740F25C11C2F20001B1F84400D7
:107CA0000130A1F84400FFE702B080BD80B582B08A
:107CB000FAF758FC019041F60000C4F202000221DC
:107CC000FAF720FC014640F2BC10C2F2000001703D
:107CD000007840F2BD11C2F200010870019840F234
:107CE000B811C2F200010860019840F2B411C2F26A
:107CF0000001086002B080BD80B584B0FAF732FCA4
:107D0000029041F60000C4F202000221FAF7FAFBE9
:107D10008DF807009DF8070040F2BC11C2F2000187
:107D2000097888420ED0FFE79DF8070040F2BC11A9
:107D3000C2F200010870029840F2B811C2F20001CC
:107D40000860FFE740F2BC10C2F20000007840F289
:107D5000BD11C2F200010978884230D0FFE70298D5
:107D600040F2B811C2F200010968401A142826D363
:107D7000FFE740F2BC10C2F20000017840F2BD10F3
:107D8000C2F200000170007838B9FFE7029840F2B3
:107D9000B411C2F20001086010E0029840F2B41180
:107DA000C2F200010968401A00900098C108012041
:107DB0007C2988BF02208DF80F0004E0FFE7002037
:107DC0008DF80F00FFE79DF80F0004B080BD0000A4
:107DD00080B588B0ADF81E00ADF81C10ADF81A20C3
:107DE000ADF81830BDF91E0000F04EF9ADF81000E6
:107DF000BDF91C0000F048F9ADF81200BDF91A00F9
:107E000000F042F9ADF81400BDF9180000F03CF99B
:107E1000ADF8160001208DF80D00FFE79DF80D006C
:107E2000042838D8FFE79DF80D100DF10E0030F949
:107E30001100002808D4FFE79DF80D100DF10E0089
:107E400030F81100019009E09DF80D100DF10E00C1
:107E500030F81100404280B20190FFE70198ADF880
:107E60000A009DF80D00002100F07CFA9DF80D003D
:107E70000DF10E0131F9101000F026FA9DF80D00F9
:107E8000BDF80A1000F06EFAFFE79DF80D00013012
:107E90008DF80D00C2E708B080BD000081B08DF8FC
:107EA00003008DF802109DF8030000F003019DF817
:107EB000020000F0030040EA81014CF25800C0F6D5
:107EC0000000405601B0704780B582B08DED000AC9
:107ED0009DED000AB5EE400AF1EE10FA0FDBFFE768
:107EE0009DED000AB6EE001A30EE010ABDEEC00AA2
:107EF00010EE100A00F0C8F8ADF806000EE09DED97
:107F0000000ABEEE001A30EE010ABDEEC00A10EE05
:107F1000100A00F0B9F8ADF80600FFE7BDF9060059
:107F200002B080BD80B582B041F28C10C2F2000078
:107F30000021FCF7BBF820B1FFE701208DF8070016
:107F400061E041F28C10C2F200000421FCF7AEF8AF
:107F500020B1FFE701208DF8070054E041F28C10BA
:107F6000C2F200000821FCF7A1F820B1FFE70120D0
:107F70008DF8070047E041F28C10C2F200000C219E
:107F8000FCF794F820B1FFE701208DF807003AE0F4
:107F900000F024F941F2B400C2F200003C21FBF7EA
:107FA0006DFD20B1FFE701208DF807002BE041F2C5
:107FB000FC00C2F200003C21FBF760FD20B1FFE7AE
:107FC00001208DF807001EE041F24410C2F20000CB
:107FD0003C21FBF753FD20B1FFE701208DF807009E
:107FE00011E09FED0B0ADFED0B0ADFED0B1A9FEDA1
:107FF0000B2AB0EE611A00F0EDF900F041FA002012
:108000008DF80700FFE79DF8070002B080BD00BFB4
:10801000CDCCCC3E0AD7A33C0000000000007A443F
:1080200082B08DF807009DF807100020009041B144
:10803000FFE79DF807100020052938BF01200090B8
:10804000FFE7009800F0010002B0704782B0009096
:108050000098B0F5004F05DBFFE747F6FF70ADF87D
:1080600006000DE0009810F5004F05DAFFE74FF429
:108070000040ADF8060003E00098ADF80600FFE709
:10808000BDF9060002B0704782B000900098B0F5CC
:108090007A7F05DDFFE74FF47A70ADF806000DE05A
:1080A000009810F57A7F05DAFFE74FF61840ADF833
:1080B000060003E00098ADF80600FFE7BDF90600F2
:1080C00002B0704780B584B08DED030ACDED020A91
:1080D0008DED011A9DED032A9DED024A32EE441A00
:1080E0009DED013A31EE430A32EE042A72EE030AA4
:1080F00031EE031A72EE431A00F0AAF904B080BD03
:1081000085B00490039104980068406AADF80A00B5
:10811000BDF80A0003990988401AADF80800BDF9B6
:108120000800002804D4FFE7BDF90800009006E02D
:10813000BDF80800A0F5803000B20090FFE700987D
:10814000ADF80600BDF80A0003990880BDF90600E5
:1081500005B0704780B586B0059004910598006819
:10816000406A0390039804990968401A02900298A3
:1081700001900398049908600198FFF767FF06B023
:1081800080BD000080B582B000208DF8070000207F
:10819000C4F202004FF40071FAF7B4F9012807D1D4
:1081A000FFE79DF8070040F001008DF80700FFE7AA
:1081B0000020C4F202004FF48071FAF7A3F90128FD
:1081C00007D1FFE79DF8070040F002008DF8070097
:1081D000FFE79DF8070002B080BD000080B584B0C5
:1081E000EFF3108003900398019072B640F2D02113
:1081F000C2F20001002000900880FFF7C3FF014693
:10820000009840F2CE22C2F20002117041F2B40195
:10821000C2F200010968486241F2FC01C2F20001A9
:108220000968486241F24411C2F2000109684862DB
:1082300040F2BC21C2F20001086040F2C021C2F24B
:108240000001088040F2C221C2F200010880012032
:108250008DF80B00FFE79DF80B00042818D8FFE706
:108260009DF80B2040F2C421C2F20001002021F849
:1082700012009DF80B2040F2C811C2F2000141F833
:108280002200FFE79DF80B0001308DF80B00E2E7BC
:1082900040F2BE11C2F200010020088040F2C0117D
:1082A000C2F20001088040F2C211C2F2000108804F
:1082B00040F2C411C2F200010880019810B9FFE732
:1082C00062B6FFE704B080BD80B584B08DF80F00C2
:1082D000ADF80C109DF80F00FFF7A2FE08B9FFE7FC
:1082E0003DE09DF80F104CF26800C0F6000000EB76
:1082F000011010380290BDF90C0030B9FFE70020E2
:108300008DF807008DF806001AE0BDF90C00012871
:1083100004DBFFE70298807B009006E00298807BF8
:10832000B0FA80F040090090FFE700988DF8070050
:108330009DF80700B0FA80F040098DF80600FFE7CD
:108340000299086889889DF80720FAF7F3F80299DE
:10835000886889899DF80620FAF7ECF8FFE704B0F1
:1083600080BD000082B08DF80700ADF804109DF8C4
:108370000700013801460091032828D80099DFE85A
:1083800001F0020B141DBDF8040041F28C11C2F281
:108390000001096888631BE0BDF8040041F28C11FC
:1083A000C2F200010968486312E0BDF8040041F21E
:1083B0008C11C2F200010968C86309E0BDF804002D
:1083C00041F28C11C2F200010968086400E0FFE785
:1083D00002B0704780B588B003A8019080ED040A10
:1083E000C0ED030A80ED021AC0ED011A80ED002AEB
:1083F00001208DF80B00FFE79DF80B0004281ED824
:10840000FFE701999DF80B0000EB800240F2DC10C1
:10841000C2F2000000EBC20091ED040AD1ED030AA4
:1084200091ED021AD1ED011A91ED002A00F0D4FF6E
:10843000FFE79DF80B0001308DF80B00DCE740F200
:10844000A421C2F200010120087008B080BD000024
:1084500084B08DED030ACDED020A8DED011ACDED4C
:10846000001A039840F2A821C2F200014860029865
:1084700088600198C8600098086104B070470000E7
:1084800080B582B001208DF80700FFE79DF8070056
:1084900004281CD8FFE79DF8072040F2A821C2F26B
:1084A0000001002041F822009DF8070000EB800148
:1084B00040F2DC10C2F2000000EBC10000F0F0FF5F
:1084C000FFE79DF8070001308DF80700DEE7002385
:1084D000184619461A46FFF77BFC02B080BD000023
:1084E00080B584B0EFF3108003900398019072B6CA
:1084F00040F2D021C2F200010888ADF80A00002045
:108500000880019810B9FFE762B6FFE7BDF90A00DD
:10851000FFF79CFD40F2C421C2F2000100914880A7
:1085200041F2B400C2F2000040F2BC21C2F20001EC
:10853000FFF710FEFFF78AFD0099888041F2FC00EA
:10854000C2F2000040F2C021C2F20001FFF7D8FDE4
:10855000FFF77CFD0099C88041F24410C2F2000090
:1085600040F2C221C2F20001FFF7CAFDFFF76EFD23
:10857000014600980181418840F2BE12C2F2000219
:108580001180818840F2C012C2F200021180C188BD
:1085900040F2C212C2F200021180008940F2C411FE
:1085A000C2F20001088004B080BD000080B584B034
:1085B00040F2A420C2F20000007838B9FFE700239F
:1085C000184619461A46FFF703FC48E001208DF8CB
:1085D0000500FFE79DF80500042835D8FFE79DF862
:1085E000052002EB820140F2DC10C2F2000000EB39
:1085F000C10040F2A821C2F2000101EB820191ED1D
:10860000000A9DF8052040F2C421C2F2000131F9B0
:10861000121001EE101AF8EEC10A9FED121A00F0C6
:1086200029FD8DED000A9DED000AFFF74DFC9DF838
:1086300005200DF1060121F81200FFE79DF8050065
:1086400001308DF80500C5E7BDF90800BDF90A1035
:10865000BDF90C20BDF90E30FFF7BAFBFFE704B0FF
:1086600080BD00BF0080BB4480B5A2B002A88021BD
:10867000F7F791FF00208DF80700FFE79DF807004E
:1086800007281FD8FFE79DF80700002100F0CAFA6D
:10869000402002A9802200F025FB60B9FFE79DF889
:1086A000071040F2D520C2F2000000EBC11080217B
:1086B000F7F771FFFFE7FFE79DF8070001308DF83E
:1086C0000700DBE70021084600F0ACFA22B080BDCD
:1086D00080B582B08DF8070000200DF1070101225E
:1086E00000F000FB02B080BD83B0019000910198C2
:1086F00090F90000002808D4FFE70198007800995D
:10870000086001208DF80B0099E00198007800F0D6
:10871000E000C0281AD1FFE701984078B0B1FFE728
:108720000198407800F0C00080280FD1FFE7019841
:108730000178407801F01F0100F03F0040EA81100D
:108740000099086002208DF80B0078E0019800780D
:1087500000F0F000E0282AD1FFE70198407830B31C
:10876000FFE70198807810B3FFE70198407800F0A8
:10877000C00080281BD1FFE70198807800F0C0007E
:10878000802814D1FFE7019908784A78897800F0A9
:108790000F00000302F03F0240EA821001F03F01A7
:1087A00008440099086003208DF80B0047E0019809
:1087B000007800F0F800F0283AD1FFE701984078FF
:1087C000B0B3FFE70198807890B3FFE70198C078D5
:1087D00070B3FFE70198407800F0C000802827D1EF
:1087E000FFE70198807800F0C000802820D1FFE7E3
:1087F0000198C07800F0C000802819D1FFE70199E6
:1088000008784B788A78C97800F00700800403F074
:108810003F0340EA033002F03F0240EA821001F0D9
:108820003F0108440099086004208DF80B0006E021
:1088300000993F20086001208DF80B00FFE79DF8AC
:108840000B0003B07047000081B0C8200090FFE724
:10885000009820B1FFE7009801380090F8E701B0D8
:108860007047000084B002900020ADF8060041F689
:108870001550ADF80400BDF80A0010BBFFE700205A
:10888000C0F60C00006844F24721C3F2332188424D
:1088900017D1FFE70420C0F60C000088012810D192
:1088A000FFE70620C0F60C00008841F6155188420B
:1088B00007D1FFE70820C0F60C000068222803D08B
:1088C000FFE70020039043E0FFE7BDF80600BDF896
:1088D0000410884239DAFFE7BDF80600BDF804103D
:1088E000091A00EB5100ADF80200BDF8020000EBE0
:1088F00000111020C0F60C0030F81100ADF8000097
:10890000BDF80800BDF8001088420BD1FFE7BDF8A4
:10891000020000EB00111220C0F60C0000EB410039
:10892000039015E0BDF80800BDF80010884205DA94
:10893000FFE7BDF80200ADF8040005E0BDF8020055
:108940000130ADF80600FFE7BFE700200390FFE726
:10895000039804B07047000080B58CB000200A90E6
:108960000990089007900690FFE70020059043F6D5
:108970003000C4F20200016841F02001016000688B
:1089800000F0200005900598FFE7182006901120C0
:1089900007900120019008900220099041F20040C8
:1089A000C4F2020006A9F9F7D1FB019800F0CCF857
:1089B000019800F0DBF840F2D221C2F200010391ED
:1089C0003C2004900870AE200290FFF781FE039ACD
:1089D00002983D211170FFF77BFE0399002008707B
:1089E0006420F9F73BFB00F08BF8049800F074F872
:1089F00038B9FFE740F2D221C2F200013C200870F2
:108A000010E03D2000F068F838B9FFE740F2D221CD
:108A1000C2F200013D20087003E001208DF82F0014
:108A200029E0FFE74CF2A861C0F6000100201822FF
:108A300000F058F950B1FFE740F2D221C2F2000134
:108A40000020087001208DF82F0014E0FFF70CFEC5
:108A5000AF20FFF73DFE50B1FFE740F2D221C2F256
:108A600000010020087001208DF82F0003E0002095
:108A70008DF82F00FFE79DF82F000CB080BD00009F
:108A800081B080B5A5B027938DF893008DF8921032
:108A90002392239808B9FFE719E027A80290239AA8
:108AA000029B03A88021F7F7D1FC01900198B0F157
:108AB000FF3F01DCFFE70AE000208DF88B009DF806
:108AC00093009DF8921003AA00F064F9FFE725B027
:108AD000BDE8804001B0704780B582B08DF80700D6
:108AE00000F0D6F89DF807004000C0B200F050F842
:108AF0008DF8060000F0E2F89DF8060002B080BD97
:108B000080B582B0012000F031F800208DF8070018
:108B1000FFE79DF80700082811D8FFE7002000F0C4
:108B200013F8FFF791FE012000F00EF8FFF78CFE1E
:108B3000FFE79DF8070001308DF80700E9E700F036
:108B4000BDF802B080BD000080B582B08DF807008E
:108B50009DF80720002A18BF012241F20040C4F20C
:108B600002000821F9F7E6FC02B080BD80B582B0B2
:108B70008DF807009DF80720002A18BF012241F256
:108B80000040C4F202001021F9F7D4FC02B080BD0D
:108B900080B582B08DF8070000208DF80600FFE751
:108BA0009DF8060007281DD8FFE79DF80700C009BB
:108BB000FFF7DCFF9DF8070040008DF80700FFF786
:108BC00043FE0120FFF7C0FFFFF73EFE0020FFF746
:108BD000BBFFFFF739FEFFE79DF8060001308DF877
:108BE0000600DDE701200090FFF7C0FFFFF72CFE35
:108BF0000098FFF7A9FFFFF727FE41F20040C4F2FB
:108C000002001021F9F77EFC8DF805000020FFF727
:108C10009BFFFFF719FE9DF80500002818BF0120F3
:108C200002B080BD80B582B08DF807008DF80610C7
:108C30009DF8070000F0070140F2D420C2F20000C6
:108C400001709DF8061001F07F0240F2D321C2F2BC
:108C500000010A70097802318DF80210007840F0A6
:108C6000B0008DF803009DF8020000F00F008DF8B1
:108C700004009DF80200000910308DF80500002066
:108C80000DF10301032200F02DF802B080BD0000B9
:108C900080B582B001200090FFF768FF0098FFF7D1
:108CA00053FFFFF7D1FD00200190FFF75FFFFFF7B3
:108CB000CBFD0198FFF748FF02B080BD80B582B0C0
:108CC0000020FFF753FFFFF7BFFD01200190FFF7E2
:108CD0003BFFFFF7B9FD0198FFF748FFFFF7B4FD31
:108CE00002B080BD80B584B08DF80E000291ADF861
:108CF000062040F2D220C2F20000007818B1FFE74F
:108D0000029820B9FFE701208DF80F003EE0FFF741
:108D1000BFFF40F2D220C2F2000000784000C0B293
:108D2000FFF736FF30B9FFE79DF80E00FFF730FF81
:108D300030B1FFE7FFF7C2FF01208DF80F0025E0FB
:108D40000020ADF80400FFE7BDF80400BDF80610F0
:108D5000884215DAFFE70298BDF80410405CFFF77F
:108D600017FF30B1FFE7FFF7A9FF01208DF80F00D3
:108D70000CE0FFE7BDF804000130ADF80400E3E7C4
:108D8000FFF79CFF00208DF80F00FFE79DF80F0014
:108D900004B080BD80B5CCB08DF82F018DF82E11B8
:108DA0004A924A98499009A84FF48071F7F7F3FB6B
:108DB0009DF82F0188B1FFE79DF82F0104280CD8FA
:108DC000FFE79DF82E0140B1FFE79DF82E01102826
:108DD00003D8FFE74A9808B9FFE72EE19DF82F1165
:108DE0006FF0010000EB41008DF823009DF82E117B
:108DF0006FF0070000EBC1008DF822009DF8220003
:108E00008DF82100FFE74998007800286BD0FFE734
:108E1000499806A9FFF768FC8DF817000698B02856
:108E200009D1FFE74CF29860C0F6000007900820D7
:108E30008DF816002CE00698202812D3FFE706983C
:108E40007E280ED8FFE706994CF2A800C0F6000075
:108E500000EB0110A0F50070079008208DF81600B7
:108E600015E00698FFF7FEFC079010208DF816001D
:108E7000079858B9FFE74CF2A800C0F6000000F5CB
:108E8000F870079008208DF81600FFE7FFE7FFE76E
:108E90009DF822009DF816100844812801D3FFE7B1
:108EA00021E09DF8221009A80390084407999DF835
:108EB0001620F7F7E9FA03989DF82210084480304D
:108EC00007999DF816201144F7F7DEFA9DF8220065
:108ED0009DF8161008448DF822009DF81710499847
:108EE000084449908FE700208DF82000FFE79DF8A7
:108EF0002000012800F2A180FFE79DF821008DF8F5
:108F000015007F208DF814009DF823009DF8201097
:108F100008448DF81300FFE79DF915100020002983
:108F2000029017D4FFE79DF8201009A800EBC110AC
:108F30009DF81520805C9DF8133040F2D521C2F2D7
:108F4000000101EBC311895C401AB0FA80F04009BE
:108F50000290FFE70298C00730B1FFE79DF81500C7
:108F600001308DF81500D7E79DF91500B0F1FF3FEE
:108F700001DCFFE75BE0FFE79DF814109DF815208A
:108F800000209142019017DDFFE79DF8201009A80D
:108F900000EBC1109DF81420805C9DF8133040F266
:108FA000D521C2F2000101EBC311895C401AB0FA6D
:108FB00080F040090190FFE70198C00730B1FFE75A
:108FC0009DF8140001388DF81400D5E79DF81300C2
:108FD0009DF81510FFF726FE9DF8201009A800EB5C
:108FE000C1109DF8152081189DF81400801A0130D9
:108FF00082B24020FFF776FEC0B9FFE79DF813105C
:1090000040F2D520C2F2000000EBC1109DF81530EF
:1090100018449DF8202009A901EBC21119449DF8BC
:109020001420D21A0132F7F72FFAFFE7FFE79DF875
:10903000200001308DF8200059E74CB080BD0000C1
:1090400082B08DED000A9DED000AB5EE400AF1EE0A
:1090500010FA07DAFFE79DED000AB1EE400A8DED48
:10906000010A02E000980190FFE79DED010A02B0BD
:109070007047000080B586B004908DED030ACDEDF9
:10908000020A8DED011A049818B9FFE70020059037
:109090005BE09DED030ADDED010A00F0C3F98DED03
:1090A000030A9DED030A9DED021A30EE410A049871
:1090B00080ED030A049890ED000A049890ED031ADD
:1090C000049890ED042A31EE422A049890ED011A9A
:1090D000049890ED033A21EE031A20EE020A30EED6
:1090E000011A049890ED020A049890ED032A04985E
:1090F00090ED043A33EE033A32EE432A049890EDB1
:10910000053A32EE032A20EE020A30EE011A0498E4
:1091100090ED070A30EE010A80ED070A049890ED01
:10912000070A0498D0ED090A00F07CF9049880ED54
:10913000070A04980069049948610498C068049972
:1091400008610498C0690590FFE79DED050A06B027
:1091500080BD000080B584B002908DED010ACDED98
:10916000000A029818B9FFE70020039058E09DED2F
:10917000010A9DED001A30EE410A029880ED030AC3
:10918000029890ED031A029890ED060A30EE010A5B
:1091900080ED060A029890ED060A0298D0ED080AC2
:1091A00000F040F9029880ED060A029890ED000A5E
:1091B000029890ED032A029890ED011A029890ED22
:1091C000063A21EE031A20EE020A30EE011A029846
:1091D00090ED020A029890ED032A029890ED043A6D
:1091E00032EE432A20EE020A30EE010A029880EDA8
:1091F000070A029890ED070A0298D0ED090A00F0DC
:1092000011F9029880ED070A0298006902994861F5
:109210000298C068029908610298C0690390FFE74C
:109220009DED030A04B080BD80B58CB00A908DED31
:10923000090ACDED080A8DED071ACDED061A0A9838
:1092400018B9FFE700200B90C2E09DED090A9DEDE3
:10925000081A30EE410A0A9880ED030A0A988069DC
:109260000590059804909DED060AB5EE400AF1EED2
:1092700010FA17DDFFE70A9890ED030A9DED062A24
:109280009DED041A20EE020A30EE010A8DED040A6B
:109290009DED040A0A98D0ED080A00F0C3F88DEDA0
:1092A000040AFFE70A9890ED000A0A9890ED032A55
:1092B0000A9890ED011A9DED043A21EE031A20EE72
:1092C000020A30EE010A0A9890ED021A9DED072A73
:1092D00021EE021A30EE410A8DED020A9DED020ADE
:1092E0000A98D0ED090A00F09DF88DED010A0A9860
:1092F00090ED010A9DED041A9DED052A31EE421A0A
:1093000020EE010A8DED030A9DED010A9DED021A82
:10931000B4EE410AF1EE10FA48D0FFE79DED020AE3
:10932000B5EE400AF1EE10FA08DDFFE79DED030A05
:10933000B5EE400AF1EE10FA10DCFFE79DED020AEF
:10934000B5EE400AF1EE10FA30DAFFE79DED030AC0
:10935000B5EE400AF1EE10FA28DAFFE7059804901E
:109360000A9890ED000A0A9890ED032A0A9890ED69
:10937000011A9DED043A21EE031A20EE020A30EEA6
:10938000010A0A9890ED021A9DED072A21EE021AB1
:1093900030EE410A8DED020A9DED020A0A98D0EDE9
:1093A000090A00F03FF88DED010AFFE704980A99D9
:1093B000886101980A99C8610A9800690A99486108
:1093C0000A98C0680A9908610A98C0690B90FFE77B
:1093D0009DED0B0A0CB080BD80B586B005908DED7B
:1093E000040ACDED030A8DED021ACDED011A8DEDC3
:1093F000002A059808B9FFE712E00498059908606B
:109400000398059948600298059988600198059924
:109410000862009805994862059800F041F8FFE756
:1094200006B080BD80B584B08DED020ACDED010A95
:109430009DED010AB5EE400AF1EE10FA03DCFFE7FC
:109440000298039028E09DED010AFFF7F9FD8DEDEC
:10945000000A9DED020A9DED001AB4EE410AF1EEFC
:1094600010FA03DDFFE70098039015E09DED020A76
:109470009DED001AB1EE411AB4EE410AF1EE10FA78
:1094800007DAFFE79DED000AB1EE400A8DED030A11
:1094900002E002980390FFE79DED030A04B080BD4F
:1094A00081B00090009808B9FFE70BE00099002018
:1094B000C860009908610099486100998861009925
:1094C000C861FFE701B0704780B588B0079006918A
:1094D00040F2D860C2F2000005909DED070AB8EE98
:1094E000C00A8DED040A0598806903909DED040A79
:1094F000B5EE400AF1EE10FA09DDFFE7059890EDB0
:10950000040AB5EE400AF1EE10FA11DBFFE79DED1B
:10951000040AB5EE400AF1EE10FA0CDAFFE70598FE
:1095200090ED040AB5EE400AF1EE10FA03DDFFE714
:1095300000200390FFE79DED030A9DED041A30EE35
:10954000010A0598D0ED080A00F03EF98DED020AF7
:10955000059890ED000A9DED042A059890ED011AFA
:109560009DED023A21EE031A20EE020A30EE010AC6
:10957000059890ED021A9DED062AB8EEC22A21EE5A
:10958000021A30EE410A8DED010A9DED010A05989F
:10959000D0ED090A00F018F98DED000A9DED000AE2
:1095A0009DED011AB4EE410AF1EE10FA49D0FFE741
:1095B0009DED010AB5EE400AF1EE10FA08DDFFE775
:1095C0009DED040AB5EE400AF1EE10FA10DCFFE75B
:1095D0009DED010AB5EE400AF1EE10FA31DAFFE72F
:1095E0009DED040AB5EE400AF1EE10FA29DAFFE724
:1095F00003980290059890ED000A9DED042A0598C5
:1096000090ED011A9DED023A21EE031A20EE020AB6
:1096100030EE010A059890ED021A9DED062AB8EE8B
:10962000C22A21EE021A30EE410A8DED010A9DEDAB
:10963000010A0598D0ED090A00F0C6F88DED000A80
:10964000FFE704980599C860029805998861009819
:109650000599C861059800690599486104980599BC
:1096600008619DED000A08B080BD000083B08DED5B
:10967000010A9DED010A9FED221AB4EE410AF1EEB6
:1096800010FA05DDFFE740F2E730ADF80A0032E0FE
:109690009DED010A9FED1B1AB4EE410AF1EE10FA9E
:1096A00005DAFFE74FF61940ADF80A0023E09DED1B
:1096B000010AB5EE400AF1EE10FA0CDBFFE79DED72
:1096C000010AB6EE001A30EE010ABDEEC00A10EE35
:1096D000100A00900BE09DED010ABEEE001A30EE7C
:1096E000010ABDEEC00A10EE100A0090FFE70098D4
:1096F000ADF80A00FFE7BDF90A0003B0704700BFEC
:1097000000C0794400C079C440F2D860C2F20000C1
:1097100090ED110A7047000080B584B040F2D86126
:10972000C2F2000101910020029081F85500012051
:1097300081F85400FDF726FC0199024602988A63DD
:109740008A6BCA638A6B8A628A6B4A63086448645C
:10975000886400F099F801980299A0F84C1001650E
:1097600080F8561080F8571080F858109FED110AB5
:10977000DFED110A9FED111ADFED111A9FED112A8D
:10978000FFF72AFE029800F037FB41F21C20C2F2DC
:1097900000000C21FAF78AFC20B1FFE701208DF8C8
:1097A0000F0003E000208DF80F00FFE79DF80F0089
:1097B00004B080BD0AD7233D0AD7233C0000000037
:1097C00000007A440000FA4383B08DED010ACDED2C
:1097D000000A9DED000AB5EE400AF1EE10FA03DC36
:1097E000FFE70198029022E09DED010A9DED001A2D
:1097F000B4EE410AF1EE10FA03DDFFE700980290A3
:1098000015E09DED010A9DED001AB1EE411AB4EE8E
:10981000410AF1EE10FA07DAFFE79DED000AB1EE1A
:10982000400A8DED020A02E001980290FFE79DEDEB
:10983000020A03B07047000082B00090009840F226
:10984000D861C2F20001096B884207DDFFE740F2F0
:10985000D860C2F20000006B019012E0009840F264
:10986000D861C2F20001C96A884207DAFFE740F214
:10987000D860C2F20000C06A019002E00098019036
:10988000FFE7019802B0704780B582B040F2D8601F
:10989000C2F2000090ED120AFDF7A6FB01900198BC
:1098A000B0F1FF3F04DCFFE7019840420190FFE781
:1098B00040F2D860C2F200000090816A019A891AD1
:1098C000C162816A019A11440163406BFFF7B4FFE2
:1098D0000099486302B080BD80B586B08DED030A63
:1098E0009DED030AB5EE400AF1EE10FA04DCFFE745
:1098F00001208DF8130020E0EFF31080059005980B
:10990000029072B6039840F2D861C2F20001019150
:109910008864FFF7B9FF0199486B896A401AFDF71F
:1099200023FB019880ED100A029810B9FFE762B698
:10993000FFE700208DF81300FFE79DF8130006B045
:1099400080BD000080B584B08DF80B00EFF310806F
:1099500003900398019072B69DF80B10002918BF70
:10996000012140F2D860C2F2000080F85810816BEB
:10997000C1630021016580F85710FFF791FD019840
:1099800010B9FFE762B6FFE704B080BD80B584B0D0
:109990000290EFF3108003900398019072B6029842
:1099A000FFF74AFF40F2D861C2F20001009148631C
:1099B000486B896A401AFDF7D7FA009880ED100AC3
:1099C000019810B9FFE762B6FFE704B080BD000060
:1099D00080B582B08DED010A9DED010AFDF704FB13
:1099E000009040F2D860C2F20000806A00990844FA
:1099F000FFF7CCFF02B080BD80B584B0EFF31080DC
:109A000003900398029072B640F2D861C2F200014E
:109A100001910020009081F85500A1F84C0000F061
:109A2000EBF9FDF7AFFA0199024600988A638A6B59
:109A3000CA6308658A6B8A628A6A4A6308644864F2
:109A40008864FFF721FF00990198012280F85620D1
:109A500080F85710FFF724FD029810B9FFE762B6AF
:109A6000FFE704B080BD000080B586B00390EFF33F
:109A7000108005900598029040F2D860C2F2000074
:109A800090F8560060B1FFE740F2D860C2F20000E3
:109A900090ED120AB5EE400AF1EE10FA04DCFFE791
:109AA00001208DF8130026E072B640F2D860C2F2B1
:109AB00000000190FFF7F4FC0398FFF7BDFE019949
:109AC0004863486B896A401AFDF74EFA019981EDA7
:109AD000100A002081F857008A6BCA6308650120CC
:109AE00081F85500029810B9FFE762B6FFE7002041
:109AF0008DF81300FFE79DF8130006B080BD00004D
:109B000080B582B08DED010A9DED010AFDF76CFA7A
:109B1000009040F2D860C2F20000806A00990844C8
:109B2000FFF7A2FF02B080BD80B586B08DED040ABC
:109B3000CDED030A9DED040AB5EE400AF1EE10FAF0
:109B400007DAFFE79DED040AB1EE400A8DED010A48
:109B500004E09DED040A8DED010AFFE79DED010A89
:109B60008DED020A9DED030AB5EE400AF1EE10FA02
:109B70000ADDFFE79DED020A9DED031AB4EE410AEE
:109B8000F1EE10FA04DDFFE701208DF8170012E076
:109B9000FFF732FF9DED030AFFF79EFE20B1FFE7BE
:109BA00001208DF8170006E09DED040AFFF7A8FFDD
:109BB0008DF81700FFE79DF8170006B080BD000084
:109BC00080B584B0EFF3108003900398029072B6D2
:109BD00040F2D861C2F2000100910020019081F8AA
:109BE0005500FDF7CFF900998863886B4863486B8F
:109BF000896A401AFDF7B8F90098019980ED100ABA
:109C0000026C4264A0F84C1080F85710826BC2635B
:109C10000165FFF745FC019800F0EEF8029810B9D5
:109C2000FFE762B6FFE704B080BD000080B58EB0EC
:109C3000FDF7A8F940F2D861C2F2000107918863EC
:109C4000886BCA6B801A0890886BC863089808658F
:109C5000886B896A401AFDF787F9079880ED110A29
:109C600090F8550050B9FFE740F2D861C2F2000108
:109C70000020A1F84C0000F0BFF8B6E040F2D86137
:109C8000C2F20001486B896B401A0C900C98B0F13D
:109C9000FF3F04DCFFE70C984042069002E00C987E
:109CA0000690FFE706980B9040F2D860C2F20000E1
:109CB00090F85800B0B3FFE79FED4E0AFDF794F916
:109CC0000A900B980A99884211DCFFE740F2D860AD
:109CD000C2F200000590FFF7E3FB059A0020A2F80E
:109CE0004C00012182F8571000F086F87DE040F228
:109CF000D861C2F200010491002081F857000C984D
:109D00000899FFF7E1FB8DED0D0A9DED0D0AFFF7B8
:109D1000ADFC01460498A0F84C10B0F94C0000F0DE
:109D20006BF862E0B6EE000AFDF75EF90A909FED6F
:109D3000300AFDF759F9099040F2D860C2F20000EC
:109D400090F85700E8B1FFE70B98099988420EDCBC
:109D5000FFE740F2D860C2F200000390FFF7A0FBDB
:109D600003990020A1F84C0000F046F83DE040F2D5
:109D7000D860C2F20000002180F85710FFF790FB76
:109D8000FFE70B980A99884211DCFFE740F2D860A0
:109D9000C2F200000290012180F85710FFF780FB0B
:109DA00002990020A1F84C0000F026F81DE040F2D6
:109DB000D860C2F20000019090ED0D0AB8EEC00A22
:109DC00090ED0E1AF8EEC10AFFF7C4F98DED0D0AF9
:109DD0009DED0D0AFFF74AFC01460198A0F84C10D2
:109DE000B0F94C0000F008F8FFE70EB080BD00BFEE
:109DF0003333333F9A99193E80B586B0ADF81600DB
:109E0000BDF9160040F2D861C2F2000191F9541078
:109E10004843049041F21C20C2F200000168002077
:109E200008640498012814DBFFE740F60040C4F200
:109E3000020001221146F8F77DFB41F20000C4F256
:109E4000020080210022F8F775FB0498ADF80E009F
:109E500030E00498B0F1FF3F16DCFFE740F6004029
:109E6000C4F20200012102910022F8F763FB029A7A
:109E700041F20000C4F202008021F8F75BFB049875
:109E80004042ADF80E0014E040F60040C4F202007B
:109E9000012100220192F8F74DFB019A41F20000E6
:109EA000C4F202008021F8F745FB0198ADF80E00DE
:109EB000FFE7FFE7BDF80E0041F21C21C2F20001EE
:109EC0000968086406B080BD80B584B0EFF31080E7
:109ED00003900398029072B640F23C70C2F2000008
:109EE000007818B9FFE7002001901EE040F23470BE
:109EF000C2F20000007850B1FFE7F8F733FB40F200
:109F00003871C2F200010968401A01900CE040F279
:109F10004070C2F20000006840F23871C2F20001E5
:109F20000968401A0190FFE7FFE7029810B9FFE7C0
:109F300062B6FFE7019804B080BD000080B5F8F775
:109F400011FB014640F23870C2F200000160006867
:109F500040F24071C2F20001086040F23C71C2F26E
:109F600000010120087040F23471C2F20001087053
:109F700080BD000080B540F23470C2F2000000786D
:109F800070B1FFE7F8F7EEFA40F24071C2F200015B
:109F9000086040F23471C2F2000100200870FFE74F
:109FA00080BD000080B582B040F64E51C2F2000183
:109FB0000020087040F64D51C2F2000108708DF883
:109FC0000700FFE79DF80700032810D8FFE79DF87A
:109FD000072040F64411C2F20001002021F81200CF
:109FE000FFE79DF8070001308DF80700EAE740F62B
:109FF0004C51C2F200010020087040F64F51C2F2ED
:10A000000001087040F65671C2F20001088040F667
:10A010005071C2F20001088040F65271C2F2000194
:10A02000088040F65471C2F20001087000F0C2F8D6
:10A0300002B080BD81B08DF803009DF803000130AF
:10A040008DF803009DF80300042804D3FFE70020E7
:10A050008DF80300FFE79DF8030001B07047000092
:10A0600080B582B000F0B2F98DF8070040F244707C
:10A07000C2F200004FF4807100F022F8ADF8040045
:10A080009DF8070060B1FFE79DF80700022807D0A0
:10A09000FFE740F65471C2F2000101200870FFE7AB
:10A0A000BDF8040048B1FFE7BDF8041040F2447069
:10A0B000C2F2000000F0B2F8FFE702B080BD00007D
:10A0C00080B586B00390ADF80A10039820B1FFE781
:10A0D000BDF80A0020B9FFE70020ADF8120064E0E7
:10A0E000EFF3108005900598019072B640F64D5040
:10A0F000C2F20000007838B9FFE7019800F084F858
:10A100000020ADF8120050E040F64E50C2F20000C0
:10A1100000788DF801009DF8011040F64410C2F25D
:10A12000000030F81100ADF80200BDF80200BDF8E3
:10A130000A1088420BDDFFE7BDF80A00ADF8020007
:10A1400040F64C51C2F2000101200870FFE703986D
:10A150009DF8012040F64C11C2F2000101EB0221F2
:10A16000BDF80220F6F790F99DF8012040F6441161
:10A17000C2F20001002021F812009DF80100FFF753
:10A1800059FF40F64E51C2F20001087040F64D51A1
:10A19000C2F20001087801380870019800F034F824
:10A1A000BDF80200ADF81200FFE7BDF8120006B0DE
:10A1B00080BD000080B582B041F26420C2F2000090
:10A1C00040F64401C2F200014FF48072FAF76AF8D7
:10A1D0008DF807009DF8070090B9FFE741F2642071
:10A1E000C2F20000C06B58B1FFE741F26420C2F236
:10A1F0000000C06B0168086820F008000860FFE7F5
:10A200009DF8070002B080BD81B00090009810B9A1
:10A21000FFE762B6FFE701B07047000080B582B08B
:10A220000190ADF802100198BDF80210FBF752FF43
:10A2300002B080BD80B58CB00990ADF822100792B5
:10A240000020ADF81200BDF8220020B9FFE7002081
:10A250008DF82B00B5E0099820B9FFE701208DF8B3
:10A260002B00AEE0F8F77EF90590FFE7BDF812008D
:10A27000BDF82210884280F2A080FFE7EFF3108043
:10A280000B900B98039072B640F65070C2F200002B
:10A290000088C0F50070ADF80A00BDF80A0000287B
:10A2A0005ED0FFE740F65670C2F20000008840F62C
:10A2B0005071C2F2000109880844ADF80600BDF8EB
:10A2C0000600B0F5007F07D3FFE7BDF80600A0F554
:10A2D0000070ADF80600FFE7BDF82200BDF81210CF
:10A2E000401AADF80800BDF80800BDF80A10884211
:10A2F00005DDFFE7BDF80A00ADF80800FFE7BDF88F
:10A300000800BDF80610C1F5007189B2884207DD6A
:10A31000FFE7BDF80600C0F50070ADF80800FFE7E4
:10A32000BDF8061040F65050C2F2000008440999EA
:10A33000BDF812201144BDF80820F6F7A5F840F644
:10A340005071C2F200010888BDF80820104408804E
:10A35000BDF81200BDF808100844ADF81200FFE780
:10A360000398FFF751FF00F031F88DF81B009DF8BE
:10A370001B0050B1FFE79DF81B00022805D0FFE746
:10A380009DF81B008DF82B001BE0BDF81200BDF8F6
:10A390002210884210DAFFE70798013060B1FFE72A
:10A3A000F8F7E0F80599401A0799884204D3FFE7C7
:10A3B00003208DF82B0004E058E700208DF82B00D7
:10A3C000FFE79DF82B000CB080BD000080B584B085
:10A3D000EFF3108003900398019072B640F652702C
:10A3E000C2F20000008838B9FFE740F65070C2F2B0
:10A3F0000000008838B9FFE70198FFF705FF00204B
:10A400008DF80B0057E040F65070C2F20000008853
:10A41000ADF80200BDF8020040F65671C2F200012C
:10A420000988C1F5007189B288420ADDFFE740F66C
:10A430005670C2F200000088C0F50070ADF802004E
:10A44000FFE7BDF8020040F65271C2F20001088039
:10A4500040F65670C2F20000018840F65050C2F239
:10A4600000000144BDF8022041F26420C2F2000065
:10A47000FAF79AFB8DF80A009DF80A0098B1FFE7F9
:10A4800040F65271C2F20001002008809DF80A00D7
:10A49000022807D0FFE740F65471C2F20001012004
:10A4A0000870FFE7FFE70198FFF7AEFE9DF80A008E
:10A4B0008DF80B00FFE79DF80B0004B080BD000095
:10A4C000FFE7FEE788B0079006910592079800F035
:10A4D000070004900498C0F10700052803D3FFE7A4
:10A4E0000420019004E00498C0F107000190FFE708
:10A4F0000198039004980430062803D8FFE7002051
:10A50000009003E0049803380090FFE70098029061
:10A5100006980399012202FA01F101390840029BD1
:10A52000984005999A40013A1140084308B0704795
:10A53000704700007047000080B582B0009000981E
:10A540000138B0F1807F03D3FFE70120019019E0CB
:10A55000009801384EF21401CEF2000108604FF06D
:10A56000FF300F2100F0B4FF4EF21801CEF20001CF
:10A57000002008604EF21002CEF2000207211160A6
:10A580000190FFE7019802B080BD000080B5F7F7A9
:10A59000EFFF80BD80B594B008A83021F6F71DF814
:10A5A000002007900690059004900390FFE700209C
:10A5B000029043F64000C4F20200016841F080516D
:10A5C0000160006800F0805002900298FFE7FFE70A
:10A5D0000020019047F20000C4F20000016841F43D
:10A5E00080410160006800F4804001900198FFE71D
:10A5F000012008904FF48030099002200E904FF413
:10A6000080010F9108211091A8211191129004202E
:10A61000139008A8F8F730FA18B1FFE7F7F7D8F960
:10A62000FFE70F20039002210491002005904FF4D2
:10A63000A05006904FF48050079003A8F8F74CF80C
:10A6400018B1FFE7F7F7C4F9FFE714B080BD0000C9
:10A650004EF68851CEF20001086840F470000860A0
:10A660007047000080B541F2D410C2F20000F9F743
:10A67000B1FA80BD83B00290019102980068009009
:10A6800002980021C4F20101884225D0FFE7029818
:10A69000B0F1804F20D0FFE7029840F20041C4F2B1
:10A6A0000001884218D0FFE7029840F60001C4F28A
:10A6B0000001884210D0FFE7029840F60041C4F242
:10A6C0000001884208D0FFE7029840F20041C4F23E
:10A6D000010188420AD1FFE7009820F07000009045
:10A6E00001984168009808430090FFE70298002114
:10A6F000C4F20101884255D0FFE70298B0F1804FC3
:10A7000050D0FFE7029840F20041C4F200018842B5
:10A7100048D0FFE7029840F60001C4F200018842E9
:10A7200040D0FFE7029840F60041C4F200018842A1
:10A7300038D0FFE7029840F20041C4F2010188429C
:10A7400030D0FFE7029844F20001C4F201018842D0
:10A7500028D0FFE7029844F20041C4F20101884288
:10A7600020D0FFE7029844F60001C4F201018842BC
:10A7700018D0FFE7029841F60001C4F200018842B8
:10A7800010D0FFE7029841F60041C4F20001884270
:10A7900008D0FFE7029842F20001C4F200018842AB
:10A7A0000AD1FFE7009820F4407000900198C1683A
:10A7B000009808430090FFE7009820F0800001997E
:10A7C000496908430090019880680299C86201981D
:10A7D00000680299886202980021C4F2010188424F
:10A7E00008D0FFE7029840F20041C4F2010188421C
:10A7F00005D1FFE70198006902990863FFE7029914
:10A80000086840F00400086002990120486100983F
:10A810000299086003B0704784B0039002910192DE
:10A82000029800F01F01012088400090009A0399CF
:10A83000086A904308620198029901F01F0100FA2A
:10A8400001F20399086A1043086204B070470000DF
:10A8500085B004900391029201930498806800905F
:10A86000009820F47F40009003980299019A41EAF1
:10A8700002210143009808430090009804998860E1
:10A8800005B0704783B002900191029880680090F3
:10A89000009820F07000009001980099084340F063
:10A8A0000700009000980299886003B0704700008C
:10A8B00085B0049003910498006A01900499086A95
:10A8C00020F00100086204984068009004988069B4
:10A8D0000290029820F070000290029820F003008D
:10A8E000029003980168029808430290019820F0B2
:10A8F0000200019003988168019808430190049830
:10A900000021C4F20101884208D0FFE7049840F218
:10A910000041C4F2010188420ED1FFE7019820F006
:10A92000080001900398C1680198084301900198BC
:10A9300020F004000190FFE704980021C4F2010117
:10A94000884208D0FFE7049840F20041C4F20101B8
:10A95000884213D1FFE7009820F48070009000989F
:10A9600020F400700090039841690098084300901B
:10A9700003988169009808430090FFE700980499C4
:10A980004860029804998861039840680499486374
:10A9900001980499086205B07047000085B00490E2
:10A9A00003910498006A01900499086A20F010004D
:10A9B00008620498406800900498806902900298A8
:10A9C00020F4E0400290029820F440700290039836
:10A9D0000168029840EA01200290019820F02000CE
:10A9E000019003988168019840EA01100190049851
:10A9F0000021C4F20101884208D0FFE7049840F228
:10AA00000041C4F2010188420FD1FFE7019820F014
:10AA1000800001900398C168019840EA01100190FC
:10AA2000019820F040000190FFE704980021C4F253
:10AA30000101884208D0FFE7049840F20041C4F2C7
:10AA40000101884215D1FFE7009820F48060009052
:10AA5000009820F40060009003984169009840EA53
:10AA60008100009003988169009840EA810000907D
:10AA7000FFE7009804994860029804998861039858
:10AA800040680499886301980499086205B070478A
:10AA900085B0049003910498006A01900499086AB3
:10AAA00020F4807008620498406800900498C0699F
:10AAB0000290029820F070000290029820F00300AB
:10AAC000029003980168029808430290019820F4CC
:10AAD0000070019003988168019840EA012001907C
:10AAE00004980021C4F20101884208D0FFE70498CD
:10AAF00040F20041C4F2010188420FD1FFE7019802
:10AB000020F4006001900398C168019840EA012098
:10AB10000190019820F480600190FFE704980021E3
:10AB2000C4F20101884208D0FFE7049840F20041D6
:10AB3000C4F20101884215D1FFE7009820F480504B
:10AB40000090009820F4005000900398416900980C
:10AB500040EA0110009003988169009840EA0110D2
:10AB60000090FFE700980499486002980499C86132
:10AB7000039840680499C86301980499086205B075
:10AB80007047000085B0049003910498006A01901A
:10AB90000499086A20F48050086204984068009084
:10ABA0000498C0690290029820F4E0400290029854
:10ABB00020F44070029003980168029840EA012056
:10ABC0000290019820F40050019003988168019848
:10ABD00040EA0130019004980021C4F2010188424A
:10ABE00008D0FFE7049840F20041C4F20101884216
:10ABF0000BD1FFE7009820F4804000900398416952
:10AC0000009840EA81100090FFE70098049948609E
:10AC100002980499C86103984068049908640198EF
:10AC20000499086205B0704785B0049003910292C0
:10AC30000498006A00900499086A20F001000862F4
:10AC4000049880690190019820F0F0000190029929
:10AC5000019840EA01100190009820F00A0000904D
:10AC6000039900980843009001980499886100981E
:10AC70000499086205B0704785B004900391029270
:10AC80000498006A00900499086A20F01000086295
:10AC9000049880690190019820F470400190029915
:10ACA000019840EA01300190009820F0A000009047
:10ACB0000399009840EA0110009001980499886176
:10ACC00000980499086205B07047000080B582B012
:10ACD00001900198806B009000990020C885009831
:10ACE000F9F7EEFB02B080BD80B584B00390002080
:10ACF00002900398806B0190019800684069C0B28F
:10AD0000C0090290019890F8410021280AD1FFE77C
:10AD1000029838B1FFE701990020C884019800F03B
:10AD20005DF9FFE7019800684069C0F38010029068
:10AD3000019890F8420022280AD1FFE7029838B122
:10AD4000FFE701990020C885019800F0E9F8FFE7C6
:10AD50000199486C40F0100048640198F9F7B0FB85
:10AD600004B080BD80B586B005900598806B0490D6
:10AD7000059800680068C00500285AD4FFE70499C8
:10AD80000020C885FFE7FFE70498006850E8030F3C
:10AD900020F480700390FFE703990498026842E86A
:10ADA00003100028F0D1FFE7FFE7FFE7FFE7049873
:10ADB000006850E8050F20F001000290FFE70299BB
:10ADC0000498026842E805100028F0D1FFE7FFE789
:10ADD000FFE7FFE70498006850E8050F20F0400007
:10ADE0000190FFE701990498026842E805100028E5
:10ADF000F0D1FFE7FFE70499202081F84200049892
:10AE0000006B012814D1FFE7FFE7FFE70498006813
:10AE100050E8030F20F010000090FFE7009904981D
:10AE2000026842E803100028F0D1FFE7FFE7FFE7E0
:10AE3000FFE70499002048630498006B012805D1BE
:10AE4000FFE70498818DF9F789FA03E00498F9F790
:10AE5000A3FEFFE706B080BD80B582B001900198E7
:10AE6000806B00900099012048630098006B0128D6
:10AE700006D1FFE70098818D4908F9F76FFA03E0E2
:10AE80000098F9F78DFEFFE702B080BD80B584B071
:10AE900003900398806B0290039800680068C005D7
:10AEA00000282AD4FFE702990020C884FFE7FFE7C3
:10AEB0000298006850E8050F20F080000190FFE73D
:10AEC00001990298026842E805100028F0D1FFE7D6
:10AED000FFE7FFE7FFE70298006850E8030F40F044
:10AEE00040000090FFE700990298026842E80310D2
:10AEF0000028F0D1FFE7FFE703E00298F9F7D2FE60
:10AF0000FFE704B080BD000080B582B001900198D9
:10AF1000806B00900098F9F73BFF02B080BD000005
:10AF200084B00390FFE7FFE70398006850E8030F41
:10AF300020F490700290FFE702990398026842E8BB
:10AF400003100028F0D1FFE7FFE7FFE7FFE70398D2
:10AF5000006850E8050F20F001000190FFE701991B
:10AF60000398026842E805100028F0D1FFE7FFE7E8
:10AF70000398006B012814D1FFE7FFE7FFE7039870
:10AF8000006850E8030F20F010000090FFE70099E0
:10AF90000398026842E803100028F0D1FFE7FFE7BA
:10AFA000FFE70399202081F84200039900200863FD
:10AFB00004B0704780B582B0019001980168C868FC
:10AFC00020F04000C8600199202081F841000198DC
:10AFD000F9F768FE002002B080BD000082B0019049
:10AFE000FFE7FFE70198006850E8030F20F0C0007A
:10AFF0000090FFE700990198026842E803100028DA
:10B00000F0D1FFE7FFE70199202081F8410002B06D
:10B010007047000080B586B0049000200390029035
:10B02000049890F84200222840F0A080FFE704989E
:10B030008068B0F5805F13D1FFE70498006978B9A4
:10B04000FFE70498806A02900498006840686FF3F4
:10B050005F20029908800499886A0230886223E0A0
:10B060000498806A039004988068B0F5805F08D0E7
:10B07000FFE70498806850B9FFE70498006930B989
:10B08000FFE70498006840680399087007E0049897
:10B090000068406800F07F0003990870FFE704999A
:10B0A000886A01308862FFE70499C88D0138C88535
:10B0B0000004002856D1FFE704980168C86820F012
:10B0C0002000C86004980168C86820F48070C860D7
:10B0D00004980168486920F0010048610499202023
:10B0E00081F842000499002048630498006B01280D
:10B0F00030D1FFE7049900200863FFE7FFE70498D9
:10B10000006850E8030F20F010000190FFE701995C
:10B110000498026842E803100028F0D1FFE7FFE737
:10B12000049800680068C00600280ED5FFE7FFE716
:10B13000002000900498006800680090049800685F
:10B14000406800900098FFE7FFE70498818DF9F7C9
:10B1500005F903E00498F9F71FFDFFE700208DF8DB
:10B16000170007E000208DF8170003E002208DF89B
:10B170001700FFE79DF8170006B080BD80B586B0C8
:10B18000059005980068006920F44050059A116800
:10B19000D26810430861059988680B694A69C969D2
:10B1A000184310430843049005980068C06849F2AA
:10B1B0000C6188430499084305990968C86005989B
:10B1C0000068406920F44070059A11689269104344
:10B1D00048610598006841F20001C4F2010188420B
:10B1E00009D0FFE70598006841F20041C4F201016F
:10B1F000884204D1FFE7F7F7B9FB039003E0F7F7C4
:10B20000A3FB0390FFE70598C069B0F5004F29D173
:10B21000FFE703981921A0FB0101059A1368029327
:10B2200053685A00DB0FF5F78CF80299864648F20E
:10B230001F53C5F2EB13AEFB0320420910014FF080
:10B24000640C02FB1CEC322202EBCC02A2FB0332A8
:10B25000F82303EA521300EB4300C2F342121044F6
:10B26000886026E003981921A0FB0101059A136864
:10B27000019353689A009B0FF5F763F80199844690
:10B2800048F21F52C5F2EB12ACFB023043096420B6
:10B2900003FB10CC322000EB0C10A0FB0202F020CC
:10B2A00000EA521000EB0310C2F34312104488600E
:10B2B000FFE706B080BD000080B58AB00890079116
:10B2C000ADF81A20079808998862BDF81A00089905
:10B2D0008885089900204864089A222182F8421043
:10B2E0000899CA6B4AF66551C0F60001D163089906
:10B2F000CA6B4AF65961C0F6000111640899CA6B1D
:10B300004AF6E941C0F60001D1640899C96B0865A5
:10B3100007A8059008980168C06B0431059A126867
:10B32000BDF81A30F6F738FE58B1FFE7089910203B
:10B3300048640899202081F8420001208DF82700F8
:10B340004EE0FFE700200490089800680068049031
:10B3500008980068406804900498FFE7089800691E
:10B36000A0B1FFE7FFE7FFE70898006850E8030F88
:10B3700040F480700390FFE703990898026842E860
:10B3800003100028F0D1FFE7FFE7FFE7FFE7FFE743
:10B390000898006850E8050F40F001000290FFE7B0
:10B3A00002990898026842E805100028F0D1FFE7EA
:10B3B000FFE7FFE7FFE70898006850E8050F40F057
:10B3C00040000190FFE701990898026842E80510E3
:10B3D0000028F0D1FFE7FFE700208DF82700FFE706
:10B3E0009DF827000AB080BD83B00190019890F8C5
:10B3F000410021283AD1FFE701988068B0F5805FCD
:10B4000013D1FFE70198006978B9FFE70198006A56
:10B410000090009800886FF35F20019909684860E8
:10B420000199086A0230086208E0019A106A411C1A
:10B4300011620078019909684860FFE70199C88C9A
:10B440000138C884000468B9FFE701980168C8683A
:10B4500020F08000C86001980168C86840F0400092
:10B46000C860FFE700208DF80B0003E002208DF894
:10B470000B00FFE79DF80B0003B0704780B541F269
:10B480006420C2F20000F9F761F880BDFFE7FEE733
:10B4900081B08DF803009DF9030000280ED4FFE76A
:10B4A0009DF9031001F01F02012090404A094EF25D
:10B4B0000011CEF2000141F82200FFE701B0704711
:10B4C0004EF60C50CEF200000068C0F30220704728
:10B4D00082B08DF8070000919DF9070000280AD47A
:10B4E000FFE7009800019DF907104EF20042CEF2EE
:10B4F000000288540BE0009800019DF8071001F04D
:10B500000F014EF61452CEF200028854FFE702B04B
:10B510007047000083B00290029800F0070000908E
:10B520004EF60C51CEF200010868019001984FF6DA
:10B53000FF02104001900198009A40EA0220002288
:10B54000C0F2FA52104301900198086003B07047AE
:10B5500081B00090FFE7FEE781B00090009800EB1B
:10B56000800040010090FFE70098411E009108B163
:10B57000FFE7F9E701B0704780B584B00290019110
:10B5800002988DF803000DF1030001214FF0FF3206
:10B59000FEF750FE20B1FFE74FF0FF30039002E0CE
:10B5A00002980390FFE7039804B080BD80B582B095
:10B5B00000200190F6F7EAFFFEF7ECFFF9F7B2FE84
:10B5C000F9F788FEFAF7FCF8FAF74CFAFAF78CF973
:10B5D000F9F7F8FFFAF7B4F8FAF734F8FAF770F871
:10B5E000FAF7B0F9FAF73AFB18B1FFE7F6F7F0F916
:10B5F000FFE7FFE7FAF7B4FBFCE75FEA400C08BFA0
:10B6000091F0000F4FEA8C234FEAC12243EA5151D7
:10B610004FEA1C5018BF00F5F0404FEA300018BF49
:10B6200041F000415FEA6C5C00F02980BCF1FF3F13
:10B6300008BF40F080407047130C06BF12044FF063
:10B64000100C4FF0000C130E04BF12020CF1080C8A
:10B65000130F04BF12010CF1040C930F04BF9200EE
:10B660000CF1020CD30F04BF52000CF1010C114677
:10B670004FF00002A0F11F00A0EB0C00704711F08A
:10B68000004F08BF704731F000413FF4D5AF0B0CBD
:10B6900006BF09044FF0100C4FF0000C0B0E04BF56
:10B6A00009020CF1080C0B0F04BF09010CF1040C8A
:10B6B0008B0F04BF89000CF1020CCB0F04BF4900B3
:10B6C0000CF1010CCCF1200322FA03F341EA03014F
:10B6D00002FA0CF2A0EB0C0000F101007047000030
:10B6E00023F07F4720F07F4C80EA030000F0004009
:10B6F000ACEB070303F57C5303F1FF032DE980490D
:10B7000009B44FEA144324EA03484FEA154B25EAEB
:10B710000B4E0FF2042606EB13273E7803FB066759
:10B72000C7F5000707FB06F64FEAD64606F1020604
:10B730004FEA543707FB066CCCF1005C4FEA1C471C
:10B740002CEA074C0CFB06F507FB06F404EB154648
:10B750004FEA961649085FEA320234BF00204FF0E4
:10B7600000404FEAD13706FB07FC4FEA1C4C0CFBAC
:10B770000BF7D21B03FB0CF761EB07010CFB0EF779
:10B78000B0EB074072EB17420CFB08F734BFA2EB9B
:10B790000742B2EB074261EB17414FEA0C444FEA14
:10B7A000910706FB07FC4FEA1C4C0CFB0BF7B0EBB8
:10B7B000C74072EB573203FB0CF734BFA2EBC74212
:10B7C000B2EBC74261EB57310CFB0EF7B0EBC70091
:10B7D00072EB57720CFB08F734BFA2EBC702B2EB57
:10B7E000C70261EB57714FEA816141EA92114FEA5A
:10B7F000826242EA90124FEA806004EBCC04039F1D
:10B800004FEAD13706FB07FC4FEA1C4C0CFB0BF749
:10B81000D21B03FB0CF761EB07010CFB0EF7B0EB3F
:10B82000074072EB17420CFB08F734BFA2EB07424C
:10B83000B2EB074261EB17414FEA8C5504EB9C24B5
:10B840004FEA910706FB07FC4FEA1C4C0CFB0BF779
:10B85000B0EBC74072EB573203FB0CF734BFA2EBDF
:10B86000C742B2EBC74261EB57310CFB0EF7B0EBAE
:10B87000C70072EB57720CFB08F734BFA2EBC7028C
:10B88000B2EBC70261EB57714FEA816141EA921155
:10B890004FEA826242EA90124FEA806015EB4C2533
:10B8A00044F100044FEAD13706FB07FC4FEA1C4C79
:10B8B0000CFB0BF7D21B03FB0CF761EB07010CFB36
:10B8C0000EF7B0EB074072EB17420CFB08F734BFE2
:10B8D000A2EB0742B2EB074261EB17414FEA81311D
:10B8E00041EA92414FEA823242EA90424FEA803086
:10B8F0004FEA0C7615EB1C1544F1000448EA0343AB
:10B900004EEA0B484FF0000EB2EB080C71EB030748
:10B9100024BF624639464EEB0E0E4FF0000B001866
:10B92000524149414BEB0B0BB2EB080C71EB030797
:10B930007BF1000B24BF624639464EEB0E0E4FF0F2
:10B94000000B0018524149414BEB0B0BB2EB080CBA
:10B9500071EB03077BF1000B24BF624639464EEBC7
:10B960000E0E51EA020718BF46F0010616EB0E76DE
:10B9700055F1000254F1000103D5BDE88901BDE88D
:10B980000088BDE88901BDE80048B619524141EB85
:10B990000101A3F10103704780807F7E7D7C7B7A6B
:10B9A0007978777676757473727171706F6E6E6D6B
:10B9B0006C6C6B6A6A696868676666656464636311
:10B9C00062616160605F5F5E5E5D5D5C5C5B5B5A97
:10B9D0005A59595858575756565555555454535304
:10B9E00052525251515050504F4F4F4E4E4D4D4D5F
:10B9F0004C4C4C4B4B4B4A4A4A49494948484847AA
:10BA000047474746464645454544444444434343E7
:10BA100043424242424141419C46002B30D4770090
:10BA20002BD04FEA37071CB503B44FF010004FF08E
:10BA30001001BAF1000F06D0BCF1000FDCBF40F0DE
:10BA4000080040F008014FF000000FBCBDE81040B6
:10BA50000BF1010BBBF1010F08BF5FEA170722BF13
:10BA600012F1010211F101014FF0004143F1000315
:10BA700000F0004043EA00007047F9D35708D0E7D0
:10BA800046EA06464FEA164613F1400F1FDD13F152
:10BA9000200FDFBF16430A46002120335B42BED091
:10BAA000C3F1200746EA06464FEA164602FA07F7B0
:10BAB00046EA070622FA03F2C3F1200701FA07F764
:10BAC00042EA070221FA03F14FF00003A7E746EA32
:10BAD000020646EA06464FEA164646EA0106BCBF9B
:10BAE00046EA0646360C4FF000034FF000024FF0D6
:10BAF000000194E72DE9804C70B49A46934691E892
:10BB0000380007C831EA400C48BF34EA430C03D57B
:10BB1000FFF7E6FDFFF780FFF0BCBDE8008C2DE9E4
:10BB2000804C70B49A46934691E8380007C810F0EC
:10BB3000804F08BF13F0804F03D100F005F8FFF7E6
:10BB40006BFFF0BCBDE8008C20F07F4723F07F4CFA
:10BB500080EA030000F0004007EB0C03A3F57C53E0
:10BB6000A3F1FE0392F0000F00F0B38095F0000FF8
:10BB700000F077802DE901494FEA114021EA0048A1
:10BB80004FEA144624EA064700FB06FC08FB06F6CB
:10BB900007FB08F818EB06484CEB164C00FB07F7C0
:10BBA00018EB07484CEB17404FEA124B22EA0B4EBA
:10BBB0004FEA154625EA06470BFB06FC0EFB06F688
:10BBC00007FB0EFE1EEB064E4CEB164C0BFB07F76D
:10BBD0001EEB074E4CEB174B18EB0B0840F1000027
:10BBE00018EB0E0B58EB000840F100008F1A4FF0D5
:10BBF00000014FF000063CBFC943661B14BFB5EB04
:10BC0000040C00213CBFC943F61B4FEA174427EA46
:10BC100004454FEA1C472CEA074C04FB076205FB6E
:10BC200007F70CFB05F616EB074642EB174204FB41
:10BC30000CFC16EB0C4642EB1C421BEB060658EBC9
:10BC4000020241414EEA8E0E46EA9E0601D5BDE84B
:10BC50000189B619524141EB0101A3F10103BDE88D
:10BC600001894FEA144524EA05464FEA114721EAC3
:10BC7000074C05FB07F406FB07F70CFB06F111EB7D
:10BC8000074144EB174405FB0CFC11EB0C4144EB62
:10BC90001C444FEA124722EA074C05FB07F206FB59
:10BCA00007F70CFB06F616EB074642EB174205FBBF
:10BCB0000CFC16EB0C4642EB1C456A1854F10001D3
:10BCC00048BF7047B619524141EB0101A3F101038E
:10BCD000704795F0000F37D04FEA114221EA024633
:10BCE0004FEA144724EA074C02FB07F106FB07F76B
:10BCF0000CFB06F414EB074441EB174102FB0CFC70
:10BD000014EB0C4441EB1C414FEA154725EA074C64
:10BD100002FB07F506FB07F70CFB06F616EB0746DA
:10BD200045EB174502FB0CFC16EB0C4645EB1C42A1
:10BD3000121951F1000148BF7047B619524141EB49
:10BD40000101A3F1010370474FEA144524EA0546B7
:10BD50004FEA114721EA074C05FB07F106FB07F7FD
:10BD60000CFB06F212EB074241EB174105FB0CFC02
:10BD700012EB0C4251EB1C414FF0000648BF7047DC
:10BD8000921841EB0101A3F10103704703B401983C
:10BD90004100009850EAC12018BF04204A0D18BF86
:10BDA00040F0010040F2FF72B2EB515F08BF40F07B
:10BDB0000200012808BF052002B0704730380A2869
:10BDC00001D20120704700207047000010B5002903
:10BDD0000AD00878002807D005487844F5F7D0FC49
:10BDE000002801D0002010BD0248784410BD00009A
:10BDF0008A0900008209000010B500290AD00878DD
:10BE0000002807D005487844F5F7BAFC002801D08F
:10BE1000002010BD0248784410BD00007A090000DF
:10BE2000720900000808A0F500114FEA31017047BF
:10BE300043004FEAD30C4FEA3C0C43401FBF40077E
:10BE40000CF1605113F0FE4F70471CF0006F03D1EE
:10BE50000CF00041002070470CF0004343EA5070A2
:10BE600040EACC0010B500F00EF800BF00000092D0
:10BE70004FEA0001FFF7D6BF4FF00041A1F50021C6
:10BE80004FF0000070470EF1020E2EF0030E5EF828
:10BE9000044B244204D44FEA4102B2F17F4F11D83F
:10BEA0004FEA4003B3F17F4F0CD80ED14FEAD07C5C
:10BEB0000CEB4C0C0CF1020CB2F17F4F08BF4CEBB9
:10BEC000D17C04E04FF0080C01E04FEAD17C0CEB90
:10BED0004C0324FA03F404F00704B4F1040C06D272
:10BEE0000EEB840CBDE810404CF0010C6047DFE81D
:10BEF0000CF0070802024FF00040A0F5800010BDD2
:10BF00000846420018BFD2F1807288BF00F000409E
:10BF100010BDF1EE100A4FF6FF71C0F2C03120EAF9
:10BF2000010040F04070E1EE100A7047F5F72BB8C1
:10BF3000F5F760B900000000000000003031323336
:10BF4000343536373839414243444546403058004D
:10BF5000303132333435363738396162636465667F
:10BF600040307800040000080000000000000002DB
:10BF70000001000010303132333435363738396142
:10BF80006263646566787000303132333435363739
:10BF900038394142434445465850000002400000B1
:10BFA000000000A00000000005400000000000C8E4
:10BFB000000000000C4000000000409C0000000059
:10BFC000194000000020BCBE00000000344000000A
:10BFD000BFC91B8E00000004B5400000504BCFD0FD
:10BFE0006607E2CF010000006C4100003E8251AACA
:10BFF000DFEEA73401000000D9420000DCB5A0E26A
:10C000003A301F97FFFFFFFFB4450000FD25A0C891
:10C01000E9A3C14FFFFFFFFFFF3F000000000080CA
:10C0200000000000FF3F0000000000800000000052
:10C0300000000000000000000102030406070809D8
:10C04000000000000102030400061016000610168E
:10C05000F9FBFDFF010305070001FF00FF000001E0
:10C06000010000FF00FF0100001802402000000056
:10C07000001802408000000000180240100000007C
:10C0800000180240400000000014024000200000A0
:10C090000014024000400100001402400080000033
:10C0A0000018024001000100000000000000000034
:10C0B0000000000000000000000000FC0000000084
:10C0C0000000181B00000000003C1C003C000000A9
:10C0D00000000000000000000040F04040F8400078
:10C0E000021A0F021A0702000070788E8E080000F4
:10C0F00000081830311F0E006090F080C090800062
:10C10000000004010006040300B0F8C838008000F5
:10C11000060F08090E060D000000003C1C00000080
:10C1200000000000000000000000E0FC060000002D
:10C130000000071F6000000000000EF880000000F3
:10C140000000701F010000000008383C38000000AB
:10C150000000000000000000808080F0F08080007F
:10C16000000000070700000000000060E000000081
:10C1700000000001010000000000404040000000FD
:10C1800000000000000000000000000000000000AF
:10C19000000000303000000000000080780E000039
:10C1A00000603C030000000000F80C040418F000DC
:10C1B000000F1810100C070000000CFCFC00000021
:10C1C0000010101F1F101000000804048CF830002D
:10C1D00000181C161311100000088C84CC7C300051
:10C1E00000181010101F0F000080E0301CFC000031
:10C1F00002030202021F0200007C7C4444C484004B
:10C2000000181010101D070000F0984C44C488005E
:10C2100000070C1010180F0000040484E43C0C000C
:10C220000000001F030000000038FCC484FC38003C
:10C23000000F191010190F0000F88C040C98F00072
:10C2400000181111190F0700000000303000000025
:10C250000000000C0C000000000000181800000096
:10C260000000000B0F00000000C0E0A02030100014
:10C2700000000001010103009090909090909000C8
:10C28000000000000000000010103020A0C0C0001E
:10C290000203010101000000000C04847C3800004E
:10C2A0000000181B0000000080609050505020C01B
:10C2B00001020405050101000000E038F8C000009B
:10C2C000181F030202071E1000F8F88888987000F3
:10C2D000001F1F1111110F0600E030180808180088
:10C2E00000070C181010180000F808081830E000BB
:10C2F000000F08080C06030000FCFC848484840002
:10C30000001F1F101010101000FCFC848484840097
:10C31000001F1F000000000000F01808889880002F
:10C3200000070C08080C070000F880808080F800E7
:10C33000000F000000000F00000000FCFC000000E7
:10C340000000001F1F0000000000000000FC0000B3
:10C3500000181010180F000000F8F880E0301800E6
:10C36000001F1F0101071C1000FCFC000000000062
:10C37000001F1F101010100000F0E00000C0F000BF
:10C38000000F000706000F0000F838E08000F800FA
:10C39000000F0000030E0F0080F018080818F0E0EE
:10C3A00000070C08080C070100F8F8080898F000CE
:10C3B000001F1F030301000040F80C04040CF8F0F8
:10C3C000000102040C0E0B0800F8F8888898F000B1
:10C3D000001F1F01030F180000387CCC848C08005C
:10C3E0000008181010190F06040404FCFC040404CF
:10C3F0000000001F1F00000000F800000000F8000F
:10C4000000070C08080C070018F8800000F038003E
:10C4100000010F1C1F01000030E000F0F080807070
:10C420000007070000070700000C38E0E0380C00A8
:10C43000101C0701030E1C10001878C080F0380093
:10C440000000001F1F00000000040484C4741C04CA
:10C4500000181E13101010100000FEFE0200000055
:10C4600000007F7F4000000000023CE00000000070
:10C47000000000010F700000000202FE000000003A
:10C480000040407F000000000080E01838E000001D
:10C490000001000000010100000000000000000099
:10C4A00001010101010101010000040C180000005C
:10C4B00000000000000000000020309090F0E0003C
:10C4C000000F0D08080F0F0000F8C04040C08000AA
:10C4D000001F1A10101C0F0000E070101030000038
:10C4E00000070C08080C00000080C06040F8F8004D
:10C4F000000F1810101F1F0000E0B09090B0E00077
:10C5000000070C08080800000040F0FC440400008C
:10C5100000003F3F0000000000B86C44447C14045D
:10C52000001D232222221E0C00F8C04040C08000C3
:10C53000001F0000001F1F00000000ECE4000000CE
:10C540000000001F1F000000000000FBF9000000B9
:10C550000040407F3F00000000FCF80000C04000A9
:10C56000003F3F06071C3000000000F8F800000004
:10C570000000001F3F00000000E020E0E020E0009D
:10C58000000300030300030000F0301010F0C000AF
:10C59000000700000007070000E030101030E0C086
:10C5A00000070C08080C070300FCAC04048CF8001E
:10C5B000001F03010101000000F88C0404FCFC00D2
:10C5C00000010103011F1F000000F0E03010000017
:10C5D00000000F0F0000000000E0B090100000000D
:10C5E000000C08090D0700000020F0F820200000D2
:10C5F0000000071F1010000000F0000000F0F00025
:10C60000000306040207070010F0800000E030007D
:10C610000000070C0F01000060E000E0E000C060D7
:10C6200000070701000707000030E080E03000004D
:10C63000080C0301070C0800043CE000C0F80C00E3
:10C640000020311F07000000001010D070300000E3
:10C65000080C0F09080800000080807E020000001E
:10C660000000017F40000000000000FE000000000C
:10C67000000000FF00000000000202FE8000000039
:10C680000040603F0000000000301030604020009B
:10C690000000000000000000000C1212120C00004C
:10C6A0000000000000000000AED580A83FD300408D
:10C6B0008D142002A1C8DA12817FD9F1DB40A4A633
:10C6C0004F4C4544204E41434B3A20636865636BB1
:10C6D000205046332F5046342C20706F77657220DF
:10C6E000616E6420616464726573730D0A00E78192
:10C6F000B0E5BAA6EFBC9A257300E8AEA1E697B6FE
:10C700003A2535752E25757300E4BBBBE58AA13A41
:10C71000257520E69CAAE7A1AEE8AEA400E4BBBB69
:10C72000E58AA13A257520E5B7B2E7A1AEE8AEA447
:10C7300000E8A792E5BAA6EFBC9A252D372E3366FE
:10C74000C2B0000090C800080000002010000000E7
:10C75000EC010008A0C8000810000020A818000084
:10C760000C0200081C00000043000000F8FFFFFF5F
:10C770000C0000000E0000000F0000002E00000062
:10C780001001000043000000F8FFFFFF00404040A0
:10C790004040404040404141414141404040404094
:10C7A0004040404040404040404040404005020240
:10C7B00002020202020202020202020202202020FF
:10C7C000202020202020200202020202020290905B
:10C7D0009090909010101010101010101010101059
:10C7E00010101010101010100202020202028888AD
:10C7F00088888888080808080808080808080808B9
:10C8000008080808080808080202020240000000A0
:10C810000000000000000000000000000000000018
:10C820000000000000000000000000000000000008
:10C8300000000000000000000000000000000000F8
:10C8400000000000000000000000000000000000E8
:10C8500000000000000000000000000000000000D8
:10C8600000000000000000000000000000000000C8
:10C8700000000000000000000000000000000000B8
:10C8800000000000000000000000000000000000A8
:10C890000024F4000100000010000000000000006F
:02000004080CE6
:10000000474233320100151D2200000000000000AD
:10001000A4000000000000F030101060F0000000AC
:1000200000000000000000070604040707000000AD
:100030000000A7000000000000FC3E322262C00069
:1000400000000000000000000011212322361F00E4
:1000500000000000A8000000000000000C00000CE0
:100060000000000000000000000000000000000090
:10007000000000000000B000000000000000382474
:100080003C10000000000000000000000000000024
:100090000000000000000000B1000000008080802F
:1000A00080F8F88080808000000000000020202080
:1000B00020272720202020000000D700000000007B
:1000C0003060C08080C06030000000000000000090
:1000D000180C060303060C1800000000E0000000E6
:1000E00000000080C44C58C08000000000000000E8
:1000F0000000003C3422223F3F0000000000E100ED
:10010000000000000080C04048C4800000000000E3
:1001100000000000003C3422223F3F0000000000AD
:10012000E800000000000080C44C58C080000000BF
:10013000000000000000001F322222220300000005
:100140000000E900000000000080C05048C48000AA
:100150000000000000000000001F322222220300E5
:1001600000000000EA00000000000080D84C44D8E5
:1001700080000000000000000000001F3222222248
:10018000030000000000EC0000000000000004CCB0
:10019000C800000000000000000000000000003F58
:1001A0003F00000000000000ED0000000000000023
:1001B000C8CC0400000000000000000000000000A7
:1001C0003F3F0000000000000000F20000000000BF
:1001D0000080C44C58C080000000000000000000F7
:1001E000001F302020301F0F00000000F30000002F
:1001F00000000080C04048CC8000000000000000EB
:100200000000001F302020301F0F00000000F7000A
:1002100000000000000000181800000000000000AE
:100220000000000101010119190101010100000094
:10023000F90000000000C0C40C1800C0000000005D
:100240000000000000001F3F2020103F00000000C1
:100250000000FA0000000000C0C0000804C0000058
:1002600000000000000000001F3F2020103F0000A1
:1002700000000000FC0000000000E0EC00000CE0CA
:10028000000000000000000000000F1F1010081FF9
:100290000000000000000101000000000040642494
:1002A00024E4C0000000000000000000001E1A113D
:1002B000111F1F000000000013010000000000C01B
:1002C00064242464C0000000000000000000000F4F
:1002D000191111110100000000001B0100000000B5
:1002E0000080CC5850C880000000000000000000D2
:1002F000001F322222220300000000002B01000018
:100300000000000004E4E40400000000000000001D
:1003100000000000001F1F000000000000004D0151
:100320000000000000C064242464C08000000000BD
:1003300000000000000F181010180F070000000048
:100340006B0100000000E0E4040404E00000000091
:100350000000000000000F1F1010081F0000000028
:100360000000CE01000000000080CC5850C8800082
:100370000000000000000000003C3422223F3F004B
:1003800000000000D00100000000000008D8D80CD8
:10039000000000000000000000000000003F3F00DF
:1003A000000000000000D201000000000080CC58D6
:1003B00050C880000000000000000000001F302036
:1003C00020301F0F00000000D40100000000C0CC4E
:1003D000181008C0000000000000000000001F3FCF
:1003E0002020103F000000000000D60100000000A7
:1003F000C0CA02020AC000000000000000000000A5
:100400001F3F2020103F000000000000D801000026
:100410000000809000041080000000000000000038
:1004200000003F7F4040207F000000000000DA0114
:100430000000000080920404128000000000000010
:10044000000000003F7F4040207F000000000000CF
:10045000DC01000000008090040410800000000017
:100460000000000000003F7F4040207F00000000AF
:100470000000C70200000000000C3860E0301800E7
:10048000000000000000000000000000000000006C
:1004900000000000C9020000000000080808080869
:1004A0000800000000000000000000000000000044
:1004B00000000000000091030000000000E03C1C70
:1004C000F8C0000000000000000000181F03020236
:1004D000020F1C0000000000920300000000FCFC62
:1004E000848484FC780000000000000000001F1FCE
:1004F000101010190F060000000093030000000008
:1005000000FCFC04040404000000000000000000E3
:10051000001F1F0000000000000000009403000006
:10052000000000C0780C7CE000000000000000002B
:1005300000101E13101010131F1800000000950368
:100540000000000000FCFC848484840000000000A3
:1005500000000000001F1F1010101010000000000D
:1005600096030000000000040484C4741C0400000E
:1005700000000000000000181E13101010100000F2
:100580000000970300000000FCFC80808080FCFCE1
:1005900000000000000000001F1F000000001F1FDF
:1005A00000000000980300000000F0388C84848C68
:1005B00018F0C000000000000000070E181010180E
:1005C0000C0701000000990300000000000000FC7F
:1005D000FC00000000000000000000000000001F00
:1005E0001F000000000000009A0300000000FCFC57
:1005F000C0E0F018040000000000000000001F1F11
:10060000010001071C10000000009B030000000017
:1006100080F01C3CF080000000000000000000188A
:100620001F010000011F1800000000009C030000D3
:1006300000FCFC78C00080F03CFC000000000000E2
:10064000001F1F00030E0700001F000000009D0395
:1006500000000000FCFC38E08000FCFC0000000012
:10066000000000001F1F0000030E1F1F00000000FD
:100670009E0300000000000484848484840400003D
:1006800000000000000000101010101010100000FA
:1006900000009F0300000000F0380C04040C18F068
:1006A000C000000000000000070E181010180C0712
:1006B00001000000A00300000000FCFC040404048E
:1006C000FCFC00000000000000001F1F00000000F4
:1006D0001F1F00000000A10300000000FCFC040438
:1006E000048CF80000000000000000001F1F010142
:1006F0000101000000000000A30300000000000C46
:100700001C74C40404000000000000000000001875
:100710001C131110101000000000A40300000000C2
:10072000040404FCFC0404040000000000000000B9
:100730000000001F1F00000000000000A5030000D3
:100740000000043CF080E0780C0000000000000095
:1007500000000000001F0100000000000000A603D0
:10076000000000C0603010FC101020E0800000008D
:1007700000000003060C083F080804070100000001
:10078000A70300000000000C38E0E0380C00000077
:10079000000000000000101C0701030E1C100000E8
:1007A0000000A8030000007CC08080FC0080E07C8A
:1007B00000000000000000000001011F0101000016
:1007C00000000000A903000000F0380C04040C181D
:1007D000F8E000000000000000131E180000101CCC
:1007E000171100000000B10300000000E0701010BD
:1007F00030E070000000000000000000070C080856
:10080000040F080800000000B20300000000FCFE16
:10081000016173DE800000000000000000007F3FE7
:100820000C08080C070000000000B30300000000E3
:10083000041CF08080F81C00000000000000000094
:100840000000001F0100000000000000B4030000D1
:1008500000000000BCE4C4848C0000000000000024
:100860000000001F312020301F0600000000B503EB
:10087000000000000060F0909030000000000000D8
:100880000000000000070D08080C00000000000038
:10089000B6030000000000C2721A0E06000000003D
:1008A00000000000000000070C081878100000008D
:1008B0000000B7030000000000FCF808040CFC0076
:1008C00000000000000000000003030000001F0003
:1008D00000000000B8030000000000E038080838FD
:1008E000F0000000000000000000000F3921213955
:1008F0001F0000000000B90300000000000000F02D
:10090000F0000000000000000000000000000007F0
:100910000F08000000000000BA030000000000F013
:10092000F080C06030000000000000000000000FF8
:100930000F0103060C0800000000BB0300000000CC
:10094000080818F0E00000000000000000000000AF
:1009500020380E03010F382000000000BC03000007
:100960000000FCFC000000FC000000000000000093
:1009700000001F0F02020103020000000000BD037F
:10098000000000001070C00000E0700000000000D7
:10099000000000000000070E0E0300000000000031
:1009A000BE0300000000028ABE6642420200000050
:1009B00000000000000000070C0818703000000064
:1009C0000000BF030000000000E030101030E080A5
:1009D000000000000000000000070C08080C0703DE
:1009E00000000000C0030000001010F0101010F014
:1009F00010100000000000000000080F0000000FB1
:100A0000080800000000C10300000000F0F80C041A
:100A10000CF8F00000000000000000001F0F0202B0
:100A20000301000000000000C30300000000E030EC
:100A3000101030F010000000000000000000070C53
:100A400008080C07010000000000C40300000000BB
:100A5000101010F010101000000000000000000046
:100A60000000000F0808000000000000C50300009F
:100A7000000000F000000030F00000000000000066
:100A8000000000070C08080E070000000000C60365
:100A9000000000E0301808FE0818F0E00000000038
:100AA000000000030304043F0406030100000000EB
:100AB000C70300000000041C30E0F01C040000002C
:100AC000000000000000101C070103061C000000CD
:100AD0000000C803000000F8000000FE0000F8F06D
:100AE00000000000000000010304043F04060301AD
:100AF00000000000C903000000E03000008000009A
:100B000070E000000000000000070C080C070C0853
:100B10000C070000000001040000000000F0F414C5
:100B2000101414000000000000000000007F7F424D
:100B3000424242400000000010040000000000E0BB
:100B40003C1CF8C0000000000000000000181F035B
:100B50000202020F1C00000000001104000000004F
:100B6000FCFC848484840400000000000000000079
:100B70001F1F101010190F000000000012040000C9
:100B80000000FCFC848484FC78000000000000006D
:100B900000001F1F101010190F06000000001304A2
:100BA0000000000000FCFC0404040400000000003D
:100BB00000000000001F1F000000000000000000F7
:100BC00014040000000000E0FE020202FEFE00002D
:100BD0000000000000787C0F080808080F7F7800EC
:100BE000000015040000000000FCFC8484848400E4
:100BF0000000000000000000001F1F101010101067
:100C000000000000160400040C38E08080FC80C066
:100C1000F01C0C00000000101C060300001F000068
:100C2000030E18000000170400000000080C848464
:100C3000CC78100000000000000000000818101020
:100C4000181D0F0000000000180400000000FCFC4C
:100C50000080E030DCFC00000000000000001F1FEE
:100C60000E0300001F1F0000000019040000000018
:100C7000F0F0060484C672F00000000000000000DE
:100C80007F7F380E03007F7F000000001A04000001
:100C90000000FCFC8080E0380C0400000000000034
:100CA00000001F1F000003061C10000000001B04B2
:100CB0000000000000C0FC040404FCFC0000000074
:100CC00000000010180F010000001F1F00000000AE
:100CD0001C04000000FCFC78C00080F03CFC00001C
:100CE00000000000001F1F00030E0700001F00008F
:100CF00000001D0400000000FCFC80808080FCFCE3
:100D000000000000000000001F1F000000001F1F67
:100D1000000000001E0400000000F0380C04040C69
:100D200018F0C000000000000000070E1810101896
:100D30000C07010000001F0400000000FCFC04047C
:100D40000404FCFC00000000000000001F1F000065
:100D500000001F1F00000000200400000000FCFC39
:100D60000404048CF80000000000000000001F1FB5
:100D7000010101010000000000002104000000004A
:100D8000F0380C04040C0800000000000000000013
:100D9000070E1810101808000000000022040000C0
:100DA0000000040404FCFC04040400000000000033
:100DB00000000000001F1F000000000000002304CE
:100DC000000000043CF08000E03C0C00000000004B
:100DD0000000000010101F070100000000000000CC
:100DE0002404000000E0301818FC181818F0C000A7
:100DF000000000000003060C0C1F0C0C0C07010087
:100E00000000250400000000000C38E0E0380C0071
:100E10000000000000000000101C0701030E1C1061
:100E200000000000260400000000FEFE000000009C
:100E3000FEFE00000000000000000F0F0808080878
:100E40000F7F780000002704000000007CE0808015
:100E500080C0FC0000000000000000000000000056
:100E600000001F000000000028040000FCFC00003F
:100E700000FCFC000000FC00000000001F1F101020
:100E8000101F1F1010101F00000029040000FEFE9C
:100E9000000000FEFE000000FE00000000000F0F3A
:100EA0000808080F0F0808080F7800002A0400003F
:100EB00004040404FC808080800000000000000026
:100EC000000000001F101010190F060000002B0476
:100ED000000000FCFC80808080000000FC0000001E
:100EE0000000001F1F101010190F00001F0000004D
:100EF0002C0400000000FCFC8080808000000000CA
:100F00000000000000001F1F101010190F0000004B
:100F100000002D0400000000088C84848CB8F000D0
:100F2000000000000000000008181010180E070054
:100F3000000000002E040000FCFC8080E0780C041F
:100F4000040C18F0000000001F1F0000070E18100E
:100F500010180C0700002F040000000078CC8484D7
:100F600084FCFC000000000000000000180E0300DC
:100F7000001F1F00000000003004000000000020DF
:100F8000309090F0E0000000000000000000000F32
:100F90000D08080F0F0000000000310400000000E1
:100FA000E0B8484CCC8C00000000000000000000BD
:100FB0000F182020301F0F00000000003204000036
:100FC000000000F0F09090F06000000000000000D1
:100FD0000000000F0F08080D070000000000330498
:100FE0000000000000F0F0101010000000000000F1
:100FF00000000000000F0F000000000000000000D3
:1010000034040000000000C0FC0404FCFC000000EC
:101010000000000000001E0F02020203031E000079
:10102000000035040000000000E0B09090B0E00047
:10103000000000000000000000070C080808000085
:1010400000000000360400001030E08080F080C016
:101050007010000000000000080E0300000F0001E7
:10106000070C0000000037040000000000309090E2
:10107000F06000000000000000000000000C080804
:101080000C07020000000000380400000000F0F02F
:10109000008060F0F00000000000000000000F0F72
:1010A0000701000F0F0000000000390400000000DD
:1010B000C0CC181098CCC000000000000000000058
:1010C0003F3F1C06013F3F00000000003A040000C3
:1010D000000000F0F080C070100000000000000070
:1010E0000000000F0F0001070C00000000003B048F
:1010F000000000000000F0101010F00000000000E0
:1011000000000000080C070000000F0000000000B5
:101110003C0400000000F0F0C00000E0F0F000002F
:101120000000000000000F0F010707010F0F000073
:1011300000003D0400000000F0F0808080F0F0002E
:1011400000000000000000000F0F0000000F0F0063
:10115000000000003E040000000000E030101030ED
:10116000E0C0000000000000000000070C08080CB0
:101170000703000000003F0400000000F0F0101022
:1011800010F0000000000000000000000F0F000041
:10119000000F000000000000400400000000FCFC04
:1011A0000C0404FCF00000000000000000003F3FC1
:1011B00002020301000000000000410400000000E2
:1011C00000E070101030000000000000000000007F
:1011D00000070C08080C000000000000420400009A
:1011E0000000101010F010101000000000000000AF
:1011F00000000000000F0000000000000000430499
:1012000000000000043CE000C0F80C0000000000FA
:10121000000000000020311F070000000000000057
:101220004404000000E0301010FE301030F0C00028
:101230000000000000070C0808FF0C080C07030062
:1012400000004504000000000030E080E0300000B5
:101250000000000000000000080C0301070C08005B
:1012600000000000460400000000FCFC000000FC40
:10127000000000000000000000000303020202035F
:101280001E000000000047040000000000F0800085
:1012900000F0F0000000000000000000000001016C
:1012A000010F0F00000000004804000000F0F000F3
:1012B00000F0F00000F0F00000000000000F0F0848
:1012C000080F0F08080F0F0000004904000000FC81
:1012D000FC0000FCFC0000FCFC000000000000031F
:1012E00003020203030202031F0E00004A0400006F
:1012F00000101010F08080808000000000000000CE
:10130000000000000F0C08080F07000000004B044D
:10131000000000F0F08080800000F000000000007D
:101320000000000F0F08080F07000F00000000006A
:101330004C040000000000F0F080808000000000FD
:10134000000000000000000F0F08080D070000005B
:1013500000004D040000000000309090B0E000005C
:101360000000000000000000000C08080C0700004E
:10137000000000004E04000000F0F080C0E03010DB
:1013800030E0C00000000000000F0F0003070C0851
:101390000C07030000004F040000000000E0F01004
:1013A00010F0F0000000000000000000000C070337
:1013B000010F0F000000000051040000000000C0F9
:1013C0006C20206CC0000000000000000000000F36
:1013D000191111110100000000001520000020204B
:1013E00020202020202020202020000000000000BD
:1013F00000000000000000000000000016200000B7
:1014000000000000000000000000000000000000DC
:101410000000000000000000000000000000182094
:10142000000000000000000000000000183C000068
:1014300000000000000000000000000000000000AC
:10144000192000002C18000000000000000000001F
:10145000000000000000000000000000000000008C
:1014600000001C20000000000000000000003834D4
:10147000103C000000000000000000000000000020
:10148000000000001D2000003C082C3C0000000073
:10149000000000000000000000000000000000004C
:1014A0000000000000002620000000600000006036
:1014B000600000006000000000000000000000006C
:1014C0000000000000000000302000709804F800C8
:1014D000C0188400000080000000000001320D03ED
:1014E0000C1F201F001F201B0C00322000000000DA
:1014F000000000381C000000000000000000000098
:101500000000000000000000000000003320000088
:10151000000000381C003C0C00000000000000002F
:1015200000000000000000000000000000003B2060
:10153000000000889020409898402090880000008B
:101540000000001109040219190204091100000029
:101550000321000038446C3000E0701808080818B7
:101560000000000000000000000F1C3020203010A0
:10157000000016210000F8F8708000F0F800F098E4
:1015800008F8F00000001F0F00010E1F1F000405E7
:1015900005050000602100000000000000FCFC00C8
:1015A000000000000000000000000000001F1F00FD
:1015B00000000000000061210000000000FCFC00B1
:1015C00000FCFC000000000000000000001F1F00E5
:1015D000001F1F00000000006221000000FCFC0052
:1015E00000FCFC0000FCFC0000000000001F1F00CD
:1015F000001F1F00001F1F0000006321000000FCEF
:10160000FC000C7CE00000C0FC0C00000000001F8F
:101610001F000000071E1C070000000064210000DE
:1016200000000CFCC00000C0FC0C0000000000002A
:1016300000000000071E1C070000000000006521DC
:1016400000000CFCC00000C07C0C00FCFC00000092
:1016500000000000071C1E070000001F1F00000004
:101660006621000CFCC00000F81C00FCFC00FCFC27
:1016700000000000000F1C1F0100001F1F001F1FA3
:1016800000006721001CF800C0FC00FCFC00FCFC12
:1016900000FC00000000071E1F00001F1F001F1F8E
:1016A000001F00006821000000FCFC00000C38E076
:1016B000E0380C0400000000001F1F00101C0E0387
:1016C000030F1C100000692100000000000C38E02E
:1016D000E0380C000000000000000000101C0701B2
:1016E000030E1C10000000006A210000040C38E00A
:1016F000E0380C0000FCFC0000000000101C07019A
:10170000030E1C10001F1F0000006B2100041C7042
:10171000C0F01C0400FCFC0000FC000000101C07D2
:1017200001071C10001F1F00001F00009021000077
:10173000C0C0B09080808080808080808000000069
:1017400000010204000000000000000000009121E0
:1017500000000000001008FCFC0810000000000061
:10176000000000000000003F3F00000000000000FB
:1017700092210080808080808080808090B0C0C076
:101780000000000000000000000000000402010052
:101790000000932100000000000000FEFE00000099
:1017A00000000000000000000004081F1F080400E3
:1017B000000000000822000000E0301808080808B7
:1017C000080808000000000000070D191111111190
:1017D0001111110000000F2200000000FE020202A1
:1017E000020202FE00000000000000003F000000B6
:1017F0000000003F00000000112200000000083837
:1018000068C88808080800000000000000003038A0
:101810002C2723202020000000001A2200000000B6
:101820000000803006010101010101000000060EE8
:10183000380C010000000000000000001D2200C064
:10184000E010101020C0C020101010000000000098
:1018500001020202010000010202020000001E2239
:1018600000C0E010101020C0C020101010E0C00018
:101870000000010202020100000102020201000058
:1018800020220000000000000080C060301800002E
:101890000000000000101814121110101010100099
:1018A00000002522000000000000C0300C80601005
:1018B0000000000000000000040300180601000002
:1018C000000000002722000000000080601818605F
:1018D0008000000000000000001806010000000069
:1018E00001061800000028220000000C30C0000093
:1018F0000000C0300C000000000000000000030CDD
:101900000C030000000000002922000000C0F008C5
:101910000C04040C08F0C00000000000001F1F00B1
:1019200000000000001F1F0000002A22000000F835
:10193000F8000000000000F8F800000000000003BC
:101940000F1030202030100F030000002B22000069
:101950000000000000F8FE0202000000000000008D
:1019600000000040407F1F000000000000002E2209
:1019700000000000000040F8FE42020000000000ED
:10198000000000000040427F1F0200000000000035
:101990003422000000000000003030000000000091
:1019A00000000000001818000000000000181800D7
:1019B0000000352200000030300000000000003040
:1019C00030000000000000000000001818000000B7
:1019D000000000003622000000000000003030004F
:1019E00000000000000000000000000000181800C7
:1019F000000000000000372200000030300000002E
:101A00000000003030000000000000181800000046
:101A100000000018180000003D2200C0E010101067
:101A200000804020101010E0C000000001020202FF
:101A30000100000002020201000048220000002014
:101A40003090903020606020100000000000000204
:101A50000101010103020203010000004C220020E9
:101A60007088888840603010888888702000000066
:101A7000001414141414141414141400000060221C
:101A80000000004040404040E078404040000000FE
:101A90000000000202021E07020202020200000011
:101AA0006122000000888888888888888888880063
:101AB00000000000000404040404040404040400FE
:101AC000000064220000004060E0B0901018080C94
:101AD00004000000000000020206040409091B12B1
:101AE000120000006522000000040C08181090B0DD
:101AF000E0604000000000000012121B090904040D
:101B00000602020000006E220000008080C040FC3F
:101B10003030101808000000000000010102023FF0
:101B20000C080810100000006F22000000081810B8
:101B30003070FC40C08080000000000000101808D9
:101B4000080C3F020201010000009922000000E0A1
:101B500030080C04040C0830E0000000000000070E
:101B60001C1030212130101C07000000A5220000AD
:101B70000000000000F8F800000000000000000075
:101B800010101010101F1F10101010100000122342
:101B900000001018080C040404040C0818100000BD
:101BA0000000000000000000000000000000000035
:101BB00060240080300804021232F202020408306D
:101BC000800000010C10204040404F404020100C8D
:101BD00001006124008030080400321212F2000477
:101BE000083080000003081020404C4E4B4948202C
:101BF000100C0300622400C030080402329292727A
:101C000000040830800000010C1020444C48484F6C
:101C10000620100C01006324008030080402C26218
:101C2000F2F202040830800000030C10204342420C
:101C30004F4F4220100C030064240080300804023F
:101C4000F292929202040830800000010C102040B1
:101C50004C48484F0720100C0100652400803008D4
:101C600004C2E292929200040830800000010C103D
:101C700020434F48484F0220100C0100662400808A
:101C8000300804121212D2721204083080000001CF
:101C90000C102040404F43404020100C01006724AE
:101CA000008030080400F29292F2000408308000B4
:101CB00000010C1020464F48494F4620100C0100EF
:101CC0006824008030080440F21212F2C004083088
:101CD000800000010C102040494949474320100C66
:101CE000010069240080300814F00282E21230E41E
:101CF0000830800000010C10204F404147484C271D
:101D0000100C0100742400C07C0200001818F800B8
:101D10000000027CC00000013E60001010101F1087
:101D20001000601E0100752400C07C02001018081D
:101D300008F8F000067C800000033E600010181CCC
:101D400017111000601E0100762400C07C020010F4
:101D5000188888F83000027CC00000013E40001066
:101D6000302020331F00403E0100772400807C0299
:101D70000000C06038F80000027C800000033C4096
:101D800004070504043F0400403E0300782400C01B
:101D90007C0200E0F88888880800027C800000034C
:101DA0003E400010312020391F00403E03007924BE
:101DB00000C07C0200E0309888881800027C800017
:101DC00000033E40000F192020311F00403E030059
:101DD0007A2400C07C0200080808C8781800027C39
:101DE000800000033E400000003F03000000403E32
:101DF00003007B2400807C060070F88808F87000DF
:101E00000678800000033E40001E332121331E006F
:101E1000403E03007C2400C07C0200F0980808B01B
:101E2000E000067CC00000033E4000103121311C60
:101E30000F00403E01007D2400C07C0218F800C065
:101E4000F00808F08678800000033E40003F000361
:101E50001F20201F433E03007E2400C07C02001888
:101E6000F8000018F800027C800000033E400000EB
:101E70003F0000003F00403E03007F2400C07C0282
:101E800018F80000180818F00678800000011E609D
:101E9000001F001018161310701E0100802400C0CF
:101EA0007C0218F800001888C870067CC000000387
:101EB0003E40003F00103020211F443E010081249D
:101EC00000C07C0218F80000C070F8F8027CC00066
:101ED00000013E40001F000303021F1F423E01009D
:101EE000822400C07C0218F80000F8888808027C70
:101EF000800000033E40003F00102020301F403E85
:101F00000300832400C07C0618F800C0F0888818FD
:101F10000678800000033E40003F00071F20201F7E
:101F2000403E0300842400C07C0208F80008080832
:101F3000E818027C800000033E40003F0000003FA4
:101F40000100403E0300852400C07C0218F8000018
:101F5000F08888700678800000033E40003F000C47
:101F60003F21231E403E0300862400C07C0618F853
:101F70000060F80818F0067CC00000033E40003FF7
:101F800000003121311F403E0100872400C07C0643
:101F90001808F870E0780838E678800000031E70B2
:101FA000181E13100F3C203C4F3E030088240000F5
:101FB00000001818F80000000000000000000000F9
:101FC000001010101F1010000018180000008924C5
:101FD00000000010180808F8700000000000000061
:101FE000000000181C161311100000181800000043
:101FF0008A2400000010188888F870000000000093
:10200000000000000008181010190F000018180038
:1020100000008B2400000000C06038F800000000C1
:1020200000000000000000030202021F020200186C
:10203000180000008C2400000080F88888880800C0
:1020400000000000000000000008181010190F0028
:102050000018180000008D24000000E030988888E7
:102060001800000000000000000000070D1010190B
:102070000F000018180000008E2400000008080857
:1020800088E8380800000000000000000000001090
:102090001F0100001018000000008F240000003015
:1020A000F88888D870000000000000000000000ED2
:1020B000191011190E0000181800000090240000DB
:1020C00000F098080898F0000000000000000000F0
:1020D00000081111110C07000018180000009124CD
:1020E000001018F80000E038080830E00000000098
:1020F0000000001F0000071C10100C07001818003B
:102100009224000018F8F8000018F8F80000000009
:1021100000000000001F1F0000001F1F0000181813
:1021200000009324000018F8F80010180818F000B8
:10213000000000000000001F1F00101C16131110EB
:10214000001818009424000018F8F800001888C837
:102150007800000000000000001F1F000818101881
:102160001F06001818009524000018F8F80000C099
:102170007038F800000000000000001F1F0003037B
:1021800002021F02001818009624000010F8F80040
:1021900000F888888808000000000000001F1F0069
:1021A000081010100F07001818009724000018F8E6
:1021B000F800C0F098889800000000000000001FA0
:1021C0001F00070F10101F0F0018100098240000A8
:1021D00010F8F800000808C8781800000000000097
:1021E000001F1F0000001C1F000018180000992489
:1021F000000018F8F80000708888D870000000000F
:102200000000001F1F000E1B10111B0E00181800ED
:102210009A24000018F8F80060F80808B0E0000000
:1022200000000000001F1F00001911190F070018FF
:1022300018009B240010180818F000E0F80818F0A7
:10224000800000000010181E131110071F10180F37
:102250000118100000250020202020202020202010
:1022600020202020200000000000000000000000CE
:102270000000000000000125006060606060606098
:1022800060606060606060000000000000000000AE
:102290000000000000000000022500000000000017
:1022A000000000000000000000000000000000002E
:1022B00000000000000000000000032500000000F6
:1022C000000000FFFF000000000000000000000010
:1022D0000000003F3F000000000000000425000057
:1022E00020202000002020000020202000000000EE
:1022F00000000000000000000000000000000525B4
:10230000000060606000606060400060606000002D
:1023100000000000000000000000000000000000BD
:102320000625000000000000000000000000000082
:10233000000000000000000000000000000000009D
:1023400000000725000000000000009C9C00000029
:1023500000000000000000000000003B3B00000007
:1023600000000000082500002020002020000020A0
:1023700020002020000000000000000000000000FD
:1023800000000000000009250060606000606060DF
:1023900060606000606060000000000000000000FD
:1023A00000000000000000000A25000000000000FE
:1023B000000000000000000000000000000000001D
:1023C000000000000000000000000B2500000000DD
:1023D000000000EEEE000000000000000000000021
:1023E0000000007777000000000000000C250000CE
:1023F000000000000000101010101010100000006D
:1024000000000000000000000000000000000D259A
:102410000000000000000000181818181818180014
:1024200000000000000000000000000000000000AC
:102430000E2500000000000000F0F0101010101039
:102440001000000000000000000F0F00000000005E
:1024500000000F2500000000000000F8F818181810
:1024600018181800000000000000000F0F00000006
:1024700000000000102500101010101010100000B7
:10248000000000000000000000000000000000004C
:10249000000000000000112500181818181818185E
:1024A000000000000000000000000000000000002C
:1024B0000000000000000000122500101010101095
:1024C00010F0F0000000000000000000000000001C
:1024D000000F0F000000000000001325001818185E
:1024E000181818F8F80000000000000000000000B4
:1024F0000000000F0F000000000000001425000085
:1025000000000000000000000000000000000000CB
:102510000000000000000202020202020200152573
:1025200000000000000000000000000000000000AB
:102530000000000000000000030303030303030086
:10254000162500000000000000FEFE000000000054
:10255000000000000000000000030302020202026B
:102560000200172500000000000000FEFE00000031
:10257000000000000000000000000003030303034C
:102580000303030018250000000000000000000005
:10259000000000000000000202020202020200002D
:1025A00000000000000019250000000000000000ED
:1025B0000000000000000000000303030303030306
:1025C00000000000000000001A25000000000000CC
:1025D00000FEFE00000000000000000202020202F5
:1025E000020303000000000000001B2500000000A3
:1025F000000000FEFE0000000000000000030303D6
:102600000303030303000000000000001C2500007A
:1026100000000000000000000000000000000000BA
:1026200000000000000001010101010101001D2561
:10263000000000000000000080808080808080001A
:102640000000000000000000010101010101010083
:102650001E2500000000000000FFFF000000000039
:102660000000000000000000000101010101010163
:1026700001001F2500000000000000000000000015
:102680000000000000000000000000FFFF01010149
:1026900001010100202500000000000000FFFF00F4
:1026A00000000000000000000000000000FFFF012B
:1026B000010101010100212500000000000000FFD0
:1026C000FF8080808080800000000000000000010A
:1026D00001010101010101002225000000000000AC
:1026E00000808080808080808000000000000000EA
:1026F00000FFFF010101010101002325000000008E
:10270000000000FFFF8080808080800000000000CB
:10271000000000FFFF01010101010100242500006C
:1027200000000000000000000000000000000001A8
:102730000101010101010000000000000000252549
:102740000080808080808080000000000000000009
:102750000001010101010101000000000000000072
:10276000262500000000000000FFFF000000000020
:102770000000000101010101010101000000000051
:1027800000002725000000000000000000000000FD
:102790000000000000010101010101FFFF00000035
:1027A00000000000282500000000000000FFFF00DE
:1027B00000000000000000010101010101FFFF0015
:1027C000000000000000292500808080808080FFBC
:1027D000FF000000000000000001010101010101F3
:1027E00001000000000000002A2500808080808019
:1027F0008080800000000000000000010101010154
:1028000001FFFF000000000000002B2500808080F9
:10281000808080FFFF000000000000000001010137
:10282000010101FFFF000000000000002C25001046
:1028300010101010101010101010101010000000C8
:1028400000000000000000000000000000002D2536
:102850000018181818181818101010101010100060
:102860000000000000000000000000000000000068
:102870002E25001010101010101018181818181805
:102880001800000000000000000000000000000030
:1028900000002F25001818181818181818181818DC
:1028A00018181800000000000000000000000000E0
:1028B00000000000302500101010101010F0F01073
:1028C000101010101000000000000000000F0F009A
:1028D000000000000000312500181818181818F81A
:1028E000F810101010101000000000000000000F81
:1028F0000F00000000000000322500101010101022
:1029000010F8F81818181818180000000000000037
:10291000000F0F00000000000000332500181818F9
:10292000181818F8F81818181818180000000000DF
:102930000000000F0F000000000000003425000020
:102940000000000000000000000000000000000285
:102950000202020202020202020202020200352503
:102960000000000000000000000000000000000067
:102970000003030303030303020202020202020034
:1029800036250000000000000000000000000000EC
:102990000000000202020202020203030303030317
:1029A00003003725000000000000000000000000C8
:1029B00000000000000303030303030303030303F6
:1029C00003030300382500000000000000FEFE00A5
:1029D00000000000000000020202020202030302E3
:1029E000020202020200392500000000000000FE81
:1029F000FE000000000000000003030303030303C4
:102A000003020202020202003A2500000000000058
:102A100000FEFE00000000000000000202020202B0
:102A2000020303030303030303003B25000000002C
:102A3000000000FEFE000000000000000003030391
:102A40000303030303030303030303003C25000004
:102A50000000000000000000000000000000000175
:102A600001010101010101010101010101003D25F7
:102A700000808080808080800000000000000000D6
:102A80000001010101010101010101010101010038
:102A90003E250000000000000000808080808080D3
:102AA0008000000101010101010101010101010199
:102AB00001003F2500808080808080808080808031
:102AC000808080000001010101010101010101017B
:102AD00001010100402500000000000000FFFF0090
:102AE00000000000000000010101010101010101DD
:102AF000010101010100412500000000000000006B
:102B0000000000000000000000010101010101FFC0
:102B1000FF01010101010100422500000000000049
:102B200000FFFF00000000000000000101010101A2
:102B300001FFFF01010101010100432500808080A8
:102B4000808080FFFF000000000000000001010104
:102B50000101010101010101010101004425000001
:102B60000000000000FFFF80808080808000000166
:102B700001010101010101010101010101004525DE
:102B80000080808080808080800000000000000045
:102B900000010101010101FFFF010101010101002B
:102BA000462500000000000000808080808080803A
:102BB000800000010101010101FFFF01010101018C
:102BC0000100472500808080808080FFFF8080801A
:102BD000808080000001010101010101010101016A
:102BE00001010100482500808080808080808080F5
:102BF00080808080800000010101010101FFFF0150
:102C0000010101010100492500808080808080FF52
:102C1000FF0000000000000000010101010101FFB0
:102C2000FF010101010101004A2500000000000030
:102C300000FFFF8080808080800000010101010191
:102C400001FFFF010101010101004B25008080808F
:102C5000808080FFFF8080808080800000010101F3
:102C6000010101FFFF01010101010100A025000098
:102C7000F8F8F8F8F8F8F8F8F8F8F8F800000000B4
:102C80003F3F3F3F3F3F3F3F3F3F3F3F0000A1258A
:102C90000000FC04040404040404040404FC000014
:102CA00000003F202020202020202020203F000066
:102CB000B225000000000080E0F8F8E0800000008D
:102CC00000000000303C3F3F3F3F3F3F3F3F3C3034
:102CD0000000B325000000000040100C0C10400064
:102CE0000000000000003826212020202020202184
:102CF00026380000C625000080C0E0F0F8FCFCF893
:102D0000F0E0C0800000000103070F1F3F7F7F3FFE
:102D10001F0F07030100C725000080402010080492
:102D20000408102040800000000102040810204028
:102D30004020100804020100CB25000060180004A8
:102D400000020200040018600000000006180020C5
:102D500000404000200018060000CE25000060184A
:102D600040141002021014C0186000000000061089
:102D7000022808404008280318060000CF2500005C
:102D8000F0F8FCFEFEFEFEFEFEFCF8F00000000087
:102D9000030F1F1F1F3F3F1F1F1F0F0300000526AC
:102DA00000004040C0C0E0FCFCE0C0C0404000006B
:102DB00000000000180F0F07070F0F180000000099
:102DC0000626000040C04040401C184040404040A3
:102DD000000000000000312E100808102E31000005
:102DE0000000402600000000007CC68282C67C00F5
:102DF00000000000000000020202023F3F02020247
:102E000002000000422600000080C04040C0642450
:102E1000140C7C0000000000000F1810100D0700BB
:102E20000000000000000030000000000000000072
:102E30000000000000000000000000000000000092
:102E4000000000000000000001300000C080000011
:102E5000000000000000000000000000000103026C
:102E60000000000000000000000002300000E02030
:102E700020C000000000000000000000000001026F
:102E8000030100000000000000000000033000000B
:102E9000000000C0F0100080F030000000000000D2
:102EA00000000603000006030000000000000530DB
:102EB0000000000080E03C2C2020A0E0200000006A
:102EC00000000006010006040C1E33000000000094
:102ED000083000000000000000000000C060180C76
:102EE000000000000000000000000001070C30603E
:102EF0000000093000000C1860C000000000000055
:102F000000000000000060300C070100000000001D
:102F1000000000000A30000000000000000000C0B7
:102F200030CC701C00000000000000000000010612
:102F300018671C7000000B3000001C70CC30C00003
:102F400000000000000000000000701C671807016E
:102F500000000000000000000C3000000000000035
:102F600000000000FC040404040000000000000055
:102F7000000000000F00000000000D300000000005
:102F800000F8000000000000000000000010101019
:102F9000101F000000000000000000000E300000C4
:102FA00000000000000000FC04F414140C000000F9
:102FB000000000000000000F080F000000000F30AC
:102FC00000000000F808F800000000000000000009
:102FD0000018141417101F0000000000000000006B
:102FE000103000000000000000000000FCFC1C0489
:102FF0000000000000000000000000007F7F704023
:10300000000011300000041CFCFC00000000000067
:1030100000000000000040707F7F00000000000002
:1030200000000000133000003C3C3C3C3C3C3C3C7D
:103030003C3C3C3C000000003C3C3C3C3C3C3C3CC0
:103040003C3C3C3C0000143000000000000000004C
:10305000000000F80C040000000000000000000068
:103060000000003F2040000015300000040CF80074
:1030700000000000000000000000000040203F00B1
:1030800000000000000000000000163000000000FA
:1030900000000000000080000402000000000000AA
:1030A0000000000000000100204000001730000078
:1030B000020400000000000000000000000000000A
:1030C000402000000000000000000000000041302F
:1030D000000000001090F0F850D0F09000000000C8
:1030E000000000081F111F1E063110190F000000FC
:1030F0004230000000101090FC5450D0F0D88000F6
:1031000000000000183E23313F3C066320301F0EB4
:103110000000433000000000F8000000000010F044
:103120008000000000000000070C0C0602000001F7
:10313000030000004430000000FC0000000000001C
:103140000838E0000000000000070E18180E02000A
:1031500000000307000045300000000040606C28BC
:10316000282868C0000000000000000000000808D7
:10317000080C070300000000463000000020203645
:103180001616141434E000000000000000000010C7
:103190001018180C06030000000047300000000063
:1031A00040404C48C86808000000000000000000D3
:1031B0000C060201030E0808080000004830000059
:1031C0000020202226A6E464240000000000000065
:1031D00000180C060301071E1010101000004930E3
:1031E000000000101010FC9098808818300000003B
:1031F000000000040F090F0008080C070000000081
:103200004A300000002020FCFCB0B09080902020CC
:1032100000000000083E223F3F00202030190F0030
:1032200000004B300000202020F03C2020E08010E7
:1032300070C00000000020380F032020301F010064
:10324000000100004C300000202020FC3C2020E049
:103250000034EC860000000020380F012020301FD1
:103260000000000100004D30000000909090909010
:10327000BCF098D840000000000000001C30202066
:1032800020242706000000004E300000009090909F
:10329000909CF8D0D8CC080C00000000001C342012
:1032A000202024252600000000004F3000000000F0
:1032B000C0E030180C060200000000000000000012
:1032C000000103060C181000000000005030000040
:1032D0000000C0A030180C16601020000000000094
:1032E0000000000103060C1810000000000051301F
:1032F000000000FC040020202020FCFC2020000016
:103300000000003F1E00000020301F0300000000EE
:103310005230000000FC000040404040FC203C24B3
:1033200008000000073F0C00000060301F00000094
:1033300000005330000000000808080808080808CA
:10334000000000000000000C1E3020202020203053
:103350003000000054300000000010101010101059
:103360001014080600000000001C3C302020202023
:103370002020000000005530000000101010101038
:103380001C3CF01818000000000000001E30202037
:1033900022222323000000005630000000202020BD
:1033A00020203C70B034180600000000000C1E30D5
:1033B00020202222230300000000573000000000DC
:1033C000FCFC000000000000000000000000000005
:1033D0000F3F2020202030180C0000005830000043
:1033E0000000FE1E0000000C100C08000000000091
:1033F00000000F1C10101010180C060000005930AF
:10340000000010101090D050DCFC101010100000C4
:1034100000000000002327341E0F00000000000001
:103420005A30000010101090D050FC90101C101456
:10343000000000000000002324341F0700000000EB
:1034400000005B300000404040F840402020FC205D
:103450002020000000000000001F30202222232036
:10346000000000005C300080C040F8F84040404060
:10347000FC40584C0000000000001F3F2020242486
:103480002720000000005D30000000008084C4E4BC
:10349000B49C8C80800000000000010101011F33FA
:1034A00031202000000000005E3000000000848415
:1034B000C4A49C8C84B09810000000000101010598
:1034C0001F3120202000000000005F30000010109D
:1034D00010F03C10584040404040000000000038D0
:1034E0001F0300083C202020202000006030000046
:1034F0001010D0FE1E185840404C480C0000000030
:10350000101C0700000E1810101010000000613091
:103510000000101090F81C90909098180000000087
:1035200000000000072321202020301B0F00000096
:10353000623000001010D0FC10101018180408069B
:10354000000000000004072223212131331E040063
:103550000000633000000020602030301010107038
:10356000C000000000000000000008080C0C04036C
:103570000100000064300000203010101808080816
:103580000818F0E0000000000000000008080C0C23
:103590000406030000006530000040606020301029
:1035A0001010103CE88400000000000000002030F3
:1035B0003010180C070100006630000008080C0CE1
:1035C000CCF41C0C04040400000000000000000007
:1035D00003070C18101000000000673000000808F6
:1035E0000C0CCCF41C0C04643460000000000000DF
:1035F0000000030F081810100000000068300000E1
:103600000000069EF0602030180800000000000056
:1036100000000F1910101010101010000000693079
:10362000000000001CF8C0C0402030040804000066
:103630000000000C1F31202020202020000000006E
:103640006A300000101090F01C1018C0D01030200C
:1036500000000000000603103C24243D1F08180051
:1036600000006B30000000FC040000080808080897
:10367000080000000000003F0E00000E181010109F
:10368000101000006C30000000B8E06020F07C10EA
:103690001020C000000000001E11111F0E0338246E
:1036A000243C1F1800006D3000002030B0FC40604A
:1036B00030101030E000000000000806033F00005A
:1036C0003C24243C1F1810006E300000C0F0180885
:1036D0000CFC1C040C18F0C000000000030E0C0CC5
:1036E00007011010180C070100006F30000000FEE9
:1036F000000010101010FEDC101000000000001F71
:1037000006000C1E12121F0F040C00007030000087
:10371000E0FC000020202020FC202C0600000000FF
:103720001F3C0400182424243F0C181000007130A2
:103730000000E0FC000020202020FC202E0A0400D5
:1037400000001F3C0400182424243F0C1810000023
:10375000723000000888E83C0C0400001CFCC080AB
:103760000000000000070D10101010180F010001DC
:103770000000733000001010D03818080000F8E086
:10378000880408000000003F6160404060301F0175
:1037900003020000743000001010D0381808000038
:1037A000F8E08C120C000000003F61604040603087
:1037B0001F0103020000753000000000000042C637
:1037C0009C180080000000000000080C0612101079
:1037D0001B1E0000030E00007630000000000000F9
:1037E00046C41C180088100C000000080C040210CD
:1037F00010101B0E0001070C0000773000000000C5
:10380000000046843C1800982414000000080C04B2
:10381000061010111F0E0001070C00007830000088
:1038200000C06030181830E0800000000000000088
:1038300001010000000000000103060C00007930C7
:103840000000000080602060C08030201830000040
:1038500000000603010000000001030E1810000024
:103860007A3000000080C030103060C098242418E6
:1038700000000000030100000000000001070C0828
:1038800000007B30000000FE000000242404FC2423
:10389000242000000000011F07000C1E12121F064A
:1038A0000C0800007C300000E07C000088888888DC
:1038B000F8888C04000000003F3C040018242434E5
:1038C0001F08181000007D300000E07C0000888890
:1038D0008888F8888E0A040000003F3C0400182401
:1038E00024341F08181000007E3000000000909063
:1038F0009090FC90909090000000000000003C240C
:1039000024241F0C0818100000007F3000000080E5
:1039100084C4C4F4DC848080E000000000000F094F
:103920000C06030030180C07030300008030000071
:1039300010D050FC101018000010302000000000C3
:10394000070F083F21202020203C0C000000813080
:103950000000008078E03010F03C3020E080000073
:1039600000000F1B10190F0F212030180F07000047
:1039700082300000001010F0FC20202000800000A9
:10398000000000000101011F3121212130111F0021
:1039900000008330000000C05870E02C181010F0B8
:1039A000E0000000000000000000031E0101010112
:1039B00000000000843000008088F8E0E0243C1023
:1039C0001010F0E00000000001000001073C2002A0
:1039D000020203010000853000000000F8C0203022
:1039E00038F81020E0000000000000000700031E6F
:1039F0000F070402010000008630000000F880403C
:103A000020303CF81030E0C000000000000F010042
:103A1000263C1F0F080C0703000087300000000041
:103A2000000000FCFC10101000000000000000006E
:103A30001E12121F0F040C08000000008830000046
:103A40000000000000FEFE1010101000000000003A
:103A5000000C1212121F0F04040C08000000893021
:103A600000000000F004048C88888800000000003A
:103A700000000000072321202030301F0F0000002D
:103A80008A3000000000FE76180C040418F00000D4
:103A900000000000000003001010180806030000DA
:103AA00000008B30000000000888C8C8A898880073
:103AB000000000000000000603193C242C383019D7
:103AC0000E0000008C3000002020A0FC4060301070
:103AD00010F00000000000001C06033F0000000082
:103AE000183F203010008D300000000084C4E464D2
:103AF000544C44800000000000000003011010102E
:103B00001010180D070000008E300000002020E08B
:103B1000F84020202060C000000000000004071FC3
:103B20001F000018180C070000008F300000202034
:103B3000A0FCC04020202060C080000000000C06D7
:103B4000033F0000003010180C0700009030000008
:103B500000008444C4F43C20604080000000000069
:103B60001C37301C0738242438301F0200009130E5
:103B7000000000804464B4B4BC2C24C000000000E9
:103B800000002030180D1E32331A0B0930200000BF
:103B9000923000000090D0F05C50D09098C040006F
:103BA000000000000001001C362327212020000017
:103BB000000093300000000000C0B09C80000000B6
:103BC000000000000000303C070100001F302030E2
:103BD000180E0000A13000000010101010D05090FE
:103BE000D070300000000000000010180C0700002A
:103BF000000000000000A23000000004040404F4EF
:103C0000244464341C0C00000000000010180E0353
:103C10000000000000000000A330000000008080D1
:103C2000C0C0E030180800000000000000010100E2
:103C300000081F00000000000000A4300000000089
:103C4000008080C0C0603018080000000000010142
:103C5000010100003F00000000000000A53000004E
:103C60000000F010101C1C1010F0300000000000CC
:103C70000000000018180C06030100000000A63028
:103C8000000000F01010101C1C1010D0F0000000FC
:103C9000000000010000203010180E03000000009A
:103CA000A73000000000101010F0F01010100000FD
:103CB0000000000000080808080F0F0808080800A6
:103CC0000000A83000000008080808F8F8080808F4
:103CD00008000000000008080808080F0F0808087E
:103CE00008080000A93000000000202020A0E0F813
:103CF000202020000000000000000C060311101F0F
:103D0000000000000000AA3000000010101090D049
:103D100070FE1010101000000000040406030110D3
:103D2000101F000000000000AB3000000010101059
:103D3000D07E10101010F0000000000000100806E7
:103D400003001010101F07000000AC3000002020FE
:103D50002020FC7C202020ECE00C00000000203023
:103D6000180E03002020303F03000000AD3000009B
:103D7000006060202CF8A03030100000000000002F
:103D80000006060202033F33030101010000AE30CA
:103D90000000406020203CF82030301C0804000067
:103DA00000000406020202073F03030101000000B5
:103DB000AF3000000080C060381C101010F07000A0
:103DC000000000000001202030180C060301000054
:103DD0000000B0300000808060301C141010D0F45F
:103DE0001806000000000100602030180C070300D6
:103DF00000000000B13000000080E03C242020E002
:103E000020202020000000000101002030180F03B6
:103E1000000000000000B230000000C0703C202014
:103E2000E0E0202C282400000000010100203018D0
:103E30000F01000000000000B33000000008080877
:103E4000080808080808F800000000000008080832
:103E500008080808080C1F000000B430000000101B
:103E600010101010101010FCF206000000000010DE
:103E7000101010101010103F3F000000B53000006F
:103E8000101010FE10101010FE1010100000000096
:103E9000000000011010180E030000000000B630F2
:103EA00000002020F8FC20202020FC20282C0000EE
:103EB0000000000003032020380F03000000000072
:103EC000B730000000C08088103000000000808003
:103ED00000000000002030311018080C060301001B
:103EE0000000B830000040C080981030000008107A
:103EF0008C18000000000020303110180C0406035C
:103F000001000000B930000000040404040484E44B
:103F10003C0C0000000000000018080C0603010122
:103F2000070C18000000BA3000000010101010102C
:103F300010D0701C080E00000000203030180C0655
:103F400003070C3830000000BB30000080C0C0FC0C
:103F5000FC40602020E07000000000000000001F16
:103F60003F202022233130000000BC30000080C000
:103F7000C0FC4040606020E46804000000000000D5
:103F8000001F30202022232020000000BD30000030
:103F9000000C386000000000C07C0C000000000035
:103FA00000000018080C0603010000000000BE30ED
:103FB00000000030E0C000000000C0FC0004000071
:103FC00000000000003030180C0603000000000064
:103FD000BF3000000080C060B89C101010F070006E
:103FE000000000000001203030190F06070D00000E
:103FF0000000C03000000080C0309C1C101090F405
:1040000018060000000001006030311B0E060F088A
:1040100000000000C13000004044444444CCFC4453
:104020004646404000000000000010180C07010048
:10403000000000000000C23000004044444444FC42
:10404000FC44465A505800000000000010180C07AD
:104050000000000000000000C330000000007040BD
:104060000038200080F01000000000000000000870
:104070000C040603010000000000C43000000838F2
:104080006000043C200080E0780800000000000090
:104090000010180C0406030000000000C5300000EA
:1040A00010F080001870000000E4700400000000B0
:1040B0000000003030180C06030100000000C6307C
:1040C0000000404044444444C44444444040000050
:1040D000000000000010180F0300000000000000A6
:1040E000C7300000808088888888888888848C868B
:1040F0000000000000002020301F0700000000002A
:104100000000C830000000000000F880808000003F
:10411000000000000000000000003F00000101035B
:1041200002000000C9300000000000F8F880808024
:1041300030081800000000000000003F3F000101AF
:10414000010300000000CA3000002020202020A031
:10415000FE202020202000000000000010180C0786
:104160000100000000000000CB300000000808083B
:1041700008080808080800000000000008080808EF
:1041800008080808080808080000CC3000000004EF
:104190000464C48484C4741C000000000000001087
:1041A00018180C060303060C00000000CD300000B8
:1041B00000101010101C9CD0703000000000000097
:1041C00004040606033F3F00020604040000CE304C
:1041D000000000000000000080C0781C000000000B
:1041E00000000008080C06020300000000000000A8
:1041F000CF300000000080F03000001870C00000D8
:1042000000000000101C07010000000000031F1840
:104210000000D0300000000000F010000030E08806
:10422000100C00000000101C070100000000000737
:104230001E100000D1300000000080F010000010BF
:10424000F08C121600000000301C07010000000076
:1042500000073E100000D23000000000FCC8C0C0C3
:104260004060602000000000000000001F39202096
:104270002020202030000000D33000000000FC800F
:10428000C0C04060602C060C0000000000003F3001
:1042900020202020203000000000D430000000004A
:1042A000FC8080C04060603C121C000000000000E8
:1042B0003F3020202020203000000000D5300000BA
:1042C000000808080808080888F8380000000000FE
:1042D0000000003030180C06030100000000D6304A
:1042E0000000001010101010101010FE3806000012
:1042F0000000000020203010180E07010000000010
:10430000D7300000001010101010101010F83E12DE
:104310000C000000000020203010180E07010000E3
:104320000000D83000000080C060303060C08000E5
:104330000000000000000203000000000000010770
:104340000C180000D9300000000080602060C080A0
:1043500010201830000000000603010000000001DA
:1043600003061C180000DA3000000080C030103056
:1043700060C0982434080000000003010000000021
:10438000000001030E0C0000DB30000010109090C4
:10439000101AFE101090101000000000040601100A
:1043A00010181F00000103060000DC300000202070
:1043B000202020FCFC20202C200C000000000806FF
:1043C0000320203F1F0000030E080000DD30000026
:1043D0002020202020FCFC20202E2A0E000000009F
:1043E00008060320203F1F0000030E080000DE30F7
:1043F00000000808888808080888C868380800008D
:1044000000000000000103060F191000000000006A
:10441000DF3000000000404444CCC8888818000009
:1044200000000000000404040C0C08081810000030
:104430000000E0300000000000C0F80E00008080A6
:1044400000000000000008080E0F080C0C0C0C0700
:104450000E180000E130000000002060C08080C025
:104460007038000000000000003010180C06030334
:10447000060C18000000E23000008088888888F868
:104480008888888888800000000000000000013FC4
:104490003020202020000000E33000000040405881
:1044A000F8E02020A0E03000000000000000000044
:1044B000000F1C01010000000000E430000040403B
:1044C000407CE0202020B0F07010000000000000D0
:1044D0000000033F3001010000000000E530000053
:1044E0000000101010101010F0000000000000007C
:1044F0000004040404040407070404000000E63078
:1045000000000000080808080808F878000000000B
:10451000000008080808080808080F080808000034
:10452000E7300000000090909090909090F0000094
:10453000000000000000080808080808081F000024
:104540000000E8300000000808080808080808F81B
:10455000F800000000000010111111111111113F9D
:104560003F000000E93000000020242424242424FB
:1045700024E4E00000000000000000101018080C07
:10458000060300000000EA3000000000F800000010
:104590000000F8F8000000000000000003002030D8
:1045A00010180F0300000000EB300000000080FC3A
:1045B0000000FCFC0000000000000000180C0701D7
:1045C00000000F1F0C0406030000EC300000000088
:1045D000FCFC0000000000008080000000000000E3
:1045E0000F1F080C0406020301000000ED3000005C
:1045F00000F80808080808080808F800000000008B
:10460000001F08080808080808081F000000EE300E
:1046100000000000F0101010101010F0100000004A
:1046200000000000000018180C0603010000000044
:10463000EF300000007C04040404040404F47C0053
:10464000000000000000001010180C06030100001C
:104650000000F0300000001010F010101010FE10DC
:1046600010100000000002020203020202061F02F4
:1046700002020000F13000000008080808E80808FD
:10468000483818080000000008080808080F080843
:10469000080808080000F2300000000444444444C4
:1046A000444444F47C000000000000000010101896
:1046B0000C06030100000000F330000000000C189D
:1046C000300000000080E020000000000008080822
:1046D0000C040603010100000000F430000010F09B
:1046E0001010101C101010F47206000000000001E1
:1046F00000202030181C0E0300000000F5300000E0
:1047000000202020A0F8202020E000000000000071
:1047100000000C06030008080C0700000000F6303B
:1047200000000080C0783820A0E020202000000099
:10473000000000010000180C07000000000000004D
:10474000FB3000000000000040E0E04000000000FE
:104750000000000000000000000000000000000059
:1047600000000531000000203C242020202020E013
:104770006000000000000000000000202020381F22
:104780000000000006310000000038AE202020208C
:10479000A060000000000000202020311B0E0E0F42
:1047A0001930000000000731000000FC040404047C
:1047B00004040404FC0000000000001F00000000CE
:1047C000000000001F0000000831000000F8080889
:1047D000080808080808080000000000003F202022
:1047E000202020202020202000000931000000008F
:1047F0003C2420E060202020E00000000000202079
:1048000010180E032020203F070000000A3100008E
:1048100020202020E07C2E202020202000000000EE
:104820000020383F313010121E18300000000B31CC
:1048300000000004040484E4B49C84808000000030
:1048400000000000000000202020201C07000000C5
:104850000C31000000303C2020E07E202020E000D1
:10486000000000002030101806032020203E0F001A
:1048700000000D31000000C0B01C0600E0301C0636
:10488000000000000000000001061C100003061CD0
:10489000100000000E310000020242725E464242E9
:1048A00042C20202000000000000000010101010C0
:1048B0000E03000000000F31000000FCFC040404A3
:1048C00004040404040400000000180F00000000A9
:1048D0000000000000000000103100000000FCFC9F
:1048E00000000000FEFE00000000000000000703C2
:1048F000020203011F1F0000000011310000000030
:1049000040E030180C06020000000000000000002B
:1049100000000103060C1800000000001231000026
:104920000404040404FCFC04040404040000000067
:1049300000000000001F1F000000000000001331F5
:10494000000000F8000000FCFC000000F80000007F
:10495000000020232222223F3F2222222320000087
:1049600014310000000020301098CC4420100000CA
:10497000000000000006020301013F0000000000EB
:104980000000153100000002C2424242424242424F
:104990007E0000000000301E030000000000000048
:1049A000000000001631000000FE06021262C20282
:1049B00002FEFE0000000000000F080808080809B9
:1049C000081F1F000000173100000004040404FC4D
:1049D00004040404FC000000000000000000003F8C
:1049E000000202030100000018310000101010D076
:1049F000781E1010101010100000000000000101BF
:104A0000010101711F0300000000193100000000C6
:104A10000080F01C000000000000000000000018F2
:104A20001E1B180808080B0E1C1000001A3100008D
:104A30000008183060C0C060301808000000000096
:104A400000000000003F3F000000000000001B319C
:104A50000000040484C444447C04040404040000EE
:104A600000000007081810101010180C04000000B7
:104A70001C310000101010909090FC1010101010BD
:104A800000000000000F1130202020203018080006
:104A900000001D310000404040FC40404040FC40D0
:104AA0004040000000000000003F2020202723207D
:104AB000200000001E31000002625A4242F27E4293
:104AC0004242C202000000000010180C0301000066
:104AD000101F030000001F3100000018080C0C78A4
:104AE000C080000000000000000000000000000086
:104AF0000003060C080000002031000000C0E0F0B8
:104B000058CCC26030100000000000000018180CE3
:104B10000A090808080F1C100000213100000004D9
:104B2000042444848484643C0C00000000001010C1
:104B300018080C060303061C1000000022310000B8
:104B40000084E4BC84848484F4BC80000000000001
:104B50000000000000000000101E070000002331CC
:104B6000000000C0F09C8080808080808000000079
:104B700000000000000000000000203C07000000D2
:104B8000243100002020202020FCA02020202020F4
:104B9000000000002030180C07033F2020202020B8
:104BA00000002531000000000000E0380C0000008B
:104BB00000000000000000381E131110101010102B
:104BC0001010000026310000000000FCFC0000FC7A
:104BD00000000000000000002030180F0000003F1F
:104BE000302020200000273100000020202020203D
:104BF0002020202020000000000000000000000015
:104C0000000000000000000028310000000010201B
:104C100040C080C070180000000000000030101874
:104C20000C0603030C18300000002931000000FEC0
:104C30000000000000000000FE0000000000001F57
:104C400010101010101010103F000000203200C093
:104C50007C028080808080808080027CC000000197
:104C60003E400000000000000000403E01002132F4
:104C700000C07C021010101010101010027CC00038
:104C800000033E400808080808080808403E0100E4
:104C9000223200C07C021090909090909010027C84
:104CA000C00000033E401010101010101010403EC5
:104CB000030023320000F804F010F010F0F010F0C0
:104CC00004F8000000011F601F0B09080809091FF4
:104CD000601F0000243200C07C02888888F8888821
:104CE0008808027CC00000033E5010101F101010F6
:104CF0001F10503E030025320080F8062020202C93
:104D00003820202006F8000000011F60180701006D
:104D10000001071C601F0000263200C07C8280C09A
:104D2000FC4040406060027CC00000033E40000048
:104D30001F101010180C403E010027320080FC02AA
:104D400000C07C0000FC800002FC800000000F100E
:104D50000C0300000000030C100F0000283200C0FC
:104D60007C022020FC3C20E00000027CC00000030C
:104D70003E40180C0300001F10184C3E0100293261
:104D800000E00E41404040FCFC404040410EE0004D
:104D900000031C200000000F0F000000201C030077
:104DA000004E000020202020202020202020202035
:104DB00020000000000000000000000000000000D3
:104DC0000000014E0000040404040404FC04040474
:104DD0000404000000000000002020203F0000002C
:104DE00000000000034E00008080C0C0FE40404034
:104DF0006060202000000000000000003F20202014
:104E0000202030180000074E0000020202FA7E2225
:104E1000222222A2E2020000000030180E0300004D
:104E20002020203F07000000084E00001010D09006
:104E3000101090FE10101010000000006060203371
:104E40001E1C1F31202060600000094E0000000879
:104E500008080808080808080800000000002020CA
:104E60002121212121212121202000000A4E0000A2
:104E70000000000000FE40404040400000000000F4
:104E800020202020203F20202020202000000B4E2A
:104E900000000202020202FE326242C282020000EE
:104EA000000000000000003F0000000001000000C2
:104EB0000C4E0000040404FC04040404FC04040478
:104EC0000000000030180F03000000003F00000049
:104ED00000000D4E00000282824232FAFE2262C2BF
:104EE00082020000000003010000003F3F000000BC
:104EF000010100000E4E00000080FC8C888888882C
:104F000088888880000000000404040404044444E9
:104F100044703F000000104E000002E2720202FEE8
:104F2000FE222222220200000000000101010101F4
:104F3000212121213F070000114E0000024242C200
:104F4000FE42424242FE0000000000001010101F0E
:104F500013101010101F10100000134E00004048D6
:104F600048C8784E484848484840000000000000C3
:104F700000091911313D670301000000144E0000C3
:104F80000000FE222222222222FE00000000000059
:104F900010101F1111111111111F10100000154ECA
:104FA0000000040484C464F4FC6444840404000029
:104FB000000022212120202F2F202020212200004C
:104FC000164E00002020FC2020FEFC2020FE202089
:104FD0000000000000003F20202727242427202055
:104FE0000000184E00000000F88888888C8C8484AB
:104FF00080800000000020203F20202020203F2033
:1050000020200000194E0000E2E2222222FEBE22F1
:105010002222E2E2000000003F3F0C0603010103F0
:1050200026243F1F00001A4E000020E00000FE0072
:1050300000FE0000E02000000000202123203F208F
:10504000203F2223202000001B4E00000000F07EA5
:10505000C00000E0FEC00000000000002826232061
:10506000212F26232023262C00001C4E0000080898
:10507000C8781C0EE8080808080800000000203165
:105080001D0141417F01010D312000001D4E000036
:1050900040705CC660104070DCC6701000000000FC
:1050A00024262724242424262524242400001E4EDC
:1050B0000000202424E424E4F47C8CC4602000005C
:1050C000000024262328282F27202123262400001F
:1050D000224E00000024242424FCFC262622220048
:1050E000000000000131392D27213131351931619E
:1050F0000000244E0000F2F212F2FE1212FE921292
:10510000F2F2000000003F3F0C03010F07012127CE
:105110003F1F0000254E0000C2CA7A427E42427EF6
:10512000425A4E42000000003F070000000000000D
:10513000000000000000274E00000808684808FC36
:10514000FC08C83808080000000001017F21212365
:105150000719192527610000284E000000000000F3
:1051600000FEFE0000000000000000000000000043
:10517000003F3F000000000000002A4E0000C04039
:10518000203018CCCE18302060C000000000000095
:105190000000003F3F000000000000002B4E000018
:1051A0000002060C18E0F0180C06020000000000D7
:1051B00000000000001F1F000000000000002C4E37
:1051C0000000000000083000FE00000000000000A9
:1051D00000000000040602033F0000000000000081
:1051E0002D4E0000F0F0101010FEFE101010F0F028
:1051F0000000000007070202027F7F020202070789
:105200000000304E00000888888888FEFE88888864
:1052100088080000000004040404047F7F040404E0
:1052200004040000324E00000078484848FCFC4866
:1052300048487800000000000F1F0909097F7F0916
:1052400009091F1F0000344E0000F800FCFC603804
:105250000E2868480808000000001F003F7F007FFC
:1052600021213F21217F0000364E00000000001860
:10527000302040C08000000000000000000000005E
:1052800000000000010000000000384E0000084847
:10529000C888FF080808F8F8000000000000201087
:1052A0001C07030604001F3F20301C00394E00007D
:1052B0008080FE828A9AB2A282FE80800000000076
:1052C000301E030000000020203F000000003A4E86
:1052D000000010121614F07F90101010F0F0000073
:1052E000000030100C070300002322203F010000C3
:1052F0003B4E00001010101010F6FC101010101093
:105300000000000020222222223F3F2222222220CF
:1053100000003D4E0000F2F29212F202F2F29212FE
:10532000F2F2000000003F3F01233F003F3F012316
:105330003F1F00003E4E00001090DC381096901089
:10534000385C90900000000009090909097F7F0975
:105350000909080900003F4E00000000000000009D
:10536000FE000000000000000000000010180C0605
:105370000300000000000000434E00000202FA3E5D
:105380000202027A5E40C0C000000000180E030056
:105390000000001010101F000000454E000080C0EB
:1053A000701C1610D0F010000000000000006120FA
:1053B00030180C0603070C1030600000474E000048
:1053C00010181808F8F80C0404068080000000008B
:1053D000030301013F7F4141414141710000484EBB
:1053E0000000406030180C86C06010000000000013
:1053F000000000181C1E1B190808090E0C100000E4
:10540000494E0000000830C080061880C0380C00EB
:1054100000000000203010180D07070D1810302074
:1054200000004B4E000008080808080B8EC86838BA
:105430001800000000003018081C3623212020200E
:10544000202000004C4E00000000F8080C0E084818
:10545000487808000000000008080909090909093E
:105460004949713F00004D4E0000C060381EF0F009
:1054700090909090901000000000000000003F7F8E
:1054800004040404040400004E4E000000086808F0
:1054900008FCFC0C04643400000000000101014120
:1054A000417F3F010101010100004F4E0000002437
:1054B0002424243E2626A2E26200000000003018C8
:1054C00008183C242623212020200000504E0000F4
:1054D000407E42424242FA424343414000000000C3
:1054E000180C030020203F0000020C180000524E50
:1054F00000000000FC2424242424E62620200000B0
:1055000000004424371404040404070404040000C5
:10551000534E00000000FC2424242424E6262020EE
:1055200000000000040407040404040417342444A5
:105530000000544E00002024A4E4743C2464E6A639
:105540002220000000000361311F000000007F01E5
:1055500001030000564E0000909494D414FCFC14F7
:10556000D696925000000000080C040F007F7F00C8
:105570000F09080C0000584E0000909494F414FC9D
:10558000FC14F692D210000000002426121F0C7F9B
:105590007F0C1F1424260000594E000004040484CC
:1055A000C464341C0C04000000000000183E2321D9
:1055B000202020202020301C00005C4E0000808035
:1055C000FCFC4060202030F0F000000000000000F3
:1055D0001F3F202020242427201800005D4E0000BB
:1055E00010101090FF101010F000000000000000DC
:1055F00020100C07000000003F20203818005E4EED
:10560000000060305C4E4848C8C8C8480808000020
:1056100000000030784C464341404040403000009C
:105620005F4E00008080FC404060FE203010F000A3
:105630000000000000003F4040404F4044444338D9
:105640000000604E000000020212326242020202BA
:10565000FE0600000000000C0C04060202232120BC
:105660003F000000614E0000002030B8EC76723040
:105670001088C000000000003031111119090D051B
:10568000070300000000664E00000010101010FE1E
:10569000101010F40C180000000001010101017F3E
:1056A00001011111110F0000694E00000000FEFC05
:1056B000101010FCFE000000000000007F212121DE
:1056C000217F001F3F20203C0000704E000004445A
:1056D00094B42404F40404041C0C0000000042628E
:1056E00022321A0E030A123222620000714E00208A
:1056F000242424FC262220FCFE00000000000000E0
:105700007E222223223E003F7F4040780000734EDD
:1057100000004474447CC6FE0A00FC000000000047
:1057200000000444447F050404003F2020380000AA
:105730007E4E0000F4545F5454F4184F45C4C40422
:105740000000000005053F050505183E232120380F
:105750000800864E00000404040404C4E424341C3D
:105760000C000000000000000040407F3F000000EF
:1057700000000000884E000080848494B4A4E4F407
:105780009C8C84800000000000000040407F3F00AF
:10579000000603010000894E000090989C9393F24C
:1057A000F29E96F0F0808000000000020222223F6C
:1057B0001F020203030000008B4E000004747454A7
:1057C00054FEFE5454747404000000000415155572
:1057D000557F3F1515151F0400008C4E0000000476
:1057E0000404040404040404040000000000080885
:1057F0000808080808080808080800008D4E00007E
:105800002022222222E2E222222222200000000084
:1058100000000020203F1F000000000000008E4E0E
:1058200000004042424242FEFE42424242400000EC
:10583000000000000020203F1F00000000000000CA
:105840008F4E0000202222E2222222222222222027
:10585000000000000000010101212121213F07007B
:105860000000914E000040424242C2424242424247
:1058700042400000000000181C17111010181B1ED9
:1058800018200000924E00000202C2FE22222222B4
:10589000E2E20202000000001010131212121212B3
:1058A0001F1110100000934E0000202424E46424F3
:1058B0002424E42424200000000030100C07000001
:1058C00000003F0000000000944E0000008888881F
:1058D000E8F8888888880800000000002020203828
:1058E0003F2020203E3F20200000954E0000101059
:1058F00010FE10101010FE10101000000000426288
:105900003E0F020202027F0202020000984E0000D7
:105910000404E4242424242424E4040400000000D7
:1059200020202F2929292929292F202000009A4EBB
:10593000000064C40404FC0404FC0404C404000067
:105940000000202127203F20203F2023212000008D
:105950009B4E0000F8F800FE101000FE101808C062
:105960000000000021252525252524252525252184
:1059700000009F4E0000E0E424E404F4F4ACAC2406
:10598000E020000000002323222B282F272C272390
:1059900026200000A04E000040404040405870408B
:1059A00040404040000000000000000000000000F7
:1059B000000000000000A14E00001010F0101016B2
:1059C0001C10101010100000000000003F202020CC
:1059D0002020202020000000A24E00001010109077
:1059E00090969C9090101010000000004020380FFE
:1059F000000000007F4040701000A44E000088C8E6
:105A000068A8080E0C08A868C8880000000060603C
:105A10002031131C0C17312020600000A54E00001F
:105A20000888C8E8B88E8CC868080808000000001C
:105A3000406C24263213090C1E3361400000A64E30
:105A4000000008C84808F80B0EF8F848C80800001D
:105A500000000231180E0320203F1F000107000044
:105A6000A74E0000088888B8E88E8C88F888888857
:105A700000000000781F000000000000000000008F
:105A80000000A84E00000404F4949496949494F4B6
:105A900004040000000002020242427A3A060602B2
:105AA00002000000A94E000008C8484848CECC4873
:105AB0004848C80800000000007F2222223F3F2201
:105AC00022227F000000AB4E0000040474545456A0
:105AD0005654547404040000000008090949497D23
:105AE0003D0B0B0B09080000AC4E00000808E8282D
:105AF000282E2C2828E8E8080000000020301B424F
:105B0000427E3E02021B33200000AD4E0000040422
:105B10007454545654545474040400000000070193
:105B2000054545457D05050501070000AE4E000011
:105B30000404745454565654547404040000000071
:105B40004341213D0505053D7D4141730000B24EB5
:105B50000000808888F8888E8CC8F88888800000CB
:105B6000000002321A0A427F3F020A1A3202000083
:105B7000B34E000004047454545654545474040432
:105B80000000000017111515157D4B4B4B49496B53
:105B90000000B54E0000A4A4F4E4A426E6F42424F6
:105BA000E40400000000180A6B7C24272D18192437
:105BB00023230000BA4E00000000000080FEFE809B
:105BC000000000000000000030180C060300000375
:105BD000060C18300000BB4E000080C060F80E00BC
:105BE000000000000000000000000100003F000075
:105BF0000000000000000000BF4E0000C0F0FC06E6
:105C0000080808886838180800000000003F7F0076
:105C1000183E23212020201C0000C04E0000C07030
:105C2000FC46404040FCFE404040000000000000B8
:105C30007F000000007F7F0000000000C14E0000D8
:105C4000C0E0FC0610101010101010100000000032
:105C500000007F0020202020202020200000C24EB5
:105C6000000060F8FE031010F0FF101010F00000AC
:105C70000000003F3F20301C070020203E0F0000A6
:105C8000C34E000070F8FF0102020202FEFE020293
:105C900000000000003F3F00000020203F1F0000E8
:105CA0000000C44E000000FE02020202FAFA0202E4
:105CB0000202000000003E072010180E0301070C2E
:105CC00018300000C54E0080C0E0FC0608F88808C7
:105CD0000888F8180000000000007F406030130EB4
:105CE0000E1320600000C64E0000E070FC060000AD
:105CF000FEFE2040C0800000000000003F000000C9
:105D00001F3F000000010000C74E000060F81E1297
:105D10001090FF1010F0000000000000003F203045
:105D2000180F0100003F20380800C94E004060F8FD
:105D30000E0300FE020202FE000000000000003F11
:105D400000201C070000003F20380000CA4E000061
:105D5000C0406030184CCE98306040C00000000059
:105D600000020202020262321A0602000000CB4E5A
:105D70000000406020900804060890206040000069
:105D8000000020301C07000000003F000000000061
:105D9000CD4E004070FC070202FE0202727E40C03F
:105DA00000000000003F00300E03000020203C0FE8
:105DB0000000CE4E00000000FC7E800000E0FE00EF
:105DC000000000000000180E0300111B0E03010765
:105DD0000C180000D14E00004060E0900804060856
:105DE00090B060400000000000001F3F22232121EE
:105DF000203018000000D34E00008040E05058448E
:105E00004648D0F020400000000000001F30202055
:105E10002424272318000000D44E000060F80F81CE
:105E2000828282F2F28A868280000000003F0000B7
:105E30000020203F1F0000000000D54E0080C0F071
:105E4000FC46404040FCFC40404040000000000058
:105E50007F002020203F3F2020200000D64E004021
:105E600060F80E40FCFC2030FF1818F8000000001D
:105E7000003F00000F3F2020272222390000D74E8C
:105E80000080E070FC1610D01010FE101010000002
:105E9000000000007F4060331E1E133020600000B1
:105EA000D84E00006070FC071090101010FEFE101D
:105EB0000000000000003F0000012322203F1F00DF
:105EC0000000D94E0000C0F01C02E00000FCFC0005
:105ED00000E000000000007F00003F20203F3F2046
:105EE000207F0000DD4E000080C06030180C0E18CE
:105EF0003060C0800000000020202121213F3F2190
:105F0000212120200000DE4E004060F8FE02E42443
:105F100004FC040404FC00000000003F3F21311891
:105F20000F012020381F0000DF4E008060F01C822F
:105F3000888888FCFC84848080000000007F00004A
:105F40000000007F7F0000000000E14E004060F88C
:105F50000E21384E4744C4C4440400000000003FF2
:105F60000000183C2623212020380000E34E00408A
:105F70006030FC07202020FF203236340000000073
:105F800000003F00000000010F1830380800E44E08
:105F9000000040603010082C4608103060400000BF
:105FA0000000000101010919316D07030100000023
:105FB000E54E000000FC0000040C180080FE1E00EE
:105FC00000000000000F0606121B080603060C184E
:105FD0000000E84E0080C0F0FC0608080808080829
:105FE00008080000000000007F202121212121213C
:105FF00021212000EA4E004060F80E020C78800E4D
:1060000008C07C0400000000003F003010180907A1
:106010000F1910300000EB4E00006070FC0660307D
:106020001CC0701000000000000000003F00101CA9
:10603000171118190E180000EC4E000060FC070044
:10604000F8060C02020202FE00000000003F000001
:106050003F0000000020203F0000F04E0000E0F86C
:106060000E00F80404F8F80808F800000000007FAB
:1060700000080F0C043F7F08080F0000F24E0000DC
:10608000E0F01E02F01010FE101010F000000000F2
:10609000007F00000702027F020202070000F34EA9
:1060A0000000C0F01C00FE404000FEC06020000068
:1060B0000000003F00003F3010003F20203800006B
:1060C000F54E0000E0F0FC62380E08F8F808080809
:1060D00000000000007F3F010101017F7F010101FD
:1060E0000100F64E0000E0F01C42701C10FEFC1097
:1060F000101000000000007F00020202027F7F02F9
:1061000002020000F74E000060F0FE4220D00C06B4
:106110000CD8306000000000003F1F20180F000066
:10612000003F00000000FB4E0080C0E0FC0E0808AD
:1061300008FCFC0404040000000000007F01212191
:10614000213F3F2121210100FD4E000060F80F603A
:10615000705CC640404EF86000000000003F002028
:10616000301C0720203C1F000000FF4E000060F89C
:106170000E090808F84B4E48C80808000000003F08
:106180000020180F032020203F000000014F0000D6
:10619000C060203018CCEE18302060C00000000035
:1061A00020203F20203F3F22222222200000094FB2
:1061B000002030F80E0808E8282F28E8080800001A
:1061C0000000003F0020180F0000003F20380000B2
:1061D0000A4F0080C0F0FC464444FCFC4444FC40B0
:1061E00040000000007F3F4022320F030202070000
:1061F00000000D4F0080E0F0FC068484F4BC848431
:10620000840400000000007F3F2020383F20203021
:106210003F2020000E4F0000E0F00E8A888888FEA4
:106220008888888800000000007F004061233C18B7
:106230001836236000000F4F0080C0F0FC4640403D
:1062400040FEC0445C5000000000007F7F4060388A
:106250000E03071C30600000104F0000C0E0FC4639
:1062600060607EFC2024A8200000000000007F0069
:106270002030100F1E6341700000114F0080C0F0ED
:10628000FC262020E0FEE0A0202000000000003FCF
:106290007F180C07017F000306180000174F00004D
:1062A000406020F0180C0E18F02060400000000044
:1062B00030180F03062C180F030C18300000184F6D
:1062C0000000C0F01C262020FE20A0242820000072
:1062D0000000007F0060301E07003F2020380000D3
:1062E000194F000060F0FE02F01000FE8400E03064
:1062F00000000000003F1F2010180E03070C18308C
:1063000000001A4F000040606070584C4E585060BA
:106310006040000000000262323A262222222A3225
:10632000620200001B4F0000E0F0FC06FC04346435
:10633000C4C4340400000000007F3F003F282C2626
:106340002323262000001E4F00002030D09808E4B0
:10635000E60898D030200000000004040405047F03
:106360007F040504040400001F4F0000C0F0FC0679
:10637000484848FE4848484800000000007F7F0227
:106380000202027F0222223E0000204F0080C0F065
:106390001C4048C8F84E4848484800000000007FAC
:1063A000000000031A323A4E06000000224F00009F
:1063B000C0F01C0084F4848484FCFC848000000011
:1063C000007F002030180C46437F3F000000244F20
:1063D000002030FC07115846C5F44444C4C40000F2
:1063E0000000003F002030180F0020203F0F000069
:1063F000254F0000C0F01C8680FE80E0B0988C80A5
:1064000000000000007F0000007F2030170C1020EB
:106410000000264F004060F80E6030D80C078698C8
:10642000902000000000003F0000003F22232120B8
:1064300030180000274F0000E0F07C62F0D04C469E
:106440004CD8706000000000003F00001F3F202477
:106450002427301800002A4F004070F80E1316143D
:10646000F8BF901010F000000000003F2030180E20
:10647000030021223E0F00002B4F0080C0F0FC06DD
:10648000701010161C10107000000000007F7F00BC
:10649000202020202020202000002F4F0000C0F0CE
:1064A000FC06F010181E1010F00000000000007F25
:1064B0007F007F21212121217F000000304F0080BB
:1064C000E0F80E12101010FEFE1010101000000068
:1064D000007F00007E22222323223E7E0000324FD6
:1064E000000070F80700FE12D2121292921E0000F5
:1064F0000000003F20380F001F332121203800000A
:10650000344F0080C0F0FC064C5840FE40505C44C4
:1065100000000000007F7F040404047F04040404DE
:106520000400364F0080E0F05C4220300C460C3016
:10653000204000000000007F0000010919316D07B4
:1065400003000000384F0080C0F01CF4F09090FE73
:10655000909090F000000000007F00070F04047F7F
:106560000404040F00003A4F0080E0F00C00949403
:106570009494941404FC00000000007F00001F08A5
:1065800008084F40407F00003C4F004060F8060084
:10659000FC000C7000C0FE0000000000003F000086
:1065A0000F0406120C07071C00003D4F004070FC52
:1065B0000710FF1090F0FC0404FC00000000003FF6
:1065C00020380F203F073F08083F0000434F00409E
:1065D00060F80C00FC8484FC848484FC00000000CF
:1065E000007F00007F20203F2020207F0000464FBA
:1065F0000000E0F0FC06FCFC44444444FC000000C5
:106600000000007F7F202727242424242720200027
:106610004D4F0000C0F0FC0610D010161090D010A6
:1066200000000000003F3F2020212F20303F21208C
:1066300000004E4F004060F80E00FC464642FEC28D
:10664000434000000000003F00003F301018300FB2
:10665000303008004F4F0000C0F0FC06101010F65C
:10666000FC10101000000000007F7F202121213F3E
:106670003F2121212000504F0080E0F0FC1210D07B
:106680007E101010101010000000003F3F180E2365
:1066900021213F2121212000514F008060F0FC1278
:1066A00010D0781E1010101010000000007F7F0C1A
:1066B000067F3F212121217F0000534F0000E0F899
:1066C0000E10109070FE70D0101000000000007FBF
:1066D0000808060B087F08090E0C0000554F000043
:1066E000C0F0FC04C84848C8C808F8F80800000012
:1066F000007F7F000F04040747407F3F0000574F93
:10670000000070F806011CF4040786C4441C000055
:106710000000003F0000001F33212120203800002E
:10672000584F0000406020504844464850302040B8
:106730000000000021310D05417F3F01050D312191
:106740000000594F00004060705048C4C648507067
:1067500060400000000022321A4A427F3F020A1ABB
:10676000322200005A4F0080E0F01C42781C10FEDC
:106770007C10101000000000007F0041213119073B
:106780000719316100005B4F00C060F80ECA48482D
:10679000FE48FE48487800000000007F0043221EAB
:1067A00007027F22223E00005C4F0000C0F0FC0682
:1067B000E0381CF09090909010000000003F7F00A7
:1067C0000000007F0404040400005D4F000060F836
:1067D0003E22F8EE2B28E80808F800000000003FF1
:1067E0000000070702022320381F00005E4F0080D0
:1067F000E0F80E202424E464242424200000000077
:10680000007F0041652F2919193F216100005F4F6A
:106810000080C0F01C60303CEEC8E8381800000072
:106820000000007F020213113424246901030000D8
:10683000604F0080E0F01C40701E10F0F0101070EF
:1068400000000000007F00001C07407F3F00071C85
:106850000000634F004070F80F01FE2222FEFE226E
:1068600022FE00000000003F20380F01013F3F21C1
:10687000213F0000644F004070F80F0202FE1292A8
:1068800012F2E20200000000003F00003C3F301125
:10689000121F3F301800654F000040606050584C98
:1068A0004E48502060400000000020212628202370
:1068B0002E30382721200000674F0080E0F01C8236
:1068C0008080FEFE8888888800000000007F00002D
:1068D00000007F7F060408080000694F004070FC3C
:1068E00003FE3ECA4AFA4ACAFE0000000000003F0A
:1068F000201F000F003F08070F3808006C4F0000F2
:1069000070F8072024A4BF64243C2C22000000005F
:10691000003F0206031F3F262223213800006F4F4D
:106920000000C0F01E00909698F0F09C9690000039
:106930000000007F00040404047F3F0404040000FE
:10694000704F0000C0F0FC06E4E4243C2424E4047E
:1069500000000000007F7F007F7F222222227F0034
:106960000000734F0000E0F0FC424848487E484871
:10697000484800000000007F7F202424243F242476
:1069800024242000744F0000C0F0FE0204FC2424E4
:106990002424FC0400000000007F7F00101F190960
:1069A00009097F080000764F0000C0F00E0A8888B1
:1069B00088FE8888888800000000007F00007E2212
:1069C000222222227E0000007B4F000060F80F0888
:1069D00038B0FF00FFB0180C00000000003F00229C
:1069E000330F03003F21213300007C4F008060F80B
:1069F000FC88C8E8080E0CA868C808000000007FE2
:106A00007F406021171C1E33206000007E4F00C0B5
:106A100060F84C62F0EC2620202CF06000000000B2
:106A2000007F00007F3F050545457F0000007F4F48
:106A3000004060F0FC0EE82828FCFC2828E808004C
:106A40000000007F7F40673D191F31216161000018
:106A5000834F002030F806003E2222A22222BE00F0
:106A600000000000003F00301F07001F00003F2013
:106A70001800844F0000C0F01E04C4F45C44445469
:106A800064C400000000007F00202424243F24244C
:106A900024240000884F0080C0F01C849098ECCE25
:106AA000E838180000000000007F00406426273905
:106AB000190907030000894F000060F04C4868780E
:106AC0004C4E5878684800000000007F0001010F1C
:106AD00049494979190100008B4F000030FE03C27B
:106AE0003E16F23200FC00FF00000000003F0020D4
:106AF000190F03000023203F00008D4F0080E0F0BD
:106B00001C424848487E48C8484800000000007FB2
:106B10000002020A1242427F020200008F4F000070
:106B200040F01CA0B89C90FE909090900000000057
:106B3000007F0030180C037F03060C100000914FFB
:106B40000000C0F0FC06C8E87C4E4848C8080000B9
:106B50000000007F7F01007F090909497F000000D4
:106B6000944F0000C0F03C04B0F83CF2F03C3820F8
:106B700000000000007F000A0B09097F7F09090956
:106B80000000974F0080E0F80EFCFC14949494945D
:106B900004FC00000000007F007F7F000F0404471A
:106BA000407F00009B4F004060F01C0210FEFC1074
:106BB00010FE101000000000007F0002221B0B02DC
:106BC000020B326202009D4F0000C0F01C1210D078
:106BD00070FE9010909000000000007F0203637F21
:106BE0002030030F19300000A04F000060F80E02A3
:106BF00028E808FE0848680800000000007F0061DF
:106C000021311D070F1931610000A34F0080C0F032
:106C10001C007C7C444444447C0000000000007F55
:106C200000007E22222222227E3E0000A54F00008C
:106C300030FC070464242F3C345E4E6200000000E8
:106C4000003F2121311F03013F2121310000A64FC8
:106C5000000060F0FC02E02020BE2424E4040000D8
:106C60000000007F3F406730180F101027600000C1
:106C7000A74F0080E0FC06FC04F404FC00F800FED2
:106C800000000000007F006F300F306F004F407F2A
:106C90000000A84F008060F80E22A4E4743C24E6B3
:106CA000A22000000000007F0043311F0000007E92
:106CB00001010000A94F0000C0F05C6220504C466A
:106CC0004C50306000000000007F0022323A262243
:106CD000223A32020000AA4F0080E0F80E0808981D
:106CE000E8CEE8B8880800000000007F0041311FAE
:106CF0000000007F01010000AC4F0000E0F80E38FA
:106D00000888783EE80888B800000000007F000688
:106D1000033F2030130F19300000AE4F0000E0F8A1
:106D20000E30F8EE2868A828E86800000000007F10
:106D300000011F11111759513F110100AF4F000001
:106D4000C0F01E20A4E4A4A4A4BCA0200000000065
:106D5000007F004565341C0F1C3424640000B54FCF
:106D6000008060F80E82A2AAAAAAAAAABE80000089
:106D70000000007F004162263A323A2E664300004E
:106D8000BF4F0000C0F01E04F49494FCFC9494F4F3
:106D900000000000007F00406F3A323F2322626310
:106DA0000000C34F0080E0F80E007C4444C444441B
:106DB0007C7C00000000007F20301E0E103F32223D
:106DC00022220000C44F004070FC272424FE22220F
:106DD000FFA0A2AC00000000003F0222223F0111F0
:106DE000091F33300800C54F0080E0F01C005090B0
:106DF00010FED010D45000000000007F0010184D8D
:106E0000467F030708100000CA4F0000C0F0FC06D0
:106E100090781610105CD89000000000007F7F4929
:106E200064263B123A2E62410000CE4F0000C07033
:106E3000BC204000FC444444FC0000000000100C56
:106E4000070C28203F2222223F202000CF4F0000A5
:106E500070F80701F296909F9F90F6F200000000F4
:106E6000003F00003F04040404243F1F0000D04FF3
:106E70000080C0F80E484CFC4444F8F800FE0000C6
:106E80000000007F180C037F03060747407F0000C7
:106E9000D14F0080C0F01C00C45454F4744C4CC05A
:106EA00000000000007F00007F09097F0949497F39
:106EB0000000D74F0000E0F00E1098CC663060C4A0
:106EC000881000000000007F00037F22222222227F
:106ED0007F030000D84F0000E0F80E005C74447C93
:106EE00044E6DA0200000000007F00040404447E4F
:106EF000070504040000DA4F0000C0F0FC00FC2489
:106F000024FC242424FC00000000007F7F20252591
:106F1000253F252525250000DC4F000060F80E02E6
:106F20007C54547E54547C7C00000000007F00019F
:106F3000010F0949494979010000DD4F0000C0F007
:106F4000FC067C4444C4C4447C7C00000000007FF8
:106F50003F211109077F3F0D19312000DE4F00004E
:106F600060A0B0B8A8A626283810B0200000000005
:106F7000007F0A0A4A7F000F40407F000000DF4F79
:106F80000000C0F01C0290F89492909C98A0000021
:106F90000000007F004465241C0F1C3424640000A2
:106FA000E14F0000C0F01C105050505E5050501087
:106FB00000000000007F00007D25252525257D009F
:106FC0000000E34F0000C0F01C00BCA4A4A4A4A4D3
:106FD000BC8000000000007F004464241C0F1C34AF
:106FE00024640000E64F0000C0F01C80A8A8E8BEA2
:106FF000A8A8A8A800000000007F00301C07031A02
:1070000052427F020000E84F0080C0F01C00B4A490
:10701000FC84FCFCB49400000000007F20781F007A
:107020000000000000000000E94F000070FC03F2C7
:10703000F212FE12FE9212F200000000003F003F2A
:107040003F07010F0323263F0000EA4F0080E0F8CE
:107050000EE42424E404E42424E400000000007F7F
:10706000007F01467F007F03447F0000ED4F0080DA
:10707000C0F84E4060504C46485020600000000070
:10708000007F0020272C2027303C27200000EE4FD7
:107090000080E0F80EE0A0B09CEE48E8B888000060
:1070A0000000007F001F01406A2A293410080000F8
:1070B000EF4F0000E0F80EF80888F84E4848F8480E
:1070C00000000000007F203F01017F0007407F009B
:1070D0000000F14F0080E0F01C00FCFC54545454BC
:1070E000FC0000000000007F006427370505051D37
:1070F00037640000F34F0000C0F01C909090FE0039
:10710000FEFC909000000000007F000404047F005B
:107110007F7F04040000F84F004060F80E4654D40E
:107120007C5E54D4D44400000000007F02020B0AAD
:107130000A7F0A0A0B0B0000FA4F0080C0F09C88FF
:10714000C8B88EC888B8E88800000000007F000139
:107150001F0A0A7F4A4A4F700000FE4F0080E0F08D
:107160001C00F82828FE282828F800000000007FCE
:1071700000080D0D0B097F09090908000C500000DB
:10718000C0F01C18F8E8282E2C28E8180000000091
:10719000007F00003F7F252525257D0000000D5044
:1071A0000000E0F01C8088B8C88E88E8988800004D
:1071B0000000007F00003E7E222222227E0000008E
:1071C0000F500080C0F80EF8203098FE68E89888CC
:1071D00000000000007F000F4565241C0F14276786
:1071E00000001250004070FC03323EE23A3220FEB2
:1071F00000FF00000000003F1011191F09090023C3
:10720000203F000014500000C0F03C00FC24A424E7
:10721000E42424BC00000000007F20701F383B22C3
:107220003F22227B000018500000C0F80E00CC580E
:10723000407E40504CC400000000007F00007F00F2
:107240001F090F4E603F000019500000C0F80EF0FB
:1072500020A4E4A4A4A4BCA000000000007F000FB0
:107260004465241C0F1C246400001A50008060F048
:107270001CC0C8E8A89CBCA8E8C800000000007FAB
:1072800000003E12121E4C407F0000001C500040C7
:1072900070F80600FE424A7E4A4A02FE00000000E4
:1072A000003F203E07000F050527203F00001F502C
:1072B000008060F01C48487C7C48487E484840007C
:1072C0000000007F00007F3F292929297F0000005E
:1072D00021500000E0F00C007C54545454547C00C5
:1072E00000000000007F003E7F2929292929297FED
:1072F000000025500080C0F0FC0698C8680E0C689D
:10730000C8B800000000003F3F202322223E3E225A
:107310002221000026500000C0F01E80949CF09EA8
:10732000909C948000000000007F0006027F424293
:107330004A4F7302000028500000C0F01C04FCA457
:10734000A4A4E4A4BCBC00000000007F60780F7C13
:1073500024242724247C000029500080E0F80E44D7
:107360005454547E5454544400000000007F0000E4
:107370007F15151555557F0000002A50000070F844
:107380000700FE929380929292FE00000000003F60
:107390000020301E03003F20203808002C500080C1
:1073A000C0F01C04E0A0A0BEA8A8E8E8000000000F
:1073B000007F00080B0A0A7E0A0A0B0B00002D5002
:1073C0000000E0F01C90D45434FC3476529000005D
:1073D0000000007F00424A6E3B323A3E62020000EB
:1073E0002E500000C0F01C00FC9494FC9494FCFC13
:1073F00000000000007F0022321A0E7F0E0A1232B7
:1074000000003A500000E0F80E405454547E5454AA
:10741000544400000000007F00404F21311D112125
:107420002F6000003C500000C0F01C08E8A8A8BE77
:10743000A8A8E80800000000007F00203F2A2A2AB0
:107440002A2A3F2000003E500080E0F80EF840401D
:10745000E4E43CBC24E400000000007F000F0C04C6
:1074600047271C17306F000043500000E0F81E0053
:10747000FC04F4B4B4B4F40400000000003F0000C5
:107480003F31372F2D2F3B21000047500000E0FCFB
:1074900006FC24243C242424243C00000000007F1B
:1074A000007F0909496137193F6300004850000017
:1074B000C0F0FC047CFC545454547C0000000000D8
:1074C000007F3F021F1119171559713F00004C50E2
:1074D0000080C0F01C88889CFCA8889C88880000DC
:1074E0000000007F00180C7F252424247C7C0000F1
:1074F0004E500000E0F01C047C54547C54547C003A
:1075000000000000007F0001617F21230F19256525
:1075100000004F500000E0F0FC06F8A8A8AEACA8B0
:10752000A8B800000000007F7F380F7F043F043FB1
:10753000447F000055500000E0F01E02FE484888DD
:107540007E48486400000000007F00007E3E2A2B39
:107550002A2A3E7E00005A500080E0F80E1010FEED
:1075600010D0FC16D07000000000007F003F111109
:107570001F61311E1F6000005C500000E0F00E062D
:10758000647454565454740400000000007F0003D7
:107590000545457D0505050300006550000030FEEA
:1075A00003223EE6AAAAFFAABEBC00000000003FDC
:1075B000203B0F1912222F22222200006C50004083
:1075C00070FC17184C379C64348CC47C000000009D
:1075D000003F101E003E20262430161C000076506E
:1075E0000000E0F01C007C5454FC54547C7C0000EF
:1075F0000000007F007E7E12121F1A4E527E000095
:1076000077500000C0F80EB090A8ACA6AC2890B09F
:1076100000000000007F003F7F4A7F3F0F407F3F18
:1076200000007B500000E0F01C00905C70FE3078A1
:10763000569000000000007F00024A7E3332323E46
:10764000264200007E500080E0F80E20A4F4A4AE94
:10765000A4F4A42400000000007F00406F20301E2E
:1076600010302F6000007F500000E0F80E70741C96
:10767000101E10181C7000000000007F0002323A3B
:107680002622223A3A6200008050000060F80E0282
:10769000FC9494FF9494FCFC00000000003F202028
:1076A000101C071F3C2E2E3C000085500080E0F887
:1076B0000E06F45454FED456D6F400000000007FA9
:1076C0000004071D3545457F3F0504008850000034
:1076D000E0F00E04F494FC94FC9C94F40000000090
:1076E000007F0022321A0E7F0E0E123200008D50E3
:1076F0000000E0F01C64683838AE2C3828E8000040
:107700000000007F004061390F094949390100003C
:10771000A3500000C0F09C80A8A8F8BEA8A8A8A804
:1077200000000000007F0426371D587F081D322608
:107730000000A550000060FC0778CACC484F484CB8
:10774000CE7800000000003F0020331B0E023E22D6
:1077500023300000A7500000E0F01C0018E8A8AE9D
:10776000A8B898B800000000007F0048683F1808DB
:107770000F1F28480000A8500080E0FC4644D800B5
:107780004848FE68784C00000000007F00203F124F
:10779000037F2929297F0000A9500080E0FC0EC842
:1077A00088F830FC9694FC9000000000007F101CCC
:1077B000070C007F24243F240000AC500000E0F8B8
:1077C0000E00DCF0909EDE90909C00000000007F98
:1077D00002037F2A2A2A3F2A2A2A0000B2500000E8
:1077E00070FC879494FE94D47CC7E47C0000000075
:1077F000003F20380F223E2E301F1F300000BA50AD
:107800000000E0F83EB8CCF6BC8C9CF4F48C000090
:107810000000007F01213404447C0404142500008E
:10782000BB500080E0F80E007CECFC567CEC7C7CCD
:1078300000000000007F004A4D2D3E34342D65438A
:107840000000CF500080C0F01C30F89C96F49C944F
:10785000F0F000000000007F002A2A35554E3C065B
:107860001A300000D650008060F00C06D4D4D4DE6C
:10787000D4D4D41400000000007F00027A2B2B2AFD
:107880002A2B3A320000DA500080E0F08C88E87849
:107890005C4E4878E8D880000000007F0020374523
:1078A000457D05051F200000E6500000E0F80EE8C9
:1078B000282CE82820FE242C00000000007F201D3A
:1078C000417F05783C3F7F403000E7500000E0F00A
:1078D0000E00F8AECCF8C8AE8AF800000000007FB9
:1078E00000007E2A2A2A2A2A7E000000EC5000008E
:1078F000C0F0FC66F85E5050FE5050500000000092
:10790000007F7F403F053505176515750000ED5078
:107910000000E0F80E3CE4FCE420BC64FCA40000A1
:107920000000007F00017E2A2A2A2A2A3E3E00000B
:10793000EE500000E0F80E10D45C54D6545CD41421
:1079400000000000007F00405755557F55555750A7
:107950000000F3500000E0F80E04F494FC94FCFCEA
:1079600094F400000000007F002424170C7F0C1EFC
:1079700037240000F5500000E0F80E047C6C6C7CAD
:107980006C6C7C7400000000007F00405F5B5B5FFC
:107990005B5B5F5F0000FB500080E0F806FC444446
:1079A0007C88F88EE8B800000000007F301F7F213F
:1079B0003F04047F0404000006510000E0FC86EE52
:1079C0006E44DEC4FC1E90F000000000007F011F2A
:1079D000494F7F01601F3F6000000751000070FCAD
:1079E0000720EE6A6E6A6E6AEA2E00000000003F11
:1079F00000082B3E3612161A1F3400000B510000EF
:107A0000C0F03C32F8DEF4B4DCB4B0D000000000CA
:107A1000007F00700F303636363636300000125197
:107A20000080E0F80E1A6A6A0AFE0A6A6A1A000002
:107A30000000007F003D7D057D077D05457D000040
:107A40002151008060F80E007C54547C54547C001A
:107A500000000000007F007F29293F007F3F297F31
:107A600000003F5100000000C0FE00000000FE00CA
:107A700000000000000030180F01000000003F204F
:107A8000203C000040510000040404FC040404FCF9
:107A9000FC0404040000000030180E030000001F66
:107AA0003F2020380800415100000060705CC66330
:107AB00060E07C306000000000002030180F030000
:107AC000003F2020203C080043510000404242C2B9
:107AD000C24242C242424240000000002030180F21
:107AE0000000003F20202038000044510000007EAC
:107AF00042C2C24242C242427E0000000000203028
:107B0000180F0100003F2020203C000045510000DC
:107B10001010907030161C105090101000000000D3
:107B20002021311D0701013F21212138000046514C
:107B30000000040C3080FF0000FF80B00C04000047
:107B400000002233190F0300003F2021213A0000DA
:107B50004851000080B08E8888FEFE888888888022
:107B6000000000002030180F0100003F20202038C6
:107B7000000049510000808CB8A080FEFE80A0B8B3
:107B80008C80000000004020301F0300007F404038
:107B9000407000004B51000004F4F414141F1E1434
:107BA00014F4F404000000002031111F0701013F0C
:107BB0002121213800004D51000030F81C1313F230
:107BC0007A1E1010F00000000000203111190D0382
:107BD000013F2121213800005151000000F8898E19
:107BE0008C88888C8FF9F800000000002020100C91
:107BF0000700003F2020203800005451000030F8DA
:107C00001C1313F27A161010F0000000000020314F
:107C100011190F031F312325293800005551000089
:107C200000FE82829E90909E8282FE0000000000F4
:107C30003010180F0300001F1010101C00005651C8
:107C40000000484828B8C84E0C88B828684800008A
:107C500000002022331F0E02023E232322300000A8
:107C60005A5100003808EE2C282F2F282CEE083807
:107C7000000000002030111D0701013F21212038A4
:107C800000005C51000080FC0484F82E28F80404F5
:107C9000FCFC000000004361311D0D01017D4141EC
:107CA0004171000062510000F4949F94F404F49434
:107CB0009F9F94F400000000301F001F1828301F01
:107CC000001F30301800655100000000000284FCE5
:107CD00030C0800000000000000010180C060300F7
:107CE000000003060C18000068510000C0C0E0B09E
:107CF000988E8E98B0A0C0C00000000020202424E0
:107D0000243F3F242424202000006B510000000069
:107D100080FC0000003CF000000000000000100C9F
:107D200007000000000001071C3000006C5100003B
:107D30004030180EC0E000020E1830600000000055
:107D400000180C0B090808080B0E181000006D51E4
:107D5000000020202020202E3C2020202020000079
:107D6000000060380E0300000000030E38700000B1
:107D70006E510000C06078CCC04040404C7060C084
:107D8000000000000000000302424242723E000078
:107D90000000705100002020263C202020303C268E
:107DA0002020000000002022222222222222222241
:107DB0002220000071510000101010FE1010101051
:107DC000FE101010000000004222321B0202020AC4
:107DD0001B3222420000735100000010121C10F0F0
:107DE000F0101C16100000000000612131111D0769
:107DF000070D193121610000745100000C3860003A
:107E0000063C2000C0701C04000000006131190D08
:107E1000010101010D1931610000755100000000E0
:107E2000FC2424242424E6262020000000004424EE
:107E3000371404040404173424440000765100006D
:107E40000808FCFC28282828FCFC08080000000082
:107E500048682F3F190909193F2F684800007751DA
:107E600000000000FEAAAAAAAAAAAAFE000000001A
:107E700000002434170C040404040C17142400001C
:107E80007851000000F88888FE8888FE8888F8000D
:107E9000000000046427341C070404071C34276412
:107EA0000400795100001090761C901010D07C16C0
:107EB000901000000000233B2E273960333B2E2317
:107EC000397000007B51000088A8A8AEE8F8A8A887
:107ED000AEA8A888000000000662331F0000003E24
:107EE0007F03020600007C51000008282A2CF82895
:107EF00028F82C2EE808000000002135150D7F051C
:107F0000057F0D15372100007D51000000F8A8AE57
:107F1000A8F8F8A8AEA8F80000000000027A2A2A03
:107F20002A2A2A2A2A2A7A0200008051000014F400
:107F3000B4B4BEE0E0BEB4B4F41800000000545580
:107F4000353F351515153F3575540000815100003A
:107F5000F84CF84EF880FC94F494F49C0000000077
:107F60000B0A7F0A6B3F037E232E3B2E00008251BB
:107F70000000FEFE020202020202020206FE0000F1
:107F800000003F3F0000000000002020301F0000E4
:107F900085510000F8F8080888FFDF880808F8F81D
:107FA000000000003F3F04060300000123263F1F9E
:107FB000000088510000FEFE023262C2C2721A0244
:107FC000FEFE000000003F3F080C060301032620D0
:107FD0003F1F00008951000000FC242424FFFF24DF
:107FE0002424FC0000000000013F01010101010107
:107FF00021213F0100008C51000040FE4242FE4022
:10800000FCFE4242FE4000000000380F20203F30BE
:108010001F0120203F0000008D51000002F252524B
:1080200052FEFE525252F20200000002023F0202D1
:108030000203032222223F02020092510000003E6E
:10804000C25A5A5A5A5A5AC23E0000000000000052
:108050003F1515151515153F00000000955100003E
:10806000809EC2B6B6B6B6F6B6829E00000000008C
:10807000202333121E071F3E222223380000965170
:108080000000F010101010101010101030F0000050
:1080900000000000000000000000000000000000E0
:1080A000975100001E0202E222222222E202021E58
:1080B0000000000020101C07000000003F202038B6
:1080C0000000995100000E02E2FE9292929292926A
:1080D000820E000000000404040404042424301F61
:1080E000010000009B5100000612D2B29E92D29273
:1080F00092928206000000000404040404043F0479
:108100000404040400009C510000383808886838D2
:10811000EE08088888380000000006037F7F2030C2
:1081200011070F1930200000A0510000868A8A8AAA
:108130008A8A22A22222FA2600000000301F0000B4
:108140003F202021282827380000A25100004E425D
:10815000AA2ABAFACA8ACA4A220E000000001212DB
:10816000090F24223F0F030608100000A45100004D
:108170006EF2322E2EEA7A3A2222E20E000000003F
:10818000203111190D071F31212D29380800A55163
:1081900000000E02FAAAAAAAAAAAAAFA020E0000CF
:1081A000000032121A0A020303020A1A12320000F5
:1081B000AB5100000018302000000000000000005B
:1081C0000000000020180C02000000000000000069
:1081D0000000AC51000040603038EEC8C8E83818E4
:1081E000000000000000020311113724246D490132
:1081F00003020000AF5100000C382004F4340404E2
:1082000004FC1C0000000000380E0208090909499E
:1082100049497D0F0000B05100000C18102020E0EB
:1082200020FEE0C0603000000000180E11180E4360
:10823000407F01070C181000B151000004383004D1
:1082400004FC4C4444C4C40400000000380E222046
:1082500027272424243F21200000B25100000C18BD
:108260001000F01010FE101010F000000000180EAA
:1082700003000702027F020202070000B351000060
:108280000C181000101010FE1010F000000000007C
:10829000380E026131190F030F1931610100B55118
:1082A0000000020488007E42C242C2C27E7E0000FC
:1082B00000000C070120100F03001F3F20380800AA
:1082C000B651000004181040E0F8CC42405860C09D
:1082D00000000000300C06007E22222222227E00B6
:1082E0000000B75100000C18004020300C460C3044
:1082F000204000000000380E0000010919316D0710
:1083000003000000BB5100000C380008C8780EC8FC
:10831000C808080800000000300E02301905417F2F
:108320003F011D310000BC510000060C88B09E8E3C
:1083300088FF88888888000000000C072120100F23
:1083400003001F3F20381800BD510000060C80E2DA
:108350003E12D272FCFC00FF000000001C0700303F
:10836000190F03000323203F0000C0510000041830
:108370000030382624E43C2CE00000000000301ED1
:1083800002010545457F05050F010000C4510000AD
:108390000C1844545454FEFE5454F444000000009D
:1083A000380644457D3D37353D2565040000C651FE
:1083B00000000C388060F89E9090FC909090000037
:1083C0000000301E02007F2424243F2424240000C7
:1083D000C75100000C1810D0FED050788CC01E7011
:1083E00000000000380E06017F0001382F203C7885
:1083F0000000C95100000C380008E828282E282861
:10840000E80800000000380E00301D41417F0105E2
:108410001D300000CB510000060488FEFE4A4A7E53
:108420004A4A02FE000000000E03300F010F05054E
:108430000527203F0000CC5100000C180020A4E4C8
:10844000243E24E4A42000000000380E00496426E5
:108450003F1A3A2E62610000CF510000061800F862
:1084600028A8A8A83FF88B6E000000001C07380F52
:10847000000F2417180F3B300800D15100000C38B2
:108480000088A8A8F8BEA8A8A88800000000301E90
:1084900002426B3B1A0E1A2B2B420000DB510000EC
:1084A0000C181004F41474767454F4F400000000F2
:1084B000180603683B5B4B7B0B1B3B680000DD51E0
:1084C0000000060C80FFD4D25A222AEA3EE20000C5
:1084D00000000C0722320F0F321F1C3F2222000027
:1084E000E05100000000FEFE02020202FE00000059
:1084F00000000000101C0700000000001F10101CEE
:108500000400E15100000000FE3E2262C202FE00B3
:10851000000000000000180C0700000000001F1001
:10852000101C0400E451000000FE0212921292F2AC
:108530003202FE00000000003C0F10180C07070C70
:1085400008001F300800EB510000007E7E424A5BAD
:108550005242525E40C00000000020301C0F01015A
:10856000013F202426330000ED510000187C7F09D4
:108570004A4A4A7E4A4B49480000000020301C0706
:10858000010101013F2020381800EF5100005E502A
:108590005E5ED0DE00FE0202FE00000000003E1221
:1085A00012121B231E0700003F300000F051000094
:1085B00000FE027A6A6E6E6A7A02FE000000000017
:1085C0001C071115151F1F1515101F300800F3513A
:1085D0000000121E7ADE5E58585EDE7B1C1400001E
:1085E00000002131190D050505053D21213100004F
:1085F000F5510000FCFC0000000000000000FCFE43
:10860000000000001F1F10101010101010103F3F2E
:108610000000F6510000F800040810E0E0B80E0277
:1086200000F8000000001F14161211101011131290
:10863000103F0000F8510000C0C0407E020202025C
:108640007E40C0C0000000003F3F1010101010100E
:1086500010101F3F0000F9510000FCFC0404FC80D6
:1086600080FC0404FCFC000000001F1F0808080830
:10867000080808081F1F0000FA51000000F8808059
:1086800080FEFE808080F800000000003E3E20203A
:10869000203F3F2020207E7E0000FB510000809084
:1086A000909090FCFE909090908000000000003E22
:1086B0002020203F3F2020207E000000FC510000B1
:1086C000FC0010907010FE60B01800FC000000006C
:1086D0003F26262128282F202126207F0000FD511B
:1086E0000000E00424C404E4F49C4C2400E00000F6
:1086F00000003F242622292F27212224207F00004A
:10870000FF51002020A42860BE2020FE2038A42095
:1087100000000000003F2525252F2F2525217F0063
:1087200000000052000004040404FC3C040404049F
:10873000FCFC000000002030180E03000020202068
:108740003F01000001520000000404048484C4645A
:108750000404FC00000000000004060301002020C7
:1087600020301F0000000252000000000000000046
:10877000F8000000FE000000000000000000000003
:10878000070040407F000000035200008272120286
:10879000C27E02020202FE000000000010180C0659
:1087A0000300001010180F00000006520000607057
:1087B0005C4EC040404046DC30600000000020308D
:1087C000180C07002020301F000000000752000096
:1087D00030FF1818180202FE020202FE000000001C
:1087E000000F060632180F012020381F0000085223
:1087F00000001830E080F03C00F0F000FCFE0000CB
:10880000000030180E03071C000347407F3F0000A4
:108810000A5200404242FEFE42424000FC0000FF7D
:108820000000000000003F3F000000002320301F38
:1088300000000D520000C0E0B0988E8888C8E8B8EB
:1088400080800000000000202424242424242424E8
:108850007F7F00000E520040601CEE18F808F80000
:10886000F8F800FE000000000C23184E41603F00A5
:108870000747407F00001152000042FE4242FEFEC8
:108880004200FC0000FF00000000380F00003F3FE6
:1088900000002320203F0000125200006060FE20F4
:1088A00024A82000F80000FE0000000060301B1E1D
:1088B000774170000740407F00001652000000FE24
:1088C000121212FE0000FC0000FF000000003C0736
:1088D0000121213F00000720203F00001752000027
:1088E000C2729E1212F21200FC0000FF0000000093
:1088F0002030190F070100000320203F000018520C
:1089000000001090101CF0301000F80000FC000077
:1089100000006030190F0F1800000740407F000072
:1089200019520000FEFE02FA02FEFE00FE0000FFE9
:108930000000000023130C07081303002720301F3A
:1089400000001A520000FE0232E2FA0AFE00FCFCAD
:1089500000FF000000003F080E0323243F00032314
:10896000203F00001B52000030D84C4746D8300052
:10897000FC0000FF00000000003F202222233C00FA
:108980002320203F00001D5200000889EBF8480218
:1089900082FE020202FE0000000003013F013318C4
:1089A0000F0120203F0F000020520000FCFC84FC3F
:1089B000FCFC84FC80F800FC000000007F43407F4A
:1089C0007F01403F0047407F000024520000262CDA
:1089D00020FF203C2600FC0000FE000000002131AA
:1089E0001F03010101002320203F00002852000046
:1089F000F0FC2E28E808F800F80000FE0000000057
:108A00001F7F4141454673100740407F00002952B7
:108A10000000484CCCFC444600F8000000FC00007C
:108A200000000C06037F020400074040607F000046
:108A30002B520000BEA2E2A2A2BE0000FC0000FE7B
:108A400000000000301C0720201F00002320203FD2
:108A500000002D520000E2A2B29A9EB6A000FE00D5
:108A600000FF000000003010101F10181800032035
:108A7000203F00002E520020242424FC2622200027
:108A8000FC0000FE000000007E222223223E3E0069
:108A90004740407F00003052000044745C444474FE
:108AA0006400FC0000FE000000003212121F1212CF
:108AB0001A000720203F0000335200004868584E3B
:108AC00058786800F80000FC0000000001074745E6
:108AD000457D01000740407F000036520000784E7F
:108AE00048FE48484840F8F800FE000000003F01FA
:108AF000017F01213F000343407F00003752000007
:108B0000FCFCA4A4E4A4BC00F80000FE00000000EB
:108B10003F0F1F007F101F000740407F00003852AA
:108B2000000020A8EA6E383E2B286CAA28200000FE
:108B30000000032131190F0121213F0F0103000023
:108B400039520000446C38D838240000F80000FE88
:108B500000000000310D417F010D11000740407FF2
:108B600000003A520000F41414FF1494F400FC00C6
:108B700000FF00000000180E033F0206040003205F
:108B8000203F00003B52000044645CCFC4348400AA
:108B9000FC0000FF0000000026321B090C0F19002A
:108BA0000320203F00003D520000607058464C58A2
:108BB0007020F8F800FE0000000061792F21213DAF
:108BC00071000743407F00003F5200003C3CE0BE84
:108BD000A0A0BC00F80000FE000000004663241CBA
:108BE0000C0701000740407F0000405200005C502D
:108BF000505E5050DC00F80000FE000000003E22F5
:108C00002222321213000740407F00004152000030
:108C1000A0BE86C282BEA000FC0000FF00000000D3
:108C2000180C073F030608000320203F00004252B3
:108C3000000008A8A8CE68988808F80000FE000088
:108C4000000061390E00007E01000740407F0000F7
:108C500043520000E82B2EF82C2F3800FC0000FFB8
:108C600000000000190D073F09090F000320203FF5
:108C700000004A520000EC38203E20FC04F8F800C6
:108C800000FE000000007F050545457F00074740C6
:108C9000407F00004C520000F49494FE9494F40041
:108CA000FC0000FF00000000180C033F0306080052
:108CB0000320203F00004D52000008E8ABAEA8E8BA
:108CC00008C8CE0BE80800000000003F0424243F41
:108CD000000727203F00000050520000C05E52F203
:108CE0007252DE00FCF800FF000000003F0C06039B
:108CF00003263F000323203F0000515200406070D4
:108D00005C464C583020F80000FE00000000202E89
:108D10002027303E13000740407F000054520000DF
:108D20003EFEEAAAAAAABE00FC0000FE0000000067
:108D30001B0C331827201F000320203F0000565231
:108D4000000088B8E88EC8F88880F80000FC0000B1
:108D50000000007E2222223E3E000740603F0000CD
:108D60005C520000B86848CECC48C818F8F800FE3D
:108D70000000000263360F017F2437100747407F51
:108D800000005E520000C8A8B89EB8E8C800F8000D
:108D900000FE000000001E0A0A4E407F000007404F
:108DA000407F000061520000486630DF302C4600F2
:108DB000FC0000FF0000000036131C070C1B110014
:108DC0000320203F000065520000A0AA2AEA2ABE24
:108DD000A020FC0000FE000000000825263F02073E
:108DE0000C000320203F000067520000FCFCA4A4FC
:108DF000E4A4BC80F80000FE000000003F017C24D9
:108E000027247C000740407F000069520000545432
:108E1000D4FCFCF65250F8F800FE000000002233AB
:108E20000F7F3F0B1A130747407F00006A52000074
:108E300008F8D8DCD8F808F80E08F8080000000098
:108E4000444764241E0D044444463F0000006F5212
:108E5000000082BAAAAAAAAABA02FC0000FF000077
:108E600000003F14141F14143F000320203F000093
:108E7000725200001C4444F654541C1CF80000FEBE
:108E800000000000017D252725257D000740407F4B
:108E900000007D5200003AAABEAABEAABA02FCFC9B
:108EA00000FF00000000120A223E020A1A120323E9
:108EB000203F00007F520000F6D9D0FFD0D6F90045
:108EC000FC0000FF00000000121A0E3F060A1A0004
:108ED0000320203F00008152000030FCAAA8FEA819
:108EE000A808F8F800FE00000000701F3464176442
:108EF00014640F47407F000082520000FCA43CE451
:108F0000BCE4FC24E4F800FE000000003F01741FF4
:108F100047300F1C2047407F000088520000FCDCD7
:108F20005454DCC0A4BCE6E4BCA4000000004545E9
:108F30006525350D044445457C0000009052000035
:108F400064FCDED4F4DED414F8F800FE0000000067
:108F5000485B7A2A2B3A4A020747407F0000935227
:108F60000000C0FEE6E7E6FEDE00FC0000FF0000B9
:108F70000000271E0607063E07000320203F0000D2
:108F80009B52000008080808F87F08080808F8F84D
:108F90000000000020301C060300002020301F00CD
:108FA00000009D5200003464C4F41C1010FF101027
:108FB00010F000000000180E030324180E032020F8
:108FC000381F00009E52000010D01010FE3E1010FE
:108FD000F0F0C080000000002331180E0320203084
:108FE0003F00000700009F5200000404FC0404102E
:108FF00010FE101010F000000000040407223218C8
:109000000E032020381F0000A052000008C8FF08EF
:1090100008F800FC040404FC00000000380F2020C5
:10902000381F003F0808081F0000A1520000A0B030
:1090300098DC6E684868F8988880000000004062FC
:1090400022321E07024242623E000000A25200008D
:1090500002FE7E4242C21010FF1010F000000020FD
:10906000380F20203C0F301E2320301F0000A35259
:1090700000005058466220FF3E101A0E0C080000F7
:109080000000203111190F03012121311F000000C0
:10909000A852000022E2E222A2220808FF0808F8F3
:1090A000000000000C0F0C0C070E380F2320301F9F
:1090B0000000A9520000FEFE9292FE1010D0FF1098
:1090C00010F0000000001F0F080C27341C072020A0
:1090D000381F0000AA520000849C67647C4CC24E7A
:1090E0007A725EC600000000202232120E070222B1
:1090F00022321E000000AB5200004848FE7F484864
:109100001010FF1010F000000000181F09080F0ECB
:10911000301E2320301F0000AC520000F8EF24E482
:1091200004FC1010FF1810F00000000007072223B5
:10913000301F301C0720301F0000AD520000423AA3
:109140000E42623E1010FF1010F0000000003F11B0
:1091500011111F3F380F2320301F0000B1520000B3
:10916000FEFE12F252D21210FE1E10F0000000009D
:109170003F301E23201F301C0720301F0000B2523A
:109180000000E2A2B29AAEA21010FF1010F0000090
:10919000000030101F1F1828301E0320301F000051
:1091A000B35200006424242F24E424242F242464B4
:1091B00000000000203111190F03212121391F0067
:1091C0000000BE5200004474DFC664841010FF101B
:1091D00010F0000000003613190C0E09301C272077
:1091E000380F0000BF52000054547F1414C4343FA1
:1091F00024047C6000000000213111190F030121BB
:1092000021391F000000C3520000345454DFD474CD
:109210003010FF1010F0000000000626263F02026A
:10922000321C2320301F0000C752000000E4646C91
:109230007CF4FC7C6C64E40000000000484B69296D
:10924000391F094949493B000000C9520000F81E76
:1092500013FA1EF0F808FF0808F8000000003119A2
:109260000F033F2125232124243F0000CB5200007F
:10927000E02E2AAA2AEE0808FF0808F800000000DD
:1092800037100C0F1817301C0720301F0000D05269
:10929000000024A4A4FC2C242020FE2020E00000B8
:1092A00000203E223E3E223E20380F40603F00001C
:1092B000D2520000C45F54F45FC41410FF1010F0C9
:1092C000000000000505053F05251C0F2320301F69
:1092D0000000D6520000FCACACACACFC7C20FC3CEA
:1092E00020E0000000007F3F2A2A2A7F20380F401C
:1092F000603F0000D852000008FEA8A8A8FE082081
:10930000FE2020E0000000003E333A22263B623877
:109310004F40603F0000DF52000004F4F4DED4D47C
:10932000D4D4DEF4F404000000000A4E4E2A3B1EA2
:109330000A4A6A3E0E0A0000E4520000C45E54F479
:109340005EC42420FE2020E0000000002B2B2B3FD9
:109350002B2B603C0740403F0000F0520000C868E3
:109360001C486838FCFCB4FCB4FC000000003F4220
:109370007E3A433E3C3C404670380000F9520000C3
:10938000C0701E0F08080808080808F80000000050
:10939000000000000000002020203F070000FA52DB
:1093A000000060380E67C48404040404C4FC000098
:1093B0000000000000000003022020203F03000006
:1093C000FE52000060380EC77404C484040484FC98
:1093D00000000000000607050406262726203F0798
:1093E0000000FF520000C0301E8BF81808E8380853
:1093F00008F800000000080C060330180E23202097
:109400003F0700000053000040301C4FC888080888
:109410000808F8F8000000000008080C0C042622D8
:1094200020301F000000055300006070DC4E4848EB
:10943000C8C80808F8000000000000007F4242424F
:109440004343484C4F7000000653000060384ECB39
:10945000F89808F83808F8F800000000180C06031F
:10946000301D072324203F0100000853000060F056
:109470001C4E88C86808C80808F800000000001FD3
:109480001014131316105F40781F00000D530000D6
:1094900020B8ACA8A8F8A8B8A808E8F80000000010
:1094A000003F0A0A0A3F0A2A7F407F0F00000F533D
:1094B000000068784E586808F82E28E808F8000080
:1094C0000000014745453D013F62424744770000A7
:1094D000105300006038EE68686868E8A808E8F88B
:1094E00000000000003E2B2B2B3F2B2B7E407F0FDC
:1094F0000000155300000000FC80C04060203030A8
:1095000010000000000000003F202020202020202C
:10951000301C0000165300006030FC070000FFC044
:10952000407018080000000000003F0002031F31D7
:109530002020203C000017530000202020FCFC00CD
:1095400000FE406030100000000008080C3F3F00A3
:10955000003F202020380800195300005E5A5ADAD4
:109560005A5E40FE30100808000000003E0F181F31
:10957000222222272C28282F00001A53000000FC4A
:109580000404040404040404040000000000003F78
:109590002020202020202020202000001D5300001B
:1095A000FEFE02F21212FA121212F2020000000083
:1095B0001F1F101310101710121213100000205349
:1095C0000000FEFE02FA4A4A4A4ACA4A42420000E3
:1095D00000001F1F1C17101010101F10101000008B
:1095E00021530000FC0404949494F49494949404FF
:1095F000000000003F20282828282F28282828207D
:10960000000023530000FEFE02FA2A2AFA2A2A2A20
:10961000FA02000000001F1F101111111F1111117B
:109620001110000026530000FCFCA4F4F4A4242430
:10963000FC24E404000000003F3F24242F222A2EB3
:1096400021202F2C00002A530000FCFC24A4A4FCA1
:1096500004F4F4A4A424000000003F3F2424243F89
:10966000202F2F24242400002E530000FEFE427AD7
:109670006A6A7A6A6A6A7A42000000003F3F303FB5
:1096800031312D2931373720000039530000FCFCDF
:109690000404FC0404FCFC040404000000003F3F3C
:1096A0002427212020232724242700003A530000C8
:1096B000FCFC043464C484C464140404000000008A
:1096C0003F3F282C26232123262C202000003B531B
:1096D0000000FCFC44643C24E42424242404000012
:1096E00000003F3F2139292D272325293121000062
:1096F0003E530000FE0202FAAAAAAEAEAAAABA021D
:10970000000000003F2C2F212F22272227222F206C
:1097100000003F530000FEFE4A4ADAFA6A4A5E4AF7
:109720004A42000000001F1F1213171515151517C8
:1097300010100000415300008080808080FEFE8079
:10974000808080800000000000000000007F7F001B
:1097500000000000000043530000808888888CFCD3
:10976000FC84848680800000000000000000007FF0
:109770007F00000000000000455300004040FE4014
:1097800040FEFE4040FEFE4040000000301F03004F
:10979000001F1F00003F3F00000047530000888863
:1097A00088FC84868080FE8080800000000060301D
:1097B0001C07000000007F0000000000485300006C
:1097C00060380E0A08F8F8080808080000000000D1
:1097D00001010101017F7F010101010100004953E5
:1097E00000000808C8C8083E3E08C8C808080000AD
:1097F000000061311F03010101017F3F01010000F1
:109800004A53000000445C5040FEFE40505C44401F
:109810000000000004040404047F7F040404040422
:1098200000004E5300003010FC0620307EFC98886B
:109830008CC00000000004040404047E7E040404C0
:10984000040400004F53000010FF1010C808F87FF8
:1098500008F8F8C000000000003F0022190E0320A5
:10986000203F030302005153000000F8282828FE7F
:1098700078282828F80000000000080D0D0D0B09BD
:10988000097F090909080000525300000888E87898
:10989000880E8CC87888880800000000050504043C
:1098A000047E7F040404050500005353000000F00B
:1098B0009090909E94949494F40400000000080BFF
:1098C0000A0A0A7E3E0A0A0A0B08000055530000E5
:1098D00000F0505C58F0F0505C56F00000000000C2
:1098E000080B0A0A0A7F7F0A0A0A0B08000056536F
:1098F0000000202828E8A83EFE282828E86000006C
:10990000000044652526341C071414242464000038
:109910005753000008E82828A83E3EA82828E8C891
:1099200000000000007F080A0B3E3E0B4A487F3FC4
:1099300000005A53002020FE2020F4F454FEFE5470
:10994000D6F400000000007F0004051D3505457FAA
:10995000070504005C53000000000000FE6040406A
:10996000C080000000000000000000003F00000078
:109970000001010000005E5300001010101010F6EE
:10998000FC90101010100000000000000000007F8C
:1099900001010103060000005F530000F80808F809
:1099A000000000FC40C08000000000000F0404071D
:1099B0000000007F00000103000060530000000071
:1099C000000000FE10101010101000000000007FBA
:1099D00021212121212121217F000000615300004C
:1099E0008080808080FE88888888888000000000D1
:1099F00000000000007F0404040C08000000625313
:109A0000000000C0E020203E3C282828E808000094
:109A10000000603F0702020202020202070000008B
:109A20006353000000E0A0A0A0BEA4A42424E4E4AA
:109A300000000000007F24242424242720203F7FCE
:109A4000000064530000C0E020A0A03E28A8E82841
:109A5000E8E8000000003F7F20282D2723272C2046
:109A60007F3F0000665300004848487E4848400059
:109A7000FE408000000000002222323F32321200FD
:109A80007F000001000067530000FCFC447C7CC4A4
:109A90000400FEC08000000000003F3F223E3E2345
:109AA00020007F000103000069530000000000FE59
:109AB00002020202FE000000000000000000003F61
:109AC000000004040700000000006B5300000002C7
:109AD000020202FE02020202FE000000000010105C
:109AE0001010101F10111111111000006E53000002
:109AF00000FE12D2D252525253D311100000000075
:109B00003C07001F3F2020242427201800006F530B
:109B1000000000F80804F40000F8080808F8000045
:109B200000000467341E0F00007F0008080F0000CB
:109B300070530000F8FC44444600FCFC040404FCA0
:109B4000000000001F0F080C0C007F3F0008080FEA
:109B500000007153000030F87C13D2525A5E50D08E
:109B6000101000000000380F00003F2020242427A0
:109B70002038000073530000FEFE929292FE00FE19
:109B8000020202FE000000001F1F18080E18003F0E
:109B900000040407000074530000888888FE888849
:109BA00000FC040404FC00000000101C1B180A1C2C
:109BB000107F0008080F000075530000F8FC64C413
:109BC000F2F000FC24C404FC000000004767361ECD
:109BD0000F00007F0008080F00007753000040507E
:109BE000D4DC707C5650D85450400000000006036E
:109BF0001F7E42424A4A4F633206000078530000FB
:109C0000704E48F8484840FC040404FC0000000082
:109C10003E3E101F121A007F0008080F00007A5302
:109C20000000C0486A3A5A7A3A1636322840000094
:109C30000000003D7D4545555555555D41300000BE
:109C40007F530000F80CF400FC2424FC00FC04FC0E
:109C50000000000067340F001F190D19207F080F46
:109C600000008253000000FE020202020202020211
:109C70000202000000003C0F000000000000000095
:109C8000000000008453000000FE0202F2121212D3
:109C900012F2F202000000001C0700001F10101159
:109CA0001111101C00008553000000FE0222222228
:109CB00022E222222222000000003C0700000020B5
:109CC000203F00000000000086530000C0FE22225A
:109CD00022A2FA222222E262000000003F0320308A
:109CE0001807012020203F0000008953000000FEDB
:109CF000121212F2929292929212000000003C070D
:109D000020180E03002020381F0000008B53000095
:109D1000C0FE02424242FAFA4242424200000000C1
:109D20001F03101010101F1F1013161000008C536B
:109D3000000000FE42424242E2FA425A5242000011
:109D400000003C072010180E0301070C183000001B
:109D50008D53000000FE1292F23A12D21212121229
:109D6000000000001E0704050505053F0505050464
:109D700000009553000080FE02FA0AEA0AFA02F295
:109D800002FA000000001F0320130E0B1827002703
:109D9000203F00009853000000FE02FA2A2AFAFA37
:109DA0002A2AFA02000000001C07101515151F1FB3
:109DB0001515151000009A53000000FE027A5A5A39
:109DC0005A5A5A5A7A02000000003E070405252517
:109DD0003D1F0705050400009D53000000FE424A98
:109DE0004A7E4A4A7E7A4A4A000000003E07001F27
:109DF0003F15151515153F0000009F53000000FE8C
:109E000002F252525E525252F202000000001E074D
:109E1000101905213F1F010519100000A253000071
:109E200000FE22E2FEA222FA4A4A4AFA000000009C
:109E30001F0706013F01003F1212123F0000A3530B
:109E40000000FEFE52D27272DAD6727EDA52000042
:109E500000001F01000F05053F1F0505070000005A
:109E6000A5530000E0FEA22AE23AE2E23ED212F25C
:109E7000000000003F03231A0F0227100C070C30CC
:109E80000000A653000000FE0AEAFA9A9A9A9AFA8B
:109E9000EA0A000000003E07282D351F1D1D1D2564
:109EA00021200000A8530000C0FECAEA2A2AEA22A4
:109EB000A222FE22000000003F03313F111D1310BB
:109EC00023203F000000A953000080FEFAAAAAFA4E
:109ED000F2EA8AFABA8A000000003F031F180A0E4D
:109EE00038180E1F20301000AE530000C0FE12FACA
:109EF000D2F2FA02FA8A8A8A000000003F07340F81
:109F0000041C173C07003F000000B653000000008F
:109F100000C0701C00000000000000000000181CC1
:109F20001F1918080808080B1C100000BB5300007C
:109F30008090909090FEFE909090908000000000A5
:109F40000030382633303030361C30000000BF532C
:109F500000000000FE4A4A4A4A4A4AFE0000000049
:109F6000000002321B1E161212121E1B32220000AB
:109F7000C15300004050D8D87E5A4848CCCC5840F5
:109F800000000000262329292929292929292322FB
:109F90000000C2530000405058D87E5A4848CC4C6C
:109FA0005840000000000602436A6A29253410095F
:109FB00002060000C853000004043CE484040404C6
:109FC000C47C0C0000000000602030100B0E0E1B43
:109FD000103020600000C9530000040C3CE48414DD
:109FE0006484C43C0C0000000000301010080D0711
:109FF000070D081810300000CA5300000202C2FE0C
:10A00000E282023E2E20E02000000000180C072013
:10A0100030131E0C0E1B11300000CB53000010102B
:10A0200010F8BE9090909090101000000000301832
:10A030004E6323341818362360400000CC530000D0
:10A0400024E484C47C001CF40484FC1C0000000094
:10A0500060380F071C6030190F1F30600000CD53AF
:10A06000000000FCFCC4C444444446C2C2000000DA
:10A070000000603F406023361C1C362360600000F7
:10A08000D153000000303C20E0FEA0A0A0ACA820EE
:10A090000000000010180C6321361C183E2360607D
:10A0A0000000D453000020203FE424A4223EC282BA
:10A0B000FA0E000000000F21303F002734180F0F68
:10A0C00018300000D653000002FE9292FE02047C7B
:10A0D000C404F41C000000000C0F04043F043018FA
:10A0E0000F0F18300000D7530000E42C3C24243C10
:10A0F0003426223A2AE000000000606023273D1940
:10A10000193D272360600000D853000088C8280844
:10A11000F80E0CF80828C888000000004042662E9F
:10A120003B32323B2E6640400000D9530000989CE1
:10A1300096F3969C8E7EC202F21E000000000C2256
:10A14000203F000E30180F0F19300000DB530000C5
:10A150004C50FE405C00FCE42426A2E2000000001B
:10A16000623A0F02623A0F201F1E33600000DF5375
:10A17000000000FCA4A4A0FEFEA4A4A4FC00000017
:10A1800000004062662E3A33333A2E666240000089
:10A19000E053000080E07266AE0AAAEE6E76E0A0A0
:10A1A0000000000043417F5B5B5B5B5B5B7F414387
:10A1B0000000E353000000FC04040404040404044D
:10A1C000FC0000000000001F080808080808080834
:10A1D0001F000000E45300001010101010FEFE10CD
:10A1E0001010101000000000007F212121212121EA
:10A1F00021217F000000E5530000E030CE474444B9
:10A2000044C40404C4FC0000000000000F04040463
:10A21000042720203F070000E6530000003E2222D2
:10A2200022E2222222223E000000000021311119E8
:10A230000F03012121211F000000E8530000FC044E
:10A2400004FC000282FE020202FE000000000F0277
:10A250000203301C070020203E0F0000E9530000DD
:10A26000FE020202FE00FE02020202FE00000000E8
:10A270000702020203003F000808080F0000EA532B
:10A28000000000FE8282828282828282FE000000C2
:10A2900000003010080400000000040C183000001A
:10A2A000EB530000F8080808F800F8000000FCFC78
:10A2B000000000000F04040407000F0C04047F7F5B
:10A2C0000000EC53000082C262321E06024242626B
:10A2D0003E0000000000001F3F111111111111116B
:10A2E0003F000000ED530000FC0404FC0000FC00F3
:10A2F00000FC8000000000000F040407701F030032
:10A3000000011F300000EE530000FE0606FE0002B2
:10A310000202FEFE0202020000000F020203000021
:10A3200020203F1F00000000EF53000002E2222225
:10A330002222E20202FEFE020000000000070202EA
:10A3400002020320203F1F000000F053000000C065
:10A35000F0584E4240405870E08000000000007EFF
:10A360007E2222222222227E3E000000F1530000A3
:10A37000F80808F8000000FCC06030100000000081
:10A380001F0404070203037F404040780000F2539B
:10A3900000000078484848FEFE4848487800000021
:10A3A00000002030131E0C1F103030202020000031
:10A3B000F3530000101090F03C1610101010101005
:10A3C000000000000C06037F2121212121217F00B4
:10A3D0000000F5530000FCFC0404E424242424E4DD
:10A3E0000404000000003F3F2020272424242427C9
:10A3F00020200000F6530000F80808F840404040D4
:10A40000FC404040400000000F0404070000000032
:10A410007F0000000000F753000040405ED252521F
:10A420005252525E4040000000000000030302222E
:10A430002222321E00000000F853000012D25252B5
:10A44000525252D21202FEFE00000000000F04041D
:10A450000404040720203F0F0000F9530000F8080F
:10A4600008F8043CE40404C47C04000000001F0855
:10A47000084F6020111E1E3320600000FB530000B7
:10A48000FC0404FC101010FE101010F0000000007E
:10A490001F04040760380F0340407C1F0000FC537A
:10A4A0000000FC0404FC040404C46424F4FC000064
:10A4B00000000F0202030002032020203F010000E1
:10A4C000FD530000FC0404FC00FEFE0202FE00003E
:10A4D0000000000007020223380F0100003F20386F
:10A4E0001C0001540000FC0404FC40424242FE42B5
:10A4F00042424000000007020203000020203F000B
:10A500000000000003540000F80808F860B88E88C6
:10A5100088888808000000001F04040700784C4663
:10A52000434140701000045400006030183CEEC8F5
:10A53000C8E8381800000000000002027F2525242A
:10A540002425257F0202000006540000F80808F8C0
:10A5500080C0F09C84C06000000000000F0404076D
:10A560002031383633111C70000008540000406060
:10A570006070584C4E585060604000000000000071
:10A580007E2222222222227E3E0000000954000068
:10A590000888888888FEFE8888888808000000006F
:10A5A000007E7E2222222222227E7E0000000A5489
:10A5B0000000009E9E9292F2F292929E9E80000077
:10A5C0000000001F0000003F3F0010101F0F0000A0
:10A5D0000C540000FE0212D252525252D21202FE0B
:10A5E000000000003F00000F040404040720203F87
:10A5F00000000D54000020201058CE8A884868388A
:10A6000008000000000004063E7E232322222222AE
:10A610007E0000000E54000000FC24242424242684
:10A620002222222000000000781F007E3E222222EB
:10A6300022227E0000000F54000008E8282828FC91
:10A64000FC282828E8080000000040612739393F2D
:10A65000216161414140000010540000F80808F8F1
:10A6600040404040FC404040000000000F040427F0
:10A67000202020203F202020200011540000F0F056
:10A680001090989E90909010F0F0000000007F7F56
:10A69000001F080808084F407F3F000012540000C8
:10A6A000F80808F888888CFCFC848480000000008E
:10A6B0000F0404070100001F3F2020380800135436
:10A6C0000000FE0202FE020202FE3222428200006E
:10A6D00000000F0202030000003F00000000000025
:10A6E0001554000000003E2222222222223E0000B9
:10A6F00000000000003F11111111111111113F0054
:10A70000000016540000FC0404FC00061830E03081
:10A710000C06000000000F040407000000007F008A
:10A720000000000017540000FC0404FC00FA8A82B8
:10A7300082E2FE80000000000F0202030404040411
:10A740002424381F00001B540000084A4ACA7A4ECD
:10A750004A4A4A4A7E08000000000406073F1212D7
:10A76000121212123E0000001D54000008088898C2
:10A77000E84E4CE8B898080800000000013D7F2230
:10A7800022222222227E7F0100001E54000012128B
:10A79000D2723A1E123272921212000000000301AD
:10A7A0003F1111111111113F010300001F5400004E
:10A7B000F80808F86020182C4E18306000000000DF
:10A7C0000F04040701010101711D0700000020545E
:10A7D0000000F80808F8404040FCFC404C580000DD
:10A7E00000001F04044760301807071C3060000099
:10A7F00021540000F80808F800FC4040FCC060202C
:10A80000000000000F040407303F10103F202038E4
:10A81000000023540000F80808F880C0E0E60C1897
:10A8200000C0000000001F0404070F013F7F4040EC
:10A830007807040026540000426222321A7E7E020B
:10A840001232226200000000003F3F11111111116D
:10A85000113F3F00000027540000FC0404FC00FEF0
:10A860008282FE8282FE000000000F020203003F8F
:10A87000202020202039080028540000F808F8F88B
:10A88000C8C808FEFE08C8C8000000001F0407076B
:10A890000707043F7F444F7F000029540000FC0459
:10A8A00004FC20705EC24046DC70000000000F0215
:10A8B000020330180F0120201F0000002B5400005D
:10A8C0006020B09088A4E68890B06060000000002E
:10A8D000003C7C2424242426257C3C0000002C54AD
:10A8E0000000F80808F800C0F8484CC4C640000052
:10A8F00000000F040407603F0300007F3F000000DA
:10A900002D540000FE0202FE0808E82B2EE808087D
:10A910000800000007020223301F0300003F203818
:10A9200008002E540000FC0404FC6070EC67E0E8B2
:10A930003860000000000F020223301C07001F3F98
:10A94000203808002F54000000F84848484A4C4876
:10A950004848780000000000701F007E222222225A
:10A9600022227E00000031540000F80808F8109000
:10A9700090FCFE909010000000000F04040760217E
:10A98000361C1C362360000032540000F80808F81A
:10A9900000E424243C0000FC000000001F04040725
:10A9A000004141713F00007F000034540000005E10
:10A9B000525252D2D252525E5E0000000000223249
:10A9C000121A0E07060E1212322200003554000031
:10A9D000F80808F880F000FCFE0030E000000000FD
:10A9E0000F040407616020331B0C0600000038547C
:10A9F0000000FC0404FC02FAFE02323EE0600000AB
:10AA00000000070202330C0730130E0E1330000053
:10AA100039540000FC0404FCC0701ED0D0109070AB
:10AA2000000000000F0404076030180F071C30609E
:10AA300000003B540000F808F8F8E03CD67010F035
:10AA400010F0000000001F0407070C0631184740F3
:10AA5000781F00003C540000FC04FC0404E4F48C67
:10AA600004FE0000000000001F080F03437F3F01A9
:10AA7000007F407010003E540000404A4A7A7E4AEF
:10AA80004A4A6A7A424000000000003E3E1212121A
:10AA90001212123E3E00000040540000FC0404FC70
:10AAA000027A4242C2FEFE42400000000702020358
:10AAB000180C0623213F1F00000043540000FC0433
:10AAC00004FC00FE02F2121212F2000000000F025B
:10AAD00002331F03003F20212139000046540000AB
:10AAE000001E1E1212F2F212121E1E0000000000C2
:10AAF00011190905073F3F070D09191100004854B6
:10AB00000000007C7C4444444444447C7C000000BD
:10AB1000000020292929293F3F292929292000002F
:10AB20004A540000A0B88E888888FE88888888806B
:10AB30000000000000007E2222222222227E7E00CF
:10AB400000004B540000F80808F8101010FE101018
:10AB50001010000000000F04044721311D07071DDD
:10AB60003161000050540000FC0404FC00F010D0DF
:10AB7000FF9010F00000000007020203003F0601F2
:10AB80000021223F000052540000FC0404FC20225B
:10AB9000A2FEE22222222000000007020213180C6B
:10ABA00007001F101018080053540000FC0404FC98
:10ABB0000888BE88889C9C08000000001F040407C9
:10ABC00000704C4643414078000054540000F8089F
:10ABD00008F8202020F0FE202020000000000F04B4
:10ABE000046720381E33210E186000005554000001
:10ABF000F80808F800FC0464C4C4740400000000F1
:10AC00000F040407003F282C27232E280000565449
:10AC10000000FC04FCFCC0FE2222FA2222E200001A
:10AC200000000F0203231F03301F21203C0F0000F0
:10AC300057540000FC0404FC00FE0202FA02FEFE6F
:10AC400000000000070202032013180F01081B3345
:10AC500000005854000000C04E4A4A4A4A4A4A4E30
:10AC6000C0000000000020273010180F0308181043
:10AC70003720000059540000C0DE5E5252F272527A
:10AC8000525EDEC0000000003F3F0C0406010302DC
:10AC900024243F1F00005B540000F80808F860F00F
:10ACA000584E4CD87060000000000F040407003FAD
:10ACB00020242427301800005C540000F80808F80D
:10ACC00000F8080C48487800000000000F04040752
:10ACD000080909090949693F000062540000FC04A1
:10ACE00004FC00FE12F21212929E000000000F02FD
:10ACF00002331F03003F212120380000645400006C
:10AD0000F80808F84020384CCE1820400000000019
:10AD10000F04040700011911394F030000006654A5
:10AD20000000FE02FE6078EF701888FF08F800004F
:10AD300000000F0407080E090E3C0F20301F000012
:10AD40006854000000FE024A4A7A7E4A4A42FE00E7
:10AD5000000000003C0F001F090909092F203F00D7
:10AD6000000071540000F808F8F8F8FC0CFC04042A
:10AD7000FE06000000000F0407671F00382F34385C
:10AD8000073C200072540000FC04FC00F000FE4070
:10AD9000FCFC6030000000000F0407203F301F1053
:10ADA0001F3F2038000073540000F80808F8809016
:10ADB00090FCFE909090000000000F0404073018F3
:10ADC000063F7F061830000075540000FE0606FEA0
:10ADD00002F21212F202FE02020000000702020357
:10ADE0000007020223203F00000076540000F8080C
:10ADF000F820E03EA0E4FC0484FC000000000F0406
:10AE00000720371C0F70301F3F6000007754000090
:10AE1000FC0404FC00FE2222FE2222FE00000000B0
:10AE200007020203000301013F01010300007854FF
:10AE30000000F80808F80484C4F4FCC4840400008A
:10AE400000000F0404072221202F2F2021230000BF
:10AE50007B540000F80808F800F84848FE4848F815
:10AE6000000000000F040407000F04047F04040F17
:10AE700000007C540000F808F8F80878080CFC047E
:10AE80006414000000000F040707014141613F0105
:10AE9000010100007D54000020A0B0B8A824A6A89D
:10AEA000B8B0A02000000000001F08080F007F7F3E
:10AEB00010101F00000080540000F80808F800FC83
:10AEC00044444444FC00000000000F040407203FF9
:10AED000222222223F20200082540000F808F8009D
:10AEE000FC04E424F42424E4000000000F04070020
:10AEF0003F2027202F242423000084540000F8083A
:10AF0000F8F800784040FE404078000000001F0440
:10AF100007073F3F20203F20207F0000865400008D
:10AF2000F80808F860F82E28E808F8F80000000093
:10AF30001F040407003F624243484F7700008B54D0
:10AF40000000F80808F860301EF090909090100013
:10AF500000000F0404070000007F04040404000044
:10AF60008C5400004848FCFC4444F8F80808F8F801
:10AF7000000000000C077F7F03043F3F10103F3F9D
:10AF800000008E5400002038EEC8E898007C7E1047
:10AF900030200000000003017D2424252525257D87
:10AFA0003D0100008F540000F808F8F8909096F4E6
:10AFB000F48CC060000000001F040737180E437FA8
:10AFC0003F070C18100090540000FC0404FC60FCC7
:10AFD00017D09010FF10100000000F020203003F76
:10AFE000000023203F000000925400001E1E929299
:10AFF0009E80809E92121E1E0000000020301F07BF
:10B00000000000003F202038000094540000F808A1
:10B0100008F8808080FE90909090800000000F04DF
:10B0200004070000007F06040C080000955400008F
:10B03000F80808F800202020FE2020202000000032
:10B040000F040407007E7E222322227E00009654F5
:10B050000000FE02FE0888FF08F8FE0202FE000063
:10B0600000000F0203300F21381F1F08083F0000A7
:10B0700099540000FE0202FE1010FF10F0139650CB
:10B08000000000000F020233180711183F23213877
:10B0900000009A540000F80808F83018BCEAC8B854
:10B0A0001800000000001F08080F02131126246971
:10B0B000430200009B540000F80808F8B0B8888AE2
:10B0C0008E8888B8000000003F08080F000040404C
:10B0D0007F00000000009D540000FC04FC4060DC88
:10B0E000E630605CC630000000001F040720262701
:10B0F0002424242724240000A3540000FE0202FE7E
:10B10000424ED8407FD04C42000000000F02022384
:10B11000301C0700003F20380800A4540000F80845
:10B12000F8F838C848CE4C682838000000001F04E2
:10B1300007070404067F424242720000A654000042
:10B14000F808F8F824A4A4FEFEA4E4E4000000003B
:10B150001F04074743231A0F1E32724E0000A754E4
:10B160000000FE02FE80E2BE12F200FC00FF0000C2
:10B1700000000F020301301807010023203F0000E8
:10B18000A854000084844840308EC878E888381875
:10B190000000000000007C2425252424247D7D015E
:10B1A0000000A9540000FC0404FC10929C90F0984C
:10B1B0009E90000000001F040407040404047F04A0
:10B1C00004040000AA540000FC0404FC80BCA0FE9F
:10B1D000FEA0BC84000000000F020233100C063FEA
:10B1E0007F060C300000AB54000080FE42C2427E5D
:10B1F00000BEA222A23E000000003F0300030E1882
:10B200001633202021260000AC540000F80808F86E
:10B2100088C8380A0E0868C8000000000F04040738
:10B220004020331E1C3720600000AD540000F80899
:10B2300008F808888888FE888888000000000F04C5
:10B240000407007E222222227E3E0000AF5400002E
:10B25000F80808F860303CEEC8E83800000000004C
:10B260000F040407027E272524257F3E0000B154E9
:10B270000000F80808F800F8484C4E4848F800006C
:10B2800000001F040407007F24242424247F0000DE
:10B29000B3540000F80808F888C8E8BA8EC848080F
:10B2A000000000001F04040764243213091C3761E6
:10B2B0000000B4540000F808F80808F83EC888E810
:10B2C00008C8000000001F04070C066122390F0F98
:10B2D00033600000B854000000F050505050507ED1
:10B2E000F016DC1800000000780F001F09492F300D
:10B2F0001F3741780000BB540000F808F8F8E0FC64
:10B300002020E0FE2020000000000F040707007F3F
:10B310001807017F030C0000BD540000FC04FC0072
:10B32000FE2222E2FA2222FE0000000007020300B1
:10B330003F1C14131117143F0000BF540000FC04FD
:10B34000FCC0F0FE4044FC4444FC400000000F04FC
:10B3500007017F7F42320F0202070000C054000045
:10B3600008E8E828282E2C2828E808080000000013
:10B37000080D6D7F2321230D193526620000C1546D
:10B3800000008080BEA2A22222A2A2BE8080000075
:10B3900000003F1010103F00003F1010103F000051
:10B3A000C2540000FC0404FCF2F2927E12FE12F27F
:10B3B00000000000070202033F3F11101011113F6F
:10B3C0000000C4540000F80808F82020FE2020FCEB
:10B3D000FC20000000000F04040762320B02020B85
:10B3E0001B620200C6540000F80808F89090F86C40
:10B3F000EA381800000000000F04040744662235F4
:10B40000190907030000C7540000F80808F840486D
:10B41000487C7E484848000000000F04042724248C
:10B42000243F3F2424240000C8540000F80808F8F2
:10B430004060704C4E587060000000000F0404071C
:10B44000007E222222227E000000C95400004848CB
:10B45000487E484840FEC0444C5800000000003F71
:10B460001111111F60301F3E43700000CC540000CA
:10B47000F808F8F880F8CCEC64E4368000000000AE
:10B480000F0407673F033F3F30071D300000CD54D6
:10B490000000F80808F8F0F010DC56D010F00000BA
:10B4A00000001F0404073F7F000F0447407F000097
:10B4B000CE540000F80808F808C83E08081EC8085E
:10B4C000080000000F0404476020371C1C3721606F
:10B4D0000000CF540000FC0404FC00FE52D2525283
:10B4E0007E000000000007020203203F1011070E3B
:10B4F00013310000D0540000FC0404FC00FC149440
:10B50000F4F49414000000000F040407003F2828FE
:10B510002F2F28280000D1540000F808F800E40478
:10B52000FC0404FC04E4000000000F0407202123B5
:10B530003F20203F27200000D2540000FE02FE40A2
:10B5400046CC1010D07F9010000000000F020320A6
:10B55000180F1436212021260000D3540000FC04CB
:10B5600004FC0464273C34744C64000000000F02A7
:10B57000020321190F01013F21390000D4540000BA
:10B58000F808F8F880FE8848FE9888C4400000005B
:10B590000F0407030404043E7E0404040000D55491
:10B5A0000000FC0404FC003CA0E0BEA0A0BC000025
:10B5B00000000F04040742632134180C0701000047
:10B5C000D7540000F80808F860F84E40FC3018889E
:10B5D000000000000F040407040504047E050505AF
:10B5E0000000D9540000F80808F86060504C4E582C
:10B5F0007060000000001F04040722323E26222A49
:10B6000032620000DA540000FC0404FCA0B09EC2C8
:10B61000C2BEA0A00000000007020203180C061F13
:10B620003F060C180000DC540000F80808F80888F1
:10B63000B8EECCB89808000000000F040407613190
:10B640001E00003E3F010000DD540000F808F80035
:10B650003808C838FE0808B8000000000F040706C4
:10B6600006633F20310719300000DE540000F8085F
:10B67000F8F800F03C26F03C3820000000000F04F1
:10B6800007070E0B09097F0909090000DF540000B4
:10B69000FC04FC4070DC6060BC1010F00000000096
:10B6A0001F040720263712120147603F0000E554AF
:10B6B0000000829ABAAAAAAAAABA82FE82820000CE
:10B6C0000000001E1E0A0A0A0E2E203F1F00000066
:10B6D000E6540000FC04FC4848FCFC447CFC44CCE0
:10B6E000000000001F040706467F3F62301F6761AD
:10B6F0001000E7540000F808F8F84848C87E7CC8F5
:10B700004840000000000F0407074E311F40403F33
:10B71000030E0000E8540000F80808F804FC30208C
:10B720003E2038EC000000000F040407007F0909E8
:10B730000949693F0000E9540000F808F8F800FCE6
:10B740002424FC2424FC000000000F0407272425E7
:10B7500025253F2525252000EA540000F808F82477
:10B7600024FC24FCFCFCE41C000000000F04076225
:10B770001E43623F7F7F101F0000ED5400001E1E1D
:10B7800012121EE07E1E72529E1E00000000213129
:10B7900011190D07030D191131310000EE5400008D
:10B7A000F808F8F8484848FEC868784C00000000DF
:10B7B0001F0407070C0F4B497F0B09080000F254C8
:10B7C00000004848FE682880FC2424E4262000006D
:10B7D0000000003D7D2424252424247D3C0000001D
:10B7E000F3540000FE02FE0808FF8888FE22E121D3
:10B7F000000000000F020301213F003E07003F0050
:10B800000000FA540000F80808F8C8C84848FE4884
:10B810004ECC000000000F0404077F7F09097F0958
:10B82000497F0000FC540000FC0404FC04F49496DE
:10B830009694F40400000000070202030001414155
:10B840007D0303000000FD540000FC0404FCFAFA30
:10B850002AFEFE2A2AFA0000000007020233111F06
:10B860000D1F111131210000FF540000C8681E484F
:10B870006838007C44447C7C00000000013D3D159C
:10B88000151D1D41417F0101000001550000F80810
:10B89000F8F8105050565C505010000000000F0493
:10B8A0000707007D252525257D3C00000655000065
:10B8B000F808F8F890F87C16107CD8B0000000006A
:10B8C0000F0407074D262F3B3A2E2641000007554F
:10B8D000000000FE22EAEAAAEA6AAAEA6A22000056
:10B8E00000001C07003F1312121212123F01000049
:10B8F00009550000F808F8F800F0FCB6909C98A0F4
:10B90000000000000F0407074525341F0F3424648E
:10B9100000000F550000F808F8F85054DC78C85CB7
:10B920005650000000001F040707063F02027F0276
:10B93000223E00001055000000F888A8A8A8FEAC20
:10B94000A8A8E888000000003E07007A2A2A2F2ACB
:10B950002A2A7B00000011550000F808F8F88078CA
:10B96000C080FEC078C0000000000F04070721243B
:10B9700025253F252425000014550000FC0404FC67
:10B98000424A7A5E4A4A7A420000000007020203F5
:10B99000003E121212123E1E00001B550000FC0455
:10B9A000FCFC4454D4D47E545444000000000F04E2
:10B9B00007076426371D193F23600000205500004B
:10B9C000FC04FCFC64242FA4242F24640000000049
:10B9D0000F02030321110D0721213F010000225511
:10B9E0000000FC0404FC00EC28A0BE20EC040000D5
:10B9F00000000F040407602F301F17102F60000095
:10BA000023550000F01010F000F8484C4C48F8F8AE
:10BA1000000000001F08080F08090D7F4D4545650F
:10BA2000000024550000F808F82030F826E4F43C23
:10BA3000E400000000001F04074222331A070F1A17
:10BA40003362000027550000FC04FC00FE9292FEC9
:10BA500000FE02FE00000000070203001F080E1C8B
:10BA6000003F040700002A550000FC04FCFC44D4FD
:10BA7000D47C56D4D454000000000F0203030809FC
:10BA80000A3F7F0A090900002C550000FC04FCFC59
:10BA9000F0D090FEDC5454B4000000001F0407678F
:10BAA0003F40301C057D416100002E55000030F8FC
:10BAB000FE686868FE686868680000000000007D35
:10BAC0007D252525252525257D0100002F550000F4
:10BAD000F80808F860F89E90F6FC909000000000CE
:10BAE0000F040407007F24243F3F24240000305526
:10BAF0000000FC04FC00FC94D4949CF800FE0000C0
:10BB000000001F04273F071F7F201F0F407F0000FA
:10BB100031550000FC0404FC80BEAAAAAAAABE807B
:10BB200000000000070202031F1F14141414143F26
:10BB3000000033550000F80808F800F8484A4C485F
:10BB4000C878000000000F0404673F4722320F1E30
:10BB50003263000037550000F80808F848E8F8DEBE
:10BB6000CC98B868000000001F040407007F121280
:10BB700052527F0000003C550000F808F8F8484891
:10BB800078CE4C785848000000000F040707426E3A
:10BB90003F33323E264200003E550000F808F800D0
:10BBA00024E424FCFC24E620000000000F0407012C
:10BBB0002527253F3F25272500003F550000F80891
:10BBC00008F8309C6E98C83808F8000000000F0490
:10BBD00004073D0C7C434C612138000041550000B6
:10BBE000FE02FE00FE424A7E7E4A42FE0000000047
:10BBF000070203300F000F09092F203F00004355B3
:10BC00000000F808F82020BCA0A0BEA8A8200000D2
:10BC100000000F040700007F0A0A0A4A7F000000A4
:10BC200044550000FE06FEFC32D2DA7EE242E21209
:10BC3000000000000F020303090D27231F02030E5B
:10BC400008004655000008C84878E84E4CE8784897
:10BC5000C80800000000007F023F121212125F436A
:10BC60007F00000049550000FC04FC1090FED090BD
:10BC700090FEF010000000001F04070C077F000D6D
:10BC8000077F030F08004A550000FC04FC00FCF489
:10BC90000CE424E404FC040000000F0407007F0807
:10BCA0000F0F0447407F000050550000F808F8F8D7
:10BCB00088E8F88E8C68C888000000000F04070729
:10BCC0000504047F7F040405000055550000F808B2
:10BCD000F870B86E68C8484808F8000000001F04F3
:10BCE00007000D11111F515D603F00005655000007
:10BCF000F80808F8A098C07C3E60D88800000000D2
:10BD00000F0404476826301F0F302C6600005C5576
:10BD10000000FC04FC80D4743C44D4743C4C00000F
:10BD200000001F04076135191F63273D3D670000B0
:10BD300061550000F808F8F89090FEFC00FE909025
:10BD4000000000000F04070704047F7F007F040445
:10BD5000040064550000F80808F800F8A8ACFEA834
:10BD6000A8F8000000000F040407080A0B09087E69
:10BD70000808000065550000F808F820301028EC8D
:10BD8000EC383030000000000F040700017D25274B
:10BD900027257D01000066550000FC04FC1010FE04
:10BDA0001050D01E90D0000000000F040702437F07
:10BDB00001203F203F20000067550000F808F800F0
:10BDC00044D4D4D4FED4D4C4000000000F0407002F
:10BDD000406F20180E202F4F00006A550000F80811
:10BDE000F82020FE20A0F01E10F0000000000F043C
:10BDF0000702427F01017F21217F00006C55000076
:10BE000040445C64447E7E44645C44440000000022
:10BE1000007F212D2D2D2D2D2D217F0000006D5512
:10BE20000000FC04FC88F87E0848C8FE4848000072
:10BE300000001F040709097F3F0509197F0300005F
:10BE40006E550000F808F820A0BC2020FE2828A885
:10BE5000000000000F0407003F3F2827272C207F09
:10BE6000000075550000F808F8404488F88888FEFE
:10BE700088B8000000001F0407301E701F613F1CBF
:10BE80003761000076550000FC04FCFC0CA424275C
:10BE9000E624242C000000000F020323380F183082
:10BEA0003F212120000077550000F808F800F82E07
:10BEB0002CF800FCE4BC000000000F0407003F1158
:10BEC0001D39007F101F000078550000FC04FC1095
:10BED000949494FE9494FCFC000000001F040760FE
:10BEE0003F18067F021E187E00007B550000E024EC
:10BEF000A4BCA4E6E4A4BCA4A4E000000000007874
:10BF00003B28282B2B282A3B780000007C5500007A
:10BF1000F808F8F8C848784ECC7858C800000000F7
:10BF20000F040707001F01017F111F0F00007E553E
:10BF30000000FC04FC4444FC4640E0FE80E00000BD
:10BF400000001F04070C077F036238071F30000042
:10BF500080550000FC0404FC984878BEACE86818E2
:10BF6000000000001F08080F027E272525257E02FD
:10BF7000000081550000FC04FCFC80BEAAFEFEAA65
:10BF8000BEBE00000000070203033F08080F0F0EAB
:10BF90002C3F000082550000FC04FCFC80BEAAAAD5
:10BFA000BEAAAABE0000000007020303003F101053
:10BFB000130C1C32000083550000F808F800E82834
:10BFC000E8B83EE828E8000000001F080F007F08DE
:10BFD0000A0B3F0A407F00008455000080A8A8AEED
:10BFE000A8F8F8A8AEA8A88000000000023A7B2AB2
:10BFF0002A2B2B2A2A3B3A02000087550000FC041A
:10C00000FC04F4FF9EF400FC00FF000000000702A7
:10C0100003180E3F07060023203F0000885500004C
:10C02000F808F8F8C0FE4848FE9888C800000000EC
:10C030000F040707007E2A2B2A2A3E3E000089555E
:10C040000000FC04FCC0F01E20E4A4A4BCA000007E
:10C0500000000F0407007F4765241C0F34640000B4
:10C060008A550000FC04FCFCFC24A4A4A4FF856603
:10C0700000000000070203131F0004341F0F3F30AD
:10C0800008008B550000FC04FC0808FC88BEA8A82A
:10C09000BE88000000001F04072424341C7F7F1C7E
:10C0A000342400008F550000F80808F888889EE8BE
:10C0B000889E9E88000000000F040407180E7F244D
:10C0C00024243C7C000091550000F80808F84848FA
:10C0D000784A4C687848000000000F040407007F8D
:10C0E000292929293F3F000094550000FE0202FE45
:10C0F000FE7EAAEAAAAAEAAE000000000F020333FD
:10C100001F2125253F242424000098550000FC040D
:10C11000FC405C5050DE5E50505C000000000F049C
:10C1200007007E023E03027E427E00009955000019
:10C13000FC04FC40405CD6D454745C400000000019
:10C140000F0407252D15574B3E021F3100009C554B
:10C1500000000414D4D4D4DEDED4D4D414040000FB
:10C16000000002323A2B2A2A2A2A2B3A3A020000ED
:10C170009D550000FC0404FC00FEAAAAAAAABEBEAB
:10C180000000000007020203030E0C0E0B2C281FF8
:10C1900000009F550000FC04FCFC3EAAAABEBEAAFB
:10C1A000AA3E000000000F020303003F0A0A0A2A09
:10C1B0003F000000A7550000F808F8F818A8A8AE3E
:10C1C000ACA8A818000000000F040707202F2A2A97
:10C1D0002A2A2F200000B1550000FC04FC00FE02BA
:10C1E000FAAAFAAAAAFA00000000070203380F1000
:10C1F00014141F1414140000B3550000F808F8F8C4
:10C2000048A8B8FEFE98A848000000000F040707E1
:10C21000202F2A2A2A2A2F200000B5550000F808CE
:10C22000F8F88888BE8888BE8888000000000F045F
:10C2300007073F7F24243F24247F0000B7550000D8
:10C24000F808F82024F4F4AEAEA4F42400000000B2
:10C250000F040700402F201C0C102F600000B95560
:10C260000000FC04FC60687858EEE858686800003C
:10C2700000001F080F002129293D3D292921000028
:10C28000BB550000FC04FC20B0B0A8A426A830B028
:10C29000000000001F0407007F0A4A7F004F403F54
:10C2A0000000BD550000F808F8F8905C30FE7C787E
:10C2B0005490000000000F040707626E3E333A2ED0
:10C2C00062020000BE5500007094DC5050D6FC5055
:10C2D000505C567000000000027B3A2A2A2B2B2A61
:10C2E0002A2A7A020000C4550000FC0404FC02FA69
:10C2F0005A5E5A5AFA02000000000702022B343735
:10C300001F1B1B1F37200000C5550000FC04FCFC50
:10C3100000FC54565654FC00000000000F040707B0
:10C320006425350F0F3527640000C9550000FC0453
:10C33000FC404454D47E7ED45454000000000F04CA
:10C3400007202515477F051516240000CC55000051
:10C35000F808F8F820A4F82020BCA4200000000071
:10C360000F0407273F223E223E223E210000CD55EA
:10C370000000F808F810D4F018D610FC24FC0000D7
:10C3800000000F040700331F02473E07427F0000F2
:10C39000D1550000F808F82028A8683E2868A82091
:10C3A000000000000F0407213D253D253D253D3DB2
:10C3B0002000D2550000F808F8F80888DE6868DE2A
:10C3C0008888000000000F040707017D252525252A
:10C3D0007D010100D3550000FC04FC40E0ECDC547E
:10C3E000DCFCE440000000000F04072227151D7E3E
:10C3F0000F1D35250000D4550000F808F80004F49E
:10C40000545E5654F404000000000F040700682F27
:10C410003B0B0B1B2F680000D6550000F80808F8EE
:10C42000F8FCA4FEFEA4A4FC000000000F040447D6
:10C4300062662A33333A66620000DC550000FC0471
:10C44000FCD05474FEFE545C5C94000000000F04A9
:10C4500007003C3C353535357D3D0000DD5500009D
:10C46000FC0404FCC27A6A6A6A6A7ADA0000000094
:10C47000070202033F00051E1E07203F0000DF5594
:10C480000000FC04FC00282AEE78282E2A28000050
:10C4900000000F040711292727253D252525000029
:10C4A000E1550000FC04FC10586C764840766C188E
:10C4B000000000001F040701135D7F3F1315497F33
:10C4C0000000E3550000DE5252D25EC0CACA4ACA1A
:10C4D0000AFE000000003F02023F221F0707042758
:10C4E000203F0000E4550000F808F8F85C5050FECA
:10C4F0007E50505C000000000F040707662F293FA4
:10C500003F293F660000E5550000FC04FC007C5418
:10C5100054D654547C78000000000F0407091D17FE
:10C52000137D311315090000E6550000F808F800E6
:10C530006424A47E3EA42464000000000F040700CD
:10C540002415477F3D0436240000E8550000F80814
:10C55000F8244428BCEE68A828E8000000001F0466
:10C5600007701C011F115559711F0000EA5500008A
:10C57000FC04FC4044D4F47C56D4D44400000000B5
:10C580000F04070226351F7F7F1D35270000EB555E
:10C590000000F808F88082FE6A6A6A6AFE420000BB
:10C5A00000000F0407422A1A3E42663A3A6600002B
:10C5B000EC550000F808F880C464AEA4A4AEE4E42E
:10C5C000000000000F0407037F001F08084F7F3F93
:10C5D0000000EF550000F808F800FC14D47454D49F
:10C5E000FCFC000000000F0407100D1D3D212D3143
:10C5F00015190000F2550000F808F820ACA4587096
:10C60000D8FC2C28000000000F040740466A2B3D90
:10C6100035160C040000F3550000F808F800E4BCDF
:10C62000E4ACBCA6BEEA000000000F040720104ED8
:10C63000673A323A66600000F5550000FC04FC40A1
:10C640004CC8F2525EFE56F2000000000F020330AA
:10C65000181F1F21212F292F0000F7550000FE026F
:10C66000FE84A4FFA4A478CF88F8000000000F0285
:10C6700003300F22323E301F0F300000FD55000006
:10C68000F808F8E828FE28E870DE107000000000C6
:10C690000F0407190D7F076D300F1E300000FE5587
:10C6A0000000FC04FC10F2949030EEE848480000D2
:10C6B00000001F0407700F403F42321F1E3200006F
:10C6C00000560000FC0C0CFCE4E4BCA6E6BC2CE428
:10C6D000000000000F0404077F7F1E12135E407FDE
:10C6E000000001560000FC04FC00F808E84848FE81
:10C6F0000ACC000000001F04077C0F0D27076D3FC8
:10C700003F61000008560000F808F800F454FE5499
:10C7100054FE54F4000000000F040700017F2B2B8F
:10C720002B2B3F3D00000956000004F4B4B4B4BE06
:10C73000BEB4B4B4F404000000004A2A1E4B6A3AA6
:10C74000023A2B2A3A3A00000C560000FE02FE0282
:10C750003AAABEAAAABEAABA000000000F020302AB
:10C76000120A22321E020A1200000E560000FC04B9
:10C7700004FC02FADADEDEDAFAFA00000000070250
:10C7800002232232131F1A3B273210000F560000DB
:10C7900010FC1010FC24243C4444447C00000000A5
:10C7A0003F11111F7F090949233D3D6700001856BD
:10C7B0000000F808F800F05050FE5C5414F400003B
:10C7C00000000F04073E2F2C283F213F3924000092
:10C7D0001B560000FC04FCF8F848F84E4CE8E8480A
:10C7E000000000001F04073F0D077F130E3F7F0C62
:10C7F00000001E560000FC04FCC23FF23FEA08FFA6
:10C8000008F80000000007020305053F05351E2358
:10C81000201F00001F560000FC04FC40C8FE685C9E
:10C8200044FCE43C000000001F0407037F25257F33
:10C83000007F180F000023560000FC04FCFCEEA84B
:10C84000A8E8EFE8A8EE00000000070203331F028B
:10C85000223F3F03223F000024560000FC04FC80DE
:10C86000BE7A42BEBE724ABE00000000070203024A
:10C87000222E1F1B1A1E3222000027560000FC0425
:10C88000FC00CC24E49E542454CC000000001F087B
:10C890000F023E3B233E3E22393900002C56000059
:10C8A000FC04FC8080BEAAAAAAAABE8000000000E8
:10C8B0001F0407203F14147F633F3B2700002D56C1
:10C8C0000000FC04FC04D45E5ED41418CC620000AA
:10C8D00000000F0407202F323A1F7023180C0000AD
:10C8E00031560000FE02FE00FEDADA5AFA5A5ACE3B
:10C8F000000000000301311D033E0B0B0F0B2B3E0C
:10C90000000032560000F808F808E8BEA8E8FC2449
:10C9100024FC000000000F0407080B7E0A6B1F02B6
:10C92000427F000034560000FC04FC00BCD07E5462
:10C93000C4DE1414000000000F0407403F1F15154B
:10C940007F55557F000036560000FC04FC08FE2889
:10C95000FC08FC44C4C2000000001F0407341F058B
:10C960001F343F003F3F000039560000F808F880B0
:10C97000D8E8784E5878E8D8000000000F04072067
:10C98000301F457D0505172000003B560000FE06C0
:10C99000FEFC0A6AEA6F6FEA6A0A000000000702FA
:10C9A0000303013D252525253D3D00003F560000A0
:10C9B000FE0202FE00BEAAB2FEBAA6BE0000000041
:10C9C000030101013C0C043C0F340C3C00004C56AC
:10C9D0000000F808F8F8F888ECF8C8EC8AF80000CD
:10C9E00000000F040707007E2A2A2A2A7E00000082
:10C9F0004D560000F80808F870FC4E48FEFC484808
:10CA0000000000000F040407603F05750777053537
:10CA100000004E560000F808F800C4D4D4DEDED47E
:10CA2000D4C4000000000F040720202E3A2A2A3A1E
:10CA30002E20000054560000F808F8F8D4F4BCA4E6
:10CA4000A6BCB458000000000F04070720273C24B0
:10CA5000243C2720000057560000FC04FC10909452
:10CA6000FE9E9EDEB492000000000F040700482ADC
:10CA70003A1F1F3A2A4A000058560000FC04FC00E6
:10CA8000FEEAE23AEAFAE2E2000000000702031ED0
:10CA900003331F02331C0718000059560000FC0422
:10CAA000FC10D818D4DAF694D818000000000F044F
:10CAB00007007D051D17155D457C00005C560000D4
:10CAC000FC04FCFCFCFEDBDAFEDED8F80000000013
:10CAD00007020303003E2A2A2A2A3E00000062566B
:10CAE0000000FC04FC00FC44F4F6E4D444FC000028
:10CAF00000001F0407446725150E0C34246700004E
:10CB000064560000F808F840687E7E28687E7E68DB
:10CB1000000000000F0407243415457D3D05152550
:10CB2000000068560000405ED2D27E60405EF27225
:10CB30005E4000000000023F13123E00003E121350
:10CB40003F0200006956000002FACACAB2FEFEFAAD
:10CB5000CACAFA0200000000203E32322C3F3F2EAB
:10CB60002A2A2E2000006A560000FC04FC00E0AED9
:10CB7000AAEAEAAEAEE00000000007020312121AB1
:10CB80000E3F3F0E1A1200006B560000F808F8F82E
:10CB900094D45C56545CD414000000001F04072792
:10CBA0003337654D5D45373000006C560000F8089E
:10CBB000F8705C4E78C8584E5868000000000F04AA
:10CBC00007282C27283F382E2728200071560000E0
:10CBD000FC04FC00F050507EF4B49474000000009B
:10CBE0000F0407601F312D5B5F390D310000765651
:10CBF0000000FC04FCFC04F4DED4D4DEF4E4000009
:10CC000000001F0407070C3F332A2E72423E00002B
:10CC10007B560000FC04FC005C54FC5654FC540C95
:10CC2000000000001F0407094D4F4B7D7D4B4D490F
:10CC300000007C560000F808F800FC243C3CB88E4C
:10CC4000CCB8000000001F04071C1F3F213F043F19
:10CC50007F04000085560000F808F800386A6A6A08
:10CC6000FE6A6A3A000000000F040700017D057F9C
:10CC7000057D457D000086560000FC04FC0424E48C
:10CC80006E74646EE424000000000F0407007E034D
:10CC90003B2B2B3B437E00008E560000F808F8C06B
:10CCA000C4747476747474C4000000000F04070127
:10CCB000352D1B577D0D1F2200008F560000F808F0
:10CCC000F80034D494DE9C94D434000000000F04A7
:10CCD0000740343D657D7D55554C0000935600005E
:10CCE000FC0CFC00DCF4D43634D4F41C000000004E
:10CCF0000F040702261D457D050535230000A356B8
:10CD0000000010D6D65656F6565656D6D610000007
:10CD10000000063F17171D18191D16173F040000C5
:10CD2000AF560000FC04FC0038EA6A7EFE6A6A38EE
:10CD3000000000001F0407067F3F35353F353535BD
:10CD40000000B7560000FC04FC04B4B4F4B6B4D43C
:10CD5000D4F4000000001F040714157D7F250D1773
:10CD6000356D0000BC560000F808F800E4BCE4ACE7
:10CD7000F4E6BAE2000000000F0407007F2B3B6FCF
:10CD8000025A7F020000CA560000E2FAFAFAFAFEDE
:10CD9000FEFAFAFA3AE200000000381D7D7F2F2DDE
:10CDA0002D1F2F3D3D480000D4560000FC04FC64BC
:10CDB000ECBCFC3EFCBCFC64000000001F04072827
:10CDC0001B7B5F2B1B3F3B690000D7560000FEFE1C
:10CDD0000202020202020202FEFE000000003F3FC9
:10CDE00010101010101010103F1F0000DA56000035
:10CDF000FE02020282F2DE82020202FE0000000057
:10CE00003F101416131010111614103F0000DB56BB
:10CE10000000FE0202C27E0202FE0202FEFE0000CE
:10CE200000001F0A0B090808080909091F1F000054
:10CE3000DD560000FE02828A8A8AEABA9A8282FE5F
:10CE4000000000003F101010141417101010103FB5
:10CE50000000DE560000FC0404E424242424E4043E
:10CE600004FC000000007F20202724242424272005
:10CE7000207F0000DF560000F8F80848C88EC86818
:10CE80000808F8F8000000007F7F282C26232326BE
:10CE90002C207F7F0000E0560000FE02222222FAB2
:10CEA000BA22222202FE000000003F1014141311C7
:10CEB00010111614103F0000E1560000FE0212D2BD
:10CEC000F21E12F2321202FE000000003F10141493
:10CED000161313121614103F0000E2560000FE0253
:10CEE000121292D272FA121202FE000000003F10DB
:10CEF0001211111414171010103F0000E456000016
:10CF0000FE0212D292FAFA92D212FEFE0000000045
:10CF10003F1010101013171414161F3F0000EB568B
:10CF20000000FE42629A7E32D23292F202FE00008D
:10CF300000003F101111161314141710103F0000B9
:10CF4000ED560000FE42424ACA4ACACA4A4202FE9E
:10CF5000000000003F101416131013171416123F90
:10CF60000000F0560000FE022222E2FAFAA222227B
:10CF700002FE000000003F121211101717101112CC
:10CF8000103F0000F1560000F8F80888C86E48C845
:10CF9000C808F8F8000000007F7F21292927262FE4
:10CFA00028207F3F0000F4560000FE020A2A2AFED5
:10CFB000FA2A2A0A02FE000000003F101111111F78
:10CFC00017151517103F0000F5560000FE222232FB
:10CFD000DA8E8E52322202FE000000003F10101046
:10CFE000171414141710103F0000F9560000FE0229
:10CFF00062A292AACE92B22202FE000000003F106E
:10D00000101012141E1B1010103F0000FA560000E2
:10D01000FE02129292FAFA92921202FE00000000B0
:10D020003F101017141414141710103F0000FD5671
:10D030000000FE020A4A4AFAFA4A4A0A02FE0000C0
:10D0400000003F101414141717141714103F000099
:10D05000FE560000FE82B292FE6A6A7ADA8282FE90
:10D06000000000003F101010141515151810103F87
:10D070000000FF560000FE0292F2F2BEB2B2F212BF
:10D0800002FE000000003F101010171212161710B9
:10D09000103F000003570000FE02CAEAAAFEFEAAE3
:10D0A000EECA02FE000000003F10171712171716F5
:10D0B0001713103F000004570000FE0282AAEABACC
:10D0C000AAAAEA8202FE000000003F101017151500
:10D0D00015151710103F000006570000FE02C2DEB3
:10D0E00056565656DEC202FE000000003F101B1FBF
:10D0F00014171114171B103F000008570000FE0200
:10D10000D2DAF2FAD2D2DED202FE000000003F21D3
:10D1100021212F282A2B2C21213F00000957000014
:10D12000FE0222AAEABEBAEAAA2222FE00000000FB
:10D130003F101212121717121212103F00000A5756
:10D140000000FE220A9A9ABABA9A9A0AFEFE0000D3
:10D1500000003F20202F2323232B2F203F3F0000C0
:10D160001C570000FE022AF67E767676F62A02FE2C
:10D17000000000003F10141B1F1913171718103F51
:10D1800000001F5700000040404040FEFE4040406D
:10D1900040000000000020202020203F3F202020D1
:10D1A000202000002357000084848CD4746464F42D
:10D1B000D48C84800000000021242424243F3F24B8
:10D1C000242424210000285700001090D0701E1045
:10D1D00010D0D01010100000000003017F002121AA
:10D1E000213F3F21212100002957002020FCFC2065
:10D1F00080848484FC84848480000000180F0F04E1
:10D20000000040407F00000000002A57000020FE80
:10D21000202060B88E888888880800000000180FD9
:10D220000C0420704C464341407010002C57000005
:10D2300020FE20204044C4444444444440000000B4
:10D24000180F0E040002034242427E0600002D57D2
:10D25000000040484848487E7E4848484840000012
:10D26000000020242424243F3F24242424200000E0
:10D270002E5700002020FE20208484848484FCFC1F
:10D2800000000000080C0706007F4040404041714C
:10D2900000002F5700002020FE2020FC848484847E
:10D2A00084FC00000000080C0704043F202020201C
:10D2B000203900003057000020FCFC2080F840405E
:10D2C000FE2030F000000000180F0704007F4040EF
:10D2D0004F44447310003357000020FCFC2000FC36
:10D2E0000000FC0000FC00000000180F0F0C301FB5
:10D2F00000001F00007F00003957000020FCFE20C6
:10D3000000F808080E08080800000000080F0704CD
:10D310003C0F00000000000000003A57000008FE2B
:10D32000FE082232B26AAEE622E0000000000C0FD6
:10D3300007060633190C2320380F00003B57000066
:10D340001010FE1010C0FC4444C4C6400000000091
:10D35000080C0704603F0700007F3F0000003E57B5
:10D36000000020FEFC2004F4FC04C4FC80800000CB
:10D370000000180F0F6C380F6326183C276100005F
:10D380004057000020FCFC2000E00000FE80808070
:10D3900000000000080F0724203F20203F2020200D
:10D3A00020004257000020FC2020F8F8C8484C4CD0
:10D3B000C44400000000080F04643F6321371C1EB2
:10D3C000236000004757000020FCFC2040709C9622
:10D3D000101010F000000000180F0F04041008498E
:10D3E0004546701F00004A57000010FEFE10080856
:10D3F000F8F84F48C8C8080000000C070722321C84
:10D40000070020203F0700004C570000203038ACB8
:10D41000E02020262CF810200000000020252525E3
:10D42000243E3E252524242000004D57000010FEF8
:10D43000FE1040FE424A7242FE40400000000407D7
:10D4400007331E07000020203F0000004E57000059
:10D4500020FCFC20C0781E90D010907000000000CE
:10D46000080F07046020180F0718306000004F579E
:10D47000000020FCFC200484C4F4FC44840400006C
:10D480000000080F0F040101007F3F0000010000B1
:10D4900050570000C0703C6040FCFCC0303C60C095
:10D4A0000000000020222222223F3F2222222220AE
:10D4B00000005157000008FEFE000808E82B2EE887
:10D4C0000808080000000C070702301F0300003F97
:10D4D000203808005757000020FCFC20001010FEE8
:10D4E0001010F00000000000080F074661311D0712
:10D4F000071D316100005A570000F8FC00FC008451
:10D500009CE464F49C000000000020242425243FB7
:10D510003E242424252100005B57002020FEFC200F
:10D52000808484848484848400000000180F0F0C9D
:10D5300020382E2320343C7000005C57000010FE81
:10D54000FE10FEFE2222FA2222E2000000000C075A
:10D5500007321F20300F21203C0F00005D570000D4
:10D5600020FCFC2000FC0404F404FCFC000000008F
:10D57000080F07046027301F0310376700005E574D
:10D58000000020FCFC2000F8080E4848780000004D
:10D590000000180F0F04080909094949613F0000FC
:10D5A0005F57000020FE20201030F0161CD07010B5
:10D5B00000000000080F0E066020311E1E332060A0
:10D5C000000060570000FCFC94BCE400C07C3CC040
:10D5D00080000000000023292828293D3C28282815
:10D5E000292300006157000020FEFC20F8F88888FD
:10D5F000FE8888B800000000080F07361F61233C32
:10D60000183C236000006457000020FE2020F8F83A
:10D6100088FCFE8888F800000000080F0C040F0743
:10D62000043F7F04040F00006657000010FCFC104C
:10D6300000FC44444444FC00000000000C0F07269A
:10D64000202724242424272020006857000020FEBF
:10D65000202038E8C80A0C08883800000000080FAD
:10D660000606001F3F2221212138000069570000D3
:10D6700020FEFC2010FE30101010FE1010000000E4
:10D68000180F0F04007F212121217F0000006A571D
:10D69000000020FE2020047404FCFC04741400002C
:10D6A0000000080F06060101013F7F010101010092
:10D6B0006B5700002020FE20200000FEFC10101000
:10D6C00000000000080C0706027F212121213F7F76
:10D6D00000006D57000010FF1010FE3ED212129293
:10D6E000921E00000000040702321F001F33212198
:10D6F000203800006F57000020FE20200484C4F46E
:10D70000FC44840400000000080F0C042321202F97
:10D710002F20212300007357000010FF103078E6FF
:10D720007018C8FF08F8000000000C07060E0E0D68
:10D73000073C0F20301F00007657000020FC2020FF
:10D7400080FC8494A484FCFC80000000080F060682
:10D75000080F080B4E487F0800007757000010FFA5
:10D76000FE1002F21212F202FE02020000000C078A
:10D7700007020007020223203F0000007B57000041
:10D7800010FEFE1000FC4642FEC2434100000000B5
:10D7900004070302303F1000180F303008007C5798
:10D7A000000020FCFC2000FC4C4444C64640000025
:10D7B0000000180F0F0C7C0F0002067F0C08000001
:10D7C000825700002024E42424FCFC2426E22220AA
:10D7D0000000000009292F29293F3F29292F290965
:10D7E00000008357000020FCFC201050D0161C10B5
:10D7F000D01000000000180F0F0420202F20203F21
:10D8000023202000845700000888C8789E88F8C824
:10D810006C2C18880000000021292828283E3E2969
:10D820002929292100008557000010FE1010101032
:10D83000FF10F012945000000000080F0626180E8A
:10D8400011183F27213000008657000020FEFC20E1
:10D85000A0E0203E3C24E4E400000000080F0F6438
:10D860003F0702020202030300008B57000024E47A
:10D870007C24FCFC24007C00FCFC00000000212532
:10D880002424253F3E242425252000008C57000019
:10D8900010FF1010FE02CA4A4ACA02FE0000000031
:10D8A0000C0706023F0007040427203F00009257A0
:10D8B000000080F8B88CCE0888E8BC88F8800000AA
:10D8C000000020242424243F3E242424242000007B
:10D8D0009357000020FE202088C8E8BA8EC8480868
:10D8E00000000000080F040464243613191C36637A
:10D8F00000009B57000020FCFC2040603C84847C9E
:10D90000404000000000180F0F0431190D3F7F0543
:10D9100019110000A057000020FCFC2000FCA4A46A
:10D92000A4A4FC0000000000180F0F04647F202353
:10D930000E1C36620000A157000060F0FC161010AB
:10D94000BEF8DA7C380800000000404B4B484B7DA5
:10D950007D48494B4A430000A257000010FEFE10CC
:10D9600080FE929292939390100000000C0F073665
:10D970001F033F101010103F0000A357000020FCB1
:10D98000FC2004E4A4A4A4A4E40400000000080F04
:10D990000724202F282828282F200000A457000023
:10D9A00020FE202044647C4C445474C400000000D9
:10D9B0000C0706222222223F3F2222222000A657C5
:10D9C000000000FCFC2C2C2CECACACBC400000009B
:10D9D0000000202B2B29293F3E28292B2B22000039
:10D9E000A757000010FE1010F0F0905C56D010F019
:10D9F00000000000180F0C047F7F0F040447407FD5
:10DA00000000A95700008494B484FC8484FC84B48E
:10DA100094840000000020242424243E3E24242456
:10DA200024200000AB5700004868FE282828E87E24
:10DA3000C808F8008000000021252524243F3E244A
:10DA4000242425210000AD57000020FE2020C4041E
:10DA5000FC0404FC04C400000000180F0C24202760
:10DA60003F20203F27210000AE57000020FEFC2071
:10DA70004868584E4858684800000000101F0F0CB6
:10DA800001090F49494979010000B257000010FE11
:10DA90001010585C505C5C50DCDC00000000080F8B
:10DAA0000606003E22222222233B0000B45700003B
:10DAB00020FE2020C848C88E8C6808C800000000DE
:10DAC000080F04043F382827272C287F0000B85768
:10DAD000000010FF10109CA4A4A7A6A4A48C000012
:10DAE00000000C07062230180F00003F203800000D
:10DAF000C257000020FE2020F4F494FCFC9494F41F
:10DB000000000000180F0C44632F3A3F2362624369
:10DB10000000C357000020FC202000F0FC96909CE1
:10DB200098B000000000080F04044525341F0F348E
:10DB300024640000CB57000020FC2020FCFC24249F
:10DB4000FC2424FC00000000080F06262525253FA4
:10DB50003F2525252000CE57000010FF1010FC2483
:10DB600024E47FFDC566000000000C07063A0F04A0
:10DB70002433180F39300C00CF57000020FE2084CA
:10DB8000E4BC84EC0CFC848400000000180F082026
:10DB90001E1F102F282F28280000D257000020FC1D
:10DBA000FC20083C44147484E61A000000000C0FAA
:10DBB000070601050D51417F3F010000D4570000C9
:10DBC00020FC2020C8C84848FE484ACC0800000075
:10DBD000080F06067F7F09097F49497F0000D55756
:10DBE000000020FCFC2080BCA4A4A4A4BCBC0000B9
:10DBF0000000080F0F04202424243F2424240000C4
:10DC0000D857000020FE2020F888F820A020FE2011
:10DC100020000000180F0C041F080F0043467F006F
:10DC20000000D957000020FCFC20009C94949494A0
:10DC30009C8000000000180F0F08406F301E071076
:10DC40002F6F0000DA57000020FC202080BCA4E4E5
:10DC5000E4A4BC8000000000180F0C0C7F080C0727
:10DC6000064C407F0000DD57000020FCFC2020B067
:10DC700098AEEC98B02000000000180F0F24380078
:10DC800078464C6309380000DF57000020FE20086A
:10DC9000C84848C8FEC88ACC00000000180F0C1401
:10DCA000131A4A2B193F63700000E057000010FE62
:10DCB000FC1000FC54565454DCC000000000080F57
:10DCC000070C080B0A7E7E0A0B0B0000E4570000CD
:10DCD00020FC202000F8A8ECFEA8A8F80000000016
:10DCE000080F0606080E0A09087E08080000ED570E
:10DCF000000020FE202020A8A8FEA8A8F8200000F0
:10DD00000000080F060630164C7F0E0C163200007D
:10DD1000EF57000020FE20A0C8E8B8CEC898E8C899
:10DD200000000000180F0C04000F0A3F7F4A4F70DC
:10DD30000000F457000040FC404010D0507C505090
:10DD4000D01000000000101F0848407F5555555561
:10DD50007F400000F857000010FC101000FCD45465
:10DD600054547C7C000000000C07030733194F2338
:10DD70001D47613F0000F957000020FE202088B8B1
:10DD8000E88E8CE8B88800000000180F0C04007EB4
:10DD9000222222227E000000FA5700000404FEFE28
:10DDA00054545454FEFE040400000000092D2F2B8F
:10DDB000293D3D2929272D090000FD57000020FE9F
:10DDC000202080AAAAAAAAAABE8000000000180FDC
:10DDD0000C04013E027F7F223E010000005800003B
:10DDE00020FE2020FC24A424E42424BC0000000005
:10DDF000180F0C7C1F003B223F22227B00000258A0
:10DE000000007010DC50505E5E5050DC107000005E
:10DE1000000020282929293F3F29292928200000FE
:10DE20000658000020FCFC2060F89E90F6FC9090C4
:10DE300000000000180F0F04007F24243F3F24241B
:10DE400000000758000004C4445E54F4F4545E5CBF
:10DE5000C4040000000040555555557F7F55555569
:10DE6000554000000B58000010FF1010FE12FE007D
:10DE7000FE1212FE000000000C07241E07213F388E
:10DE80001F21213F00000D58000010FF1010F8FC6A
:10DE900013F27E1610F0000000000C070622311964
:10DEA0000D073F212539000011580000343C26F4AD
:10DEB000A4A480FC2426E222000000002129292BB2
:10DEC000283C3F2828282B20000015580000FC047F
:10DED00034CC4474FC565454F4040000000043480D
:10DEE0004949487C7F49494B4B4000001958002064
:10DEF00020FE2024F494FC94FCFC94F40000000028
:10DF0000080F0C242424243E2424242400001E581A
:10DF1000000020FE202008FC88BEA8A8BE880000C3
:10DF20000000180F0C2C24140C7F0C1C342400004F
:10DF30002058000020FE2060F0FC20E4A4A4BCA037
:10DF400000000000080F04047F7F47241C0F346486
:10DF500000002158000020F80C405CD454F454D444
:10DF60005C4000000000202B282A293D3C2B28285B
:10DF7000292300002458001010FE101080BEAAAA09
:10DF8000AAAABE80000000000C0706221E0F183F40
:10DF90003F22222220002A58002020FE202008FEB6
:10DFA000A8A8A8A8FE0800000000180F0C063E2331
:10DFB0003A2E22263B2200003058000020FE20206E
:10DFC000FE02FAAAAAAAFA7200000000080F0404CE
:10DFD0003F21313F2D2D3B2100003558000020FC12
:10DFE000FC204848FCFE4878584400000000180F08
:10DFF0000F0403037F2929293F3F000044580000F4
:10E0000010FE10105E52D27E725E525E0000000062
:10E010000C07060230180F0222223E0000004C5866
:10E02000002020FE202080FCD4D4D4D4FC8000002A
:10E030000000180F0C04135E487F121E487F00007A
:10E040004D580000FE1212FEA8EE683E2A6CEE2823
:10E05000000000003F21213F1315141F1F1414114D
:10E06000000051580000F09CF0F09CF010FC54545B
:10E0700054FC00000000222B2928283C3F28282A95
:10E080002A2300005458000020FC2028889C5C288B
:10E09000685E888800000000180F0C05017C2525AB
:10E0A00025257C0100005858000020FE2020F8881B
:10E0B000A8AEFCA8E8E800000000180F0C6C1F00D8
:10E0C0007A2A2F2A3B3900005E5800001C4444F491
:10E0D000F45656F4F444441C0000000019494D4B1A
:10E0E000497D7D494B4D4D5900006558000020FC8D
:10E0F000202084B4B4B4B4B4B4B400000000180F49
:10E100000C047F000B3C3C0E407F00006B5800006D
:10E1100020FE202004F4545E5654F4040000000055
:10E12000180F0C0C682F1B0B0B1B2F6800006C5872
:10E13000000020FE2020FC3CF4949C9494F4000009
:10E140000000180F0C6C1F201B427E3E0A3B000093
:10E150007E580000147C6EECFC0428E8FE08F800F1
:10E1600000000000212B2B29293F3F2928282B22A2
:10E1700000008058000020FE2020FCB4B474F4D4C9
:10E18000D4BC00000000080F04641F1016147E1495
:10E19000141400008158000020FC2020C07E6A6A10
:10E1A0006AEA7EC000000000180F0C0C45652D3592
:10E1B000353D6D4100008358000010FF101012D251
:10E1C000DED3D2DED212000000000C070626201398
:10E1D0001E021E3E2330000085580000BCACFCFC33
:10E1E000ACBC202AEAFA26E200000000222A2B2BEF
:10E1F0002A3E3C2A2B2B282000008958000020FEB4
:10E200002020F848D8DEFCD8F84800000000180F9D
:10E210000C7C1F7E16163F16563E000092580000DA
:10E2200020FE2020C848784EC8F848C800000000EA
:10E23000080F04047F021F12121F437F000093582F
:10E24000000004F4F4DED4D4D4D4DED4F40400000A
:10E2500000005A4A4E4A4B7E7E4A4A4E4A5A0000B5
:10E260009958000020FE2060445C647E7E645C441B
:10E2700000000000080F04047F213D35353D217F5B
:10E2800000009A58000020FE20209444B0C43C8432
:10E29000FC30000000000C070420331A0E7F7F0EB4
:10E2A0001A3200009E58000020FE2020F88AECF868
:10E2B000C8ECAAF800000000180F0C04007E2A2AFF
:10E2C0002A2A7E0000009F58000020FE2020F050E7
:10E2D00050FE545414B000000000080F043C2F24DA
:10E2E000383F213F39250000A8580000007C646CAD
:10E2F00064FCFC746C647C0000000000252F29295C
:10E300002B3D3D2B29292F250000A958000020FE78
:10E310002024F49694E4F0DE90F000000000080F52
:10E320000409497D0B4D201F1F600000BC580000F0
:10E33000FADAFEDADABA307EA2A2FE30000000007D
:10E34000434A4B4A4A7F7A4B49494B420000C158E5
:10E350000000FCD45454DCC0A4BCE6E4BCA400001F
:10E360000000212B2A2A2B3F3C28292928200000A5
:10E37000C5580000E4F4CCA4D466FEDCDCFCD41464
:10E3800000000000252D2A2B29383F2A2A2B2A227B
:10E390000000D1580000B070B0BC3474B418788854
:10E3A000E8380000000042575756577772545653CA
:10E3B00057440000D558000020FE20A484B4B4B611
:10E3C000B4B4B48400000000180F0C25352D1B5781
:10E3D0007D3D1F330000E458000020FE2004F4D4EB
:10E3E000D4B6B4F4B4B400000000080F04141575DA
:10E3F0006F2D2D37356D0000EB5800004040404038
:10E4000040FEFE4040404040000000002020202010
:10E41000203F3F20202020200000EC58000088886A
:10E4200088888CFCFC8484868080000000000020AA
:10E430002020203F3F20202020200000EE58000018
:10E440001830FEFE40404040FE404040400000008A
:10E450000C063F3F202020203F2020200000F058C5
:10E46000000004A4A4A4A4BEBEA4A4A4A404000008
:10E470000000701F04040407070404040F000000D8
:10E48000F3580000C2525252525F5F52525252C26F
:10E49000000000002130100F010101013F20203158
:10E4A0000000F6580000C4545454545E5E54545452
:10E4B00054C40000000020222E203F20203F282CA2
:10E4C00022200000F9580000C454D4D4D4DEDED495
:10E4D000D4D454C40000000020202E3A2A2A2A2A2C
:10E4E0003A2E202000000259000000C060F89E1063
:10E4F0001010D070000000000000612030301B0EB2
:10E500000E1B3130206000000459000080F09E1086
:10E5100090F000FCFE4080000000000061301B0E07
:10E520001F10302F2F202121000007590000909844
:10E53000C85C766464745CCC808000000000003F9E
:10E540003F29293F3F29293F3F0000000D59000086
:10E550000804FBABAAAAAAAAAAFAFA0200000000C1
:10E56000202426371A1A1A1A3636202000000F598E
:10E57000000002FAFAAAAAAEAAAAAAFAF2020000B7
:10E58000000058494D2F3F3535356D65414000003D
:10E5900014590000E404F4A6F47C74F4765454F4A2
:10E5A0000000000045555F7A3D3D293B7A4B4545CB
:10E5B0000000155900000080C070981E101010D087
:10E5C0007000000000000061602031190E06030198
:10E5D0000000000016590000C0F88E08C8F800FEC0
:10E5E000FE408000000000006030190F0300003F73
:10E5F0007F00000100001959000000FE028ACA7A5B
:10E600004ACACA0AFE00000000003C0F0031111A7D
:10E610000E0300001F3018001A59000000109898CF
:10E62000E46664B41C0C0000000000004141652455
:10E6300026261919090D070100001C590000088839
:10E64000E838088EECF84848C84800000002030388
:10E650007F026321361D1F36236000001F59000012
:10E66000F04E48C8F8F890B8E6E41C0C0000000032
:10E670000F0424273F0764263F190D070000245983
:10E680000000C040CCC4CCF6E6CCCCC440C00000F6
:10E690000000405E3E36161F1F16363E7E400000CC
:10E6A000255900007C54FCD4547C9058F6A41C0CD2
:10E6B00000000000321A7F7F0A1264263D190D0700
:10E6C0000000275900004040404040FEFE404040CE
:10E6D000404000000000602030180E0301071C308D
:10E6E00020600000295900004242424242FEFE42A0
:10E6F00042424242000000003010180C070101079E
:10E700000C18103000002A5900002020202020FE84
:10E71000FEA020202020000000006020300C0F11FF
:10E7200060030C18306000002B5900000008080836
:10E7300008FEFE08080808000000000061213119E9
:10E740000D07070D1131216100002D590000808453
:10E75000848484FCBC848486808000000000602067
:10E7600030180E03070C1830206000002E590000EE
:10E7700000F8080808FE7E080808F80000000000FD
:10E78000612131190D07070D1931216100002F5941
:10E790000000C444A49C8EE7848C9CA444C4000064
:10E7A00000000020101807012020301F000000008A
:10E7B0003159000040701E1010FEFC1010101000A7
:10E7C00000000000612131190D07070D1931216189
:10E7D0000000345900000020644C0800FE1C0000BA
:10E7E00000000000000041612131190F03091911D7
:10E7F000312100003759000008A8A8A8A8FEFCA8ED
:10E80000A8A8E80800000000426322321A0F0F1A7D
:10E8100022325A4E000038590000884868784C4E21
:10E820004848786848C80000000000010D0F0949F9
:10E830004949693901000000395900000808680891
:10E8400008FE7E08C8780808000000006121311920
:10E850000D07070D1931216100003A590000A4A4E9
:10E86000B49C8C87858CDCB4A4A40000000000005C
:10E8700003060C2020203F00000000003C5900004F
:10E88000C8C8E838180E881838E8C8C80000000062
:10E8900060301F00003F3F00007F00000000415932
:10E8A000000048E8E878584E4858F8686848000082
:10E8B0000000003F3F38292726272D282000000090
:10E8C0004259000020F0E82626E4E4342CE0E00081
:10E8D00000000000446727141C0F051C1427276440
:10E8E00000004459000088C8E8785CEEE85878E8F1
:10E8F000C8880000000001001F0A0A3F7F4A4A4FF3
:10E900004070000047590000C8C8C8A8A89C9EA82D
:10E91000A8E8C88800000000003E121212121E4033
:10E92000407F000000004859000088C868785C4EAD
:10E930004858786848880000000020321A02427E59
:10E940003E020A1A3200000049590000405454D4D3
:10E95000745E5654D454544000000000060A090A5C
:10E960000A7F7F0A0A090A0600004B5900008888BE
:10E97000C8E8B89E9AB8E8C8C8880000000000003F
:10E980007F24243F3F24247F000000004E590000D4
:10E99000C84868785CEEE858786848C8000000000D
:10E9A00020292929293D3D292929292000004F59BD
:10E9B0000000405454D4747E5654D4545440000043
:10E9C0000000044E6B29391F0F19292B4E0400003B
:10E9D000515900009494FE94948484E43C0484FC93
:10E9E00000000000446425341C0F0D1C34256544D0
:10E9F00000005459000088C8E8B898EEE888B8E8E4
:10EA0000C8880000000044643C0F040505047F042E
:10EA10000404000055590000C8682888780E0CF8D6
:10EA20000828488800000000446525341C0F0F1D8D
:10EA300034246444000056590000C46C20FE009841
:10EA40009CF664643C0C0000000044642425140F10
:10EA50000E14242464440000575900004868E8F864
:10EA6000A8AEA8A8B82868480000000008686F3F52
:10EA70002A2A2A2A3A286808000058590000ACECD3
:10EA800028FE08888888FE88888800000000456481
:10EA90002425341E0E143424646400005A590000E6
:10EAA00000045C64E4DC5C64229A0A00000000005C
:10EAB000484A6B2B3B1F1F1B29296B4800006059DC
:10EAC000000008E8A8EE7C28287C6E68E8080000B2
:10EAD0000000484B6B2B3B1F1F3B2B6B4B48000030
:10EAE00062590000A4B4B4ACA6F6A4E4EC94B4A4B7
:10EAF000000000000404067E2B2B2A2A2A7E000038
:10EB000000006559000000FC0454E4F6F4F45404D9
:10EB1000FC0000000000446524351C0F0C1C35244B
:10EB200065440000735900002020A0E03C2620200E
:10EB3000E02020200000000060602337141C0C1F20
:10EB40001130600000007459000090FC1E10F004A9
:10EB50003CF40404FC1C0000000061331E0F19602B
:10EB600020190F1F3160000076590000C87F08F897
:10EB70000A02FE02427E40C000000000311A0E0F61
:10EB8000300E03002020381F000078590000F07E6E
:10EB900010F030848484FC84848400000000633698
:10EBA0001C1F300000007F000000000079590000A9
:10EBB000E83F08F82060FE30FF1808F80000000069
:10EBC000311B0F0D08003F202322223B00007D59FE
:10EBD000000090FE1290F0000404E4341C040000D5
:10EBE000000063361C1F310141417F01010101001A
:10EBF00081590000C87F09F828305E8B080808F8A2
:10EC000000000000311B0E0F0800000023203C0F05
:10EC100000008259000020E03E20E060F8F808087B
:10EC200008F80000000062331C0C1B103F3F10105E
:10EC3000103F000083590000E87F08E87802C242D4
:10EC40004242FEFE00000000311B0E0F10003F206C
:10EC5000202020380000845900000808784848CE59
:10EC60004C48484848080000000042424A6E33338E
:10EC7000323A2E2262020000865900001820FEFC63
:10EC80002020E03E20A0E020200000000C067F7F36
:10EC90004063251C1C1F3160000087590000A0FC48
:10ECA0002EE0600888888888F8F800000000633249
:10ECB0001E1F1020202020203F7F000088590000C8
:10ECC000D0FE10F000F4140404C4FC0000000000A6
:10ECD000673C1E37080909094949713F00008A59F4
:10ECE0000000D07E16F0B0848484FC848282800090
:10ECF0000000213A0E0F182020203F202020000085
:10ED00008D590000D03E10F00084FCFC8484FC840B
:10ED10000000000063360E1B00701F0100007F0022
:10ED2000000092590000D0FE10F000F0F012161012
:10ED300010F00000000063341E1B603F0101010160
:10ED4000010300009359000090FE12F03090909063
:10ED5000FE9090900000000063361C0F5060231C52
:10ED6000183C2360000096590000D0FE10F0B088D7
:10ED70008C8CFC8484800000000063361C1F406083
:10ED8000380E030E3060000097590000D07E10F05E
:10ED90006060182C4618306000000000633E0E1BB7
:10EDA00000010101711F0300000099590000907ECD
:10EDB00012F010C07000FE0018E000000000633682
:10EDC0000E1F506020301B0C060000009E590000F2
:10EDD000D07E10F0008484FC8484FC1C00000000C1
:10EDE000233E0E1B20203F2320203F200000A3595C
:10EDF0000000D0FE10F000FE4040FCFC602000004F
:10EE00000000231E0E19203F10101F3F2038000065
:10EE1000A4590000C87E0BF84842424ADA7E46C236
:10EE200040000000311A0E0F080020203F000301AF
:10EE30000000A559000004147404843C34046632B4
:10EE40000A000000000041612D2F3919191D3721DA
:10EE500061010000A8590000E83F08F8000808F820
:10EE60004F48C8C800000000311B0F0D20180F03C9
:10EE700020203F030000A9590000D07E10F050442C
:10EE800044FCCCC4444440000000231A0E2F301828
:10EE90000E031F3F20301000AA590000F07E10F032
:10EEA00000FC1464C4C4340400000000231E0F19C5
:10EEB000003F282C232326200000AB590000E83F08
:10EEC00008F8181614FF961010F000000000311B0F
:10EED0000F0F38180F0121233E0F0000AE5900001C
:10EEE000E83F88F800FE12F21212929E0000000025
:10EEF000311E0F281C07003F232121380000AF5985
:10EF00000000D07E10F000F01010FE1010F0000095
:10EF1000000063361E33207F21213F21217F000026
:10EF2000B2590000D07E12F010FC44444444FCFC72
:10EF30000000000023320E0F20272424242427273A
:10EF40000000B9590000D07E10F080909090FE90A3
:10EF5000909000000000633E0E1B30180C077F07E6
:10EF60000C100000BB5900004454545454FEFE548D
:10EF70005454F444000000004445557D373735357E
:10EF80002D6545040000BE59000048484878C84E29
:10EF90004C48784848480000000042424A7E3332DC
:10EFA000323A2E2262420000C659000090FE10F054
:10EFB00080F8FC84B4A4C4FC80000000673C1E33CD
:10EFC000001F101256507F170000CA59000090FE13
:10EFD00012F030F01808FE08080800000000633640
:10EFE0000E0F38311D077F01111F0000CB590000A3
:10EFF000D07E10F000E0704E424070E00000000053
:10F0000063360C1F107E3E222222227E0000D05941
:10F01000000090FE10F000FC44444444FC0000005A
:10F02000000023360E1B203F222222223F20000018
:10F03000D1590000D07E10F010101010FE101010EA
:10F040000000000063341C1F003E7E222322227E2B
:10F050000000D2590000F03E10F000FC001C7000CF
:10F06000FC0000000000633E0F19101F0C64380FF5
:10F070000F382000D359000090FE12F080F03C20A1
:10F08000FE2020200000000023160E0F2022222246
:10F090003F2222222000D45900009094D47434FCE2
:10F0A000FC3476D290900000000043424A7E3B330D
:10F0B000323A2E2262420000D7590000E83FC87859
:10F0C00040FE42FEFEFE42FE40000000311E0F08E0
:10F0D0003F07203F3F21201F0000D8590000D07E6D
:10F0E00010F00010FEF810F8161000000000633E4B
:10F0F0000E1B61311F03017F01010000DA5900007E
:10F10000D07E10F00830FEFC00FE20180000000049
:10F11000633E0F1966321F01007F43662000DC59F1
:10F12000000088A8A8AEA8F8F8A8AEA8A888000093
:10F13000000042424A7E3332323A2E62624200007E
:10F14000DD59000090FE12F070781C10FE101010B7
:10F150000000000063361C1F31110D077F071931B5
:10F160000000E3590000D07E10F088C8B80A0E886D
:10F1700068C800000000633E0F194060311E1C1378
:10F1800020600000E5590000E83F08F82024A4FFB3
:10F19000243C2C2200000000311A0F1903013F36D5
:10F1A000222321380000E8590000D07E10F004A48A
:10F1B000A4A4FEA4A4E400000000633C1F1160238B
:10F1C0001A0F0F1A2A6E0000EC59000090FE10F082
:10F1D00010FC04C4447CC4C40000000063361C1B43
:10F1E000103F2023223E23230000F9590000A0FEF7
:10F1F00020E020988888CE4848180000000063343A
:10F200001C1F3004043F7F4642620000FB5900008F
:10F21000D07E10F010FC4444FC4444FC000000008C
:10F2200063361E1B107F28272326287F0000FF59E6
:10F230000000C444688098CC683868C8B89800005A
:10F24000000042424A7E3332323A2E2262420000AD
:10F25000015A000080FC9494F4949414FF05E7365E
:10F26000000000003F03121F0C0E2B100F1F31383F
:10F270000800035A0000D07E10F080888888FE883D
:10F28000888800000000231C0F19202424243E2419
:10F2900024240000045A00009090DC5830FEFE3018
:10F2A00058D490900000000042424A7E3332323AF5
:10F2B0002E2262420000055A0000D03E10F064C4C5
:10F2C000FCFC04FC04E400000000633E0F19202352
:10F2D0003F3F203F23210000065A0000E83F88F806
:10F2E0000464273E34744E6000000000311E0F0994
:10F2F00021111F01013F21310000075A000090FE3B
:10F3000016F00024A4743C64E6200000000063367C
:10F310000E1B10613F0600007F010000085A00002C
:10F3200084643404FC0606FC0434644400000000D9
:10F3300042424A6E3B32323A2E2262420000095A61
:10F34000001090FC16F0007C54547E54547C000055
:10F35000000063361C1F01010F09494979090000AB
:10F360000C5A0000D0FE10F000FC2424FC2424FCE5
:10F3700000000000633C1E13202525253F25252580
:10F380000000115A000088D26480988CC07E6034DE
:10F390001C100000000042626A2E3333123A2E2203
:10F3A00062020000135A0000E81F88F800FE4A2A93
:10F3B000EAAA9A8E00000000331E0F383E070505AA
:10F3C0003F2426360000185A000090FE12F000FC80
:10F3D00044464644FCFC00000000633E1E13007FD0
:10F3E00021210F19352500001C5A0000F03EF03095
:10F3F00024FC24FCFCFCE41C00000000231C1F6017
:10F400003E47423F3F7F101F00001F5A0000C87F49
:10F4100008F808DE5E5252525EDE00000000311B2A
:10F420000E0F083F05050525253F0000205A000066
:10F43000D07E10F000FC849494949494000000001A
:10F44000633C0E1B701F007F20271E220000235AE2
:10F450000000D03E10F010D05C50F0585670000004
:10F460000000633C1F1162331A0E7F02223E00002F
:10F47000255A0000D07E10F0484CFC467EFE4458D1
:10F4800040000000633C0F1944467F62321F6661F2
:10F490003000295A0000E87F08F810F81613F21E11
:10F4A00016F000000000331E0F092031190F3F2114
:10F4B00021310000315A0000D07E10F010BCA4A40D
:10F4C000A4A4BCBC0000000063361C1F5464341E9E
:10F4D0000F3424640400325A0000D03E10F000BC07
:10F4E000A4A4E4A4BC9C00000000633E0F197F7F2D
:10F4F000180E034C487F0000345A0000F81FC8F86B
:10F50000F82620E2FA2222FE00000000310E0F0849
:10F510003F0407011F23223F0000365A000082FEED
:10F52000AAAAFE82849CE4E4BC8C0000000044444F
:10F530005C5C373434342C24444500003C5A0000D1
:10F54000D07E10F0007C7C5454547C7C0000000081
:10F5500063361E13007F29292929297F0000405A7C
:10F560000000F03EF030FC64BCE424E404FC040041
:10F570000000231C1F107F080F0F0447407F00006E
:10F58000465A000088D224C07C14B4DED4F4BC0CEB
:10F59000000000004544557D363734343C24454551
:10F5A0000000495A0000F03E10F018F848CACCC8D4
:10F5B00048F800000000633C1F3143321E033F7FC8
:10F5C000447700004A5A0000A07E20E088A8A8A83E
:10F5D000FEA8A8A800000000633C1F110C067F21B4
:10F5E000230C36220000555A0000F03E90F054548F
:10F5F00054FE5454F4E400000000231C1F30311D5D
:10F60000113F2929292900005A5A0000D0FE10F084
:10F6100000FC94949CF692908000000063360E1BD0
:10F62000107F2B2A2A2A7F3F0000625A0000D07EDA
:10F6300010F000F8A8ECFEA8A8F800000000633E57
:10F640000F19080E0B09087F08080000675A000010
:10F65000F07E10F0405454547E5454540000000086
:10F66000673C1F33007F151515557F3F00006A5A10
:10F6700000004838FC3828484838FC3868C8000082
:10F68000000042424A7E3332323A2E226242000069
:10F69000745A0000BEC27A42DE1EBE9E7A4AC2BEC4
:10F6A0000000000022222A2E1B1A1A1A1E322222C1
:10F6B0000000755A0000D0FE10F000F09698F09807
:10F6C00096F00000000063360E1B080B0A0A7F0A42
:10F6D0000A0B0800765A0010D07E10F018D8484A5D
:10F6E000FE48C8D800000000231E0F19001F09099A
:10F6F0007F090F0F0000775A0010D07E10F00474BD
:10F7000054565654740400000000633E0F1903055C
:10F7100045457D05050300007A5A0000945C3CFCD9
:10F720001C34909CFE689888000000004444555D9D
:10F73000373535342C24644500007F5A0000F07EB4
:10F7400010F0447C3C647C54545C00000000673C36
:10F750001F11007F151515557F3F0000925A0000BC
:10F76000A0FE20E00808FEA8A8A8FE0800000000EF
:10F77000673C1E132424140C7F1C342400009A5A66
:10F780000000907E10F000FCA4A4BCA4A4BC000067
:10F790000000633C1F113C077F2A2A2A2A7F0000B1
:10F7A0009B5A0000D03E10F0A4BCE4BCA4B6BEA09E
:10F7B00000000000633C0F71305E673A323A6660C9
:10F7C0000000AA5A0000D07E10F000FC949494949B
:10F7D000FC000000000063360E1B487E427E427E25
:10F7E000427E0000B25A0000E83F08F800FE625B6B
:10F7F0005B7E627E00000000311A0F0D003F321266
:10F80000123F22310000B35A0000D07E10F000F801
:10F81000A8ACAEA8F8F800000000633C1E1330034B
:10F820007A464E422B310000B55A0000FC2424FCDD
:10F8300050DCF07C5450D450000000003F42427F26
:10F8400043437E33323E67430000B85A0000D07E07
:10F8500010F0405C5050FE50505C000000006336D9
:10F860001E13202F29293F29396F0000BE5A00009E
:10F87000F03E10F044547ED4D47E54540000000076
:10F88000231E0F18087F0B0B0F4B6B3F0000C15A54
:10F890000000A0FE20E018A8A8E8AC282818000066
:10F8A0000000673C1E1125145A4D7F190F180000E7
:10F8B000C25A0010D07E10F000FCA484FEA4A4FC68
:10F8C00000000000633E0F1942662E3A333A6E6222
:10F8D0000000C95A0000F03EF03070FC84F456C4B9
:10F8E000444400000000231C0F10721F42321E0F00
:10F8F0001A220000CC5A0000D07E10F0282AFC28E2
:10F90000F82E28E800000000673C1F31251D7F0508
:10F910007F1D15270000D25A0000D07E10F060AC89
:10F92000F4E4BCA6BEEA00000000633E0F39305C80
:10F93000672E323A6E600000D45A0000D07E90F0FC
:10F9400018F8E8A8AEA8B8B800000000631C1F10A3
:10F95000682F1F08081F38680000D65A0010F07E74
:10F9600010F00474547C547C547400000000633E16
:10F970000F19243545453D0515240000D85A0000CF
:10F98000D07E10F0007CD4D47CD4D47C0000000065
:10F99000633E0E19203D47477D05162C0000DC5ABA
:10F9A0000000D07E10F010D45C54565CD49400005B
:10F9B0000000633E1F11101715157D151713000069
:10F9C000E05A0000D474747E3454985E66745CC44B
:10F9D00000000000701F45555D3737353D2D45054A
:10F9E0000000E15A0000F03E10F0C4E4BCA4E6B40C
:10F9F000BCE400000000633E1F197F7F1C12131E31
:10FA0000407F0000E35A0000D03E10F044C474442C
:10FA10007C54545400000000633C0F1130173D0526
:10FA20001D45557D0000E65A0000D07E10F030D410
:10FA3000D8505E50DC3000000000633C1F11003CD9
:10FA400005057F05253C0000E95A0000F03EF0283E
:10FA5000E8FE28E8E0FE10F000000000631C1F3004
:10FA6000197F0F09201B1F300000EB5A0000D07EC9
:10FA700010F004E4AEA4A4AEE40400000000673C6F
:10FA80001E13486B3A1E1A2A6B480000F15A0000F8
:10FA9000D07E10F0405474647E6454440000000032
:10FAA000233C1F11007F2D35353D217F0000095B70
:10FAB0000000F81FC8780A6AEA6F6FEA6A0A000055
:10FAC0000000311F0F09013D252525253D3D000082
:10FAD000165B0080FCFC3434FCD0545CF6545C545F
:10FAE0000000000044455D5D373434342D24644407
:10FAF0000000175B0000D07E10F0F4F4747674748C
:10FB000014F400000000633E1F31405F5B5B5B5BF1
:10FB10005F410000325B0000FCFC94FC90FED07062
:10FB2000FC9494FC00000000321F423E211E0F682E
:10FB3000320F423E0000345B000004FCB4B4B4B6A3
:10FB4000B6B4B4B4F404000000003F0D4D7F6E3332
:10FB50003E3A0F0D7F402000375B0000D07ED07012
:10FB6000FC24E4F4A6E4F4A400000000631C1F706D
:10FB70001F016935292431610000405B0000D03E3F
:10FB8000D0F03A6A6A6AFE6A6A3A00000000231CF2
:10FB90000F301A7F0E027F35357F0000505B00006A
:10FBA0000004040404C4E4341C0C0400000000003D
:10FBB00001010141417F3F01010101010000515B51
:10FBC0000000000404040404E4341C8C848000005D
:10FBD00000000606024243637F01010101000000AC
:10FBE000535B00000064C4840404E4341C0C04006F
:10FBF000000000000000004141437F06040C08089B
:10FC00000000545B0000028282FA8EC600FEFE00F5
:10FC10000000000000000121311F0000001F3F20F4
:10FC200020380800555B00008242725E4242C2CE1C
:10FC30004A88E8780000000002020222223F1F02E8
:10FC4000020202020000575B000038082828282E14
:10FC5000ACE8682808380000000002020242427F37
:10FC60003F02020202020000585B00000888E878A8
:10FC70000E48484848C8C8080000000003037F0039
:10FC80000444447E3F0404040000595B0000040463
:10FC9000F49C0480E000FE0060C0000000004243CD
:10FCA0003F01040740407F00000700005A5B00004E
:10FCB0000094F48484BCA48686BA0A000000000084
:10FCC0000404044444447E050504040400005B5B12
:10FCD00000006868A8A8A8BEBCA8A8A828E80000DA
:10FCE000000004040444447E3E05050404040000AE
:10FCF0005C5B00000404E43C0CE078DE1010F010C3
:10FD00001000000042437F01016020130E1F31608C
:10FD100000005D5B000020282828A8FE68283828FD
:10FD20002C2000000000060A0B0949497D0B0B0935
:10FD3000080800005F5B00002020242424A4F42C89
:10FD40002C24202000000000203C24253D25253CBB
:10FD500024243C200000625B00000404E41C6CF0DE
:10FD6000EE28E8C8F8F80000000042437F01013F98
:10FD70007F42434B4F770000635B00001094D454E4
:10FD800034FC7C3456D290900000000009090949E7
:10FD9000497D3F0B0B0808090000645B000002F27C
:10FDA000FA8682FE02FE0203FF0100000000213FEE
:10FDB0001F001E03181F101C033E0000655B00009F
:10FDC00088B86C687808845C7474DC840000000077
:10FDD00008080949497D3F0B0B0908080000665BCC
:10FDE000000030145C5050565CD0D05C167000009F
:10FDF000000004040444447E3F050404040400009D
:10FE0000695B00000404F41C0C88E8B88EC868081C
:10FE10000000000042437F01416C2633191C36610B
:10FE200000006A5B000044643404FC0606FC0434F1
:10FE30006444000000000808094949793D0F0B0996
:10FE4000080800006C5B00002232D21A0A3EBE8A0B
:10FE50009A92B22200000000213F191917050424CC
:10FE60003E1F04040000705B000074745654741448
:10FE700090FEFE10F0000000000009497D0F496C63
:10FE8000390F060C3F701000715B000000FE4A4AFB
:10FE90005A5A5AFA7A5A4E46000000001F07092D96
:10FEA0003F070109293F0B080000735B000008A809
:10FEB000F86EF888A8B8FEA8D888000000000909E4
:10FEC0000B4B4B7B3F0F0B0A08090000755B0000D2
:10FED000FE62FDFC72F2FE5A52DED35D00000000AD
:10FEE000271A071F04060322223F020200007A5B42
:10FEF000000004E4BC8C386A6A6AFE6A6A3A000050
:10FF00000000427F0101397D057F057D457D0000B0
:10FF10007D5B0000F4B4BCBEB404D4F4DED4F4D4ED
:10FF2000000000001111155555743C1C15101010DF
:10FF30000000805B0000E0202020203C30202020BA
:10FF4000E0E00000000000000000000000000000F1
:10FF500000000000815B0000B8B88888888A8C881F
:10FF60008888B8B80000000000000040407F3F00D3
:10FF7000000000000000835B00003808E808080E5D
:10FF80000C88888818380000000000001F332321E7
:10FF90002121202038080000845B00001C444444D8
:10FFA000F4774644C404041C000000002030180EFE
:10FFB000030000003F2020380000855B0000384827
:10FFC000484848CE6C28280808380000000004047F
:10FFD0000406067F4242424242330000875B000033
:10FFE0003808484848CECC48484808380000000047
:10FFF00002020242427F3F02020202020000885BCC
:02000004080DE5
:100000000000B8888888888E8CE8E88888B8000066
:1000100000000000060C0040407F3F000000000090
:10002000895B0000B8888888E8AE8C88888898B892
:1000300000000000006026273C18181E13306000E6
:1000400000008B5B0000B888888888EEEC88888880
:1000500088B80000000030100806037F7F03040802
:10006000103000008C5B00009C84A4A4A4A7A6A46C
:10007000A4A4849C000000002020100F0300003F77
:100080002020203800008F5B0000584848C8F85EE8
:100090004C48484848580000000030180E23382EBD
:1000A0002320243C30000000935B000038080888BF
:1000B000182E6C08C8480838000000006C27303F34
:1000C0007C4C46434031030C0000955B00005848CF
:1000D00048C8C84E4C484848485800000000080C22
:1000E0007E7F2222222222227E000000975B0000D7
:1000F00038082828282E2C28282808380000000036
:1001000021190D41417F3F01010D39210000985B0C
:1001100000001808E828282E2C2828E808180000D5
:10012000000000007F2525252525253D7C000000B9
:10013000995B00003888888888EEEC888888883841
:1001400000000000007F2424243F3F2424247F005B
:1001500000009A5B00001C04A42424E7E624242465
:10016000041C00000000301E070C183F3F21212115
:10017000212000009B5B00008CE43C2CA4E7E6E41B
:100180002424E41C000000002130190E03001F3F4E
:100190002022233800009C5B00003808E8E8282E65
:1001A0002C28E8E808380000000020203F3F2929DB
:1001B00029293F3F202000009D5B00003848484827
:1001C00048CECC4848484838000000002020222271
:1001D000223F3F222E3A202000009E5B00003888FC
:1001E0008828480EEC08080808380000000044641D
:1001F00025351C0E071C143424640000A05B00008D
:1002000098988888F88E8CA8A88888B80000000084
:100210006020180F23303F7F4C4642700000A15BE6
:10022000000018C8484848EEEC484848C818000084
:100230000000001F0909097F7F0909091F0000004C
:10024000A25B000018C84868F8AEACE86828081837
:100250000000000004067E2625252525277E0206AF
:100260000000A35B00003808A8A8A8AEACA8A8A806
:1002700008380000000020202F2A2A2A2A2A2A2FA4
:1002800020200000A45B0000384848C8C84C4C48F7
:10029000C848483800000000404A4B4B4A7F7F491D
:1002A000494B4A400000A55B00002C24A4E4BCA6F6
:1002B000A6A4A4A4AC2C000000000201017F0A0A3D
:1002C0000A4A4A7F3F000000A65B000038C8C848C1
:1002D000484CCC484848483800000000007F7F5216
:1002E00052527352525E4E400000AA5B00001C84C2
:1002F000644444E6E6444444441C00000000426375
:10030000221E0603037E424242720000AB5B0000E5
:100310003808E828282E2C2828E808380000000093
:10032000007C25252525252525257C000000B05BA2
:100330000000182828E8283E2C28E8282818000063
:10034000000001090909097F7F0909090901000065
:10035000B35B00001888A8A8A8FEFCA8A8A8881865
:100360000000000002027A2A2A2F2F2A2A3A3A0293
:100370000000B45B00001C04F4545456565454F46A
:10038000041C0000000044445D7D3735353D2D657B
:1003900044040000B55B00001808A8E888FEEC885B
:1003A000E8A808180000000000007F0A0A0A0A4AAC
:1003B0004A7F00000000B65B00003C04A4A4E4E611
:1003C000242424A4843C00000000252534124A4D36
:1003D0007F1A071C30200000B85B00001CE424A436
:1003E000A4A6A6A4A4A4241C00000000701F027EE2
:1003F0007E22260A1A3A26620000B95B000018C85D
:10040000683888CECC983868C8180000000004040A
:100410007E2725242425277E06040000BD5B0000DE
:100420001C24A4B4F4A6A6F4A4A4241C0000000078
:1004300040406F20301E3C60404F40700000BE5B6B
:1004400000003808E8A8A8AEACA8A8A88838000022
:10045000000048682F38080808083F28684800004E
:10046000BF5B00001C84E424242626E42424243CCE
:1004700000000000037F7F007F3F252525257F00AA
:100480000000C25B00001808E8E8484E2CE8282865
:10049000E878000000001945413F011D60311E1E33
:1004A00033600000C45B00001C9494D454767654EE
:1004B000D494141C00000000013D3D1515151D418C
:1004C000417F01010000C55B00001C84A4A4A4E6D8
:1004D000E6A4A4A4841C00000000406F2F3A0A0F79
:1004E0000F1A3A2F2F400000C65B00009C6404E402
:1004F0008CD6662414C4C49C00000000033B212158
:10050000213D3D21212078010000C75B00001C2413
:100510002424240606E4E444441C00000000613F57
:10052000013F7F41715D4D5F53700000CC5B000067
:100530001C04D4D4D4D6D6D4D4D4041C00000000D7
:10054000007E2A2A2A3E3E2A2A2A7E000000D05B0C
:100550000000DCE404F404464644F444445C000037
:100560000000741D057F31110D077F071931000050
:10057000D25B00001C1454F4F45656F4FC54141CC2
:1005800000000000190905133125252963050D090F
:100590000000D35B00001C04F45454F6F65454F4E9
:1005A000041C00000000007C1515151F1F151D55AB
:1005B0007C000000DD5B00007C84F40494B6B6B4DB
:1005C000B4B4F41C0000000008047F0046663E3608
:1005D000362E66460000DE5B00001C14D4547C56A8
:1005E000567C54D4941C0000000048682B2B3B1F01
:1005F0001B1B2B2B6B680000DF5B00005CC474B41A
:10060000E4263664A4E4641C000000006227351D63
:1006100045653D051D1527220000E15B00001C0417
:10062000F4B4B4B6B6B4B4F4141C000000001A4A12
:100630004F2F3B1B4B4B7B0F0A1A0000E45B000063
:10064000ECE484F40456D4F45454D40C00000000B8
:10065000341C047F027A2B2B2A2A7B020000E55BE4
:1006600000001C94F454F48696B4F454F41C000076
:10067000000006425257352A2A2D131202060000A6
:10068000E85B00001C145454FC5654F4F454141C3D
:1006900000000000092D2F1B497D3D093B2F0D094E
:1006A0000000EE5B00001CC4A4E4E4B6A4E4E4A4EF
:1006B000441C0000000001213F0A4A7A3A0A1A3F0E
:1006C00021010000F05B00009C84B4B4B4B6B6B461
:1006D000B4B4849C000000001010177D6D2D2D1DFA
:1006E000353F28600000F85B00001090901010105B
:1006F0001010FE1010100000000000000107044060
:1007000040407F0000000000F95B000008880808F6
:10071000F80020202020FE200000000060311F078C
:100720000D18010740603F000000FA5B00004048E0
:100730004848487C7C48C848484000000000020205
:100740000E1A120242427F0202020000FB5B00000E
:1007500000222A2A2A2A2A2AEA3E3E000000000015
:10076000010101070D0121213F0101010000FC5B96
:100770000000007E4A4A4A4A4A4ACA4E6E20000099
:1007800000000101030D192121213F010101000099
:10079000FF5B000080A4A4A4F4BEA4A4A4A4A48429
:1007A00000000000181C0E031A3202427E7F020273
:1007B0000000015C00004848FE7C484820A0202042
:1007C000FE200000000022223F3F3212000146407E
:1007D0007F000000045C000000F8ACAAF8F82020BC
:1007E0002020FE200000000022131A467F3F000355
:1007F00046407F000000065C00001830FE0090C8F4
:100800005C7626B49C040000000006037F0001050E
:100810001D51417F3F010000095C0000FCFCA4A4C5
:10082000A4A43C202020FE20200000203F321A42B9
:100830007E021A0147407F0000000A5C000004F4B9
:1008400094D67C14147C5654F40400000000080B69
:100850001A3A2A0A4A4A7E0A0B0800000F5C000076
:1008600000E0300000FEFE000030E08000000000EC
:1008700007010020203F1F00000000070000115C5E
:100880000000C070180000FE0000001870C00000DA
:10089000000030301010101B080C06030000000090
:1008A000145C0000C0701C1E10F0F0101010F0302E
:1008B00000000000180C0741407F3F0000030E18A5
:1008C0000000155C00008242321E0282C20E0A88BD
:1008D000F83800000000180C0700203F1F00010638
:1008E0001C000000165C000040601800007E7E00C6
:1008F0000818304000000000426222321A0F0F1A1E
:10090000322262420000185C000040301808007C6F
:100910007C00081830600000000020242424243FBC
:100920003F242424242000001A5C000000E62CA0B0
:10093000A0BFBFA0A02CE60000000000003F000FF9
:100940000F04040727203F0000001C5C000080907B
:10095000988480DE9C8084889080000000000424BD
:100960001E0A417C3D010A12240400001D5C0000A7
:1009700070505C58505E5E50585C50700000000033
:100980000262722E262222222A3A62020000225C91
:1009900000001010101090FFD0D0101010100000A8
:1009A00000002030180C07001F3F202020380800CE
:1009B000245C000010101010D0FFD010121614107C
:1009C000000000002030180C07003F202020203CB1
:1009D0000000255C000008FF0EF808181C67C4041E
:1009E000C4FC000000003C07001F3020202024240D
:1009F00027390000275C000004446424273C343479
:100A0000564E4A60000000002121111F0301013FE2
:100A10002121213900002C5C000008FF08F8083073
:100A2000F8CC070ED810000000003C0F001F202853
:100A30002F2120202F300000315C0000E8E82E2C10
:100A4000E8E82020FEA02C2800000000394D613F7E
:100A50000549301E037F40603000345C000010FE0A
:100A6000F0F0107C7C7C3C2C6808000000007C0FBF
:100A70003F7F484F494F4F494F680000385C0000A6
:100A800000FEFE222222222222223E00000000003E
:100A9000380F000000000000000000000000395C7A
:100AA00000002022222222FE22222222FE200000FA
:100AB00000002031190D07010101010103000000B0
:100AC0003A5C000000FCFC84848484848484FC0000
:100AD00000000000701F01000000010718302060B6
:100AE00000003B5C000000FE929292F29292929281
:100AF0001E00000000003C0720101C070000003F03
:100B0000203818003C5C000000FE7E12D212121247
:100B100092929E0000000000380F00001F12111179
:100B20001110180C00003D5C000000FE3E12929275
:100B3000921272D21E00000000000603000808187E
:100B400011113001030600003E5C000000FE0A6A3D
:100B50002AAAEABABA9A8E00000000003C07090DE2
:100B600005053F242626223A00003F5C000000FED7
:100B700092929292F2F212129E00000000003C0744
:100B8000180C07213F1F030D18100000405C0000E7
:100B900000FE52525252525252525EC000000000A9
:100BA0001C07001F090909092F203F0F0000415CA5
:100BB000000000FE12F2121212D2D2129E9E00000B
:100BC00000003C0F003F3111111F3F23213800006E
:100BD000425C000000FE12525252525252525E00CB
:100BE000000000003E0701391D171111111D3921A8
:100BF0000000455C000000FE52525252F2F2525286
:100C00005E40000000001C07003E12121313121277
:100C10003E000000485C000000FE12D2121212F2E8
:100C20001212DE00000000001C07001D1111111F30
:100C300011111D3C0000495C000000FE8AEAEA8AAE
:100C4000EA8A8AEAEE8E000000001C07001F1F10CF
:100C500017141417171000004A5C000000FE1292CF
:100C6000929292F292929E80000000001C07003F38
:100C70001212121F12121F1F00004B5C000000FE18
:100C80002A2AEA6A2A2A6AAA2E20000000001C07E3
:100C9000101515151F1F1515151000004E5C0000CE
:100CA00000FE1252D212D2F212D25E1E00000000DA
:100CB0001C0711190D071F3F070D191100004F5C8C
:100CC000000000FE4A4A7AEA4A4ACAFA4E4E00003A
:100CD00000003C0722121E0702023F3F02020000F2
:100CE000505C000000FE4A6ABA4A4A4AFA4A4E403C
:100CF000000000003C07023F0120331D191D172191
:100D00000000515C000000FE0A9AEA8A8AFA8AEA28
:100D1000BE00000000003C07003F0A0A0A0A2A2A17
:100D20003F000000555C000000FE4A4AEAFA4A4AC9
:100D3000FA4A4E4E000000003C0701393F111107EE
:100D40000D1D17310000595C000000FEEAEAEA2A96
:100D5000AAAAAAAAEE26000000001F031F1F090E60
:100D60000F0407273F0000005E5C000000FE0AEA57
:100D70006A6AEAEA5A5ACE00000000001C071C3DCD
:100D80000D0D0F0F0D3D351C0000605C000000FED6
:100D90008AAAAAAAFAAAEAEABE80000000001C07F2
:100DA00004043E1B1B1B1A1A3E000000615C00007D
:100DB00000FE4A4AEACAEAEACAFA4E4000000000C7
:100DC0001C0723232E3A1B1A1E1633230000635CD4
:100DD000000000FE4AAADA8AEA8AFAAAAE8E000069
:100DE00000003C07033F00381E103F24242400006D
:100DF000655C000000FE2AAADA4AFAFAEAEAEE2660
:100E0000000000003E07033F00282F1E161E1F2073
:100E10000000665C000000FE4AAA5ACAFA4AFA4A72
:100E2000EEC6000000001E03013F00233E1B1A1AFD
:100E3000162200006E5C000000F8000000FCFC00C0
:100E40000000F8000000000000030202027F7F02A1
:100E50000202030000006F5C000008E8080808FEBA
:100E6000FE080808E8080000000000070404043F2A
:100E70007F44444447700000715C0000E0F00000D3
:100E800000FCFC000000F0E0000000003F3F2020DC
:100E9000203F3F2020207F7F0000795C0000F80089
:100EA000FE00F860BC8E88888808000000001F18CB
:100EB0001F181F00784C4643417000007A5C000008
:100EC000F000FE00F0008484848484FC00000000B4
:100ED0001F101F181F007F404040407100007F5CC2
:100EE0000000F000FE00F000FC8C8888888800007C
:100EF00000001F181F081F04040444447C1F000046
:100F0000815C0000001C10D0F09E9E9090909C0090
:100F10000000000000636122361C180C060300006C
:100F20000000825C0000005C5050505E5C505050ED
:100F3000DC1C00000000007C44444444444444441D
:100F400047700000885C0000F000FCF000F4B484FE
:100F500084FCFC84800000001F181F1F1010084430
:100F6000437F3F0000008C5C00001C5C50D0505E52
:100F70005ED050101C000000000060301C4763244D
:100F80003919392F236000008D5C0000F800FE0045
:100F9000F08484FC84FCFC84000000001F101F18F7
:100FA0001F603F07003F7F000000905C0000F000E2
:100FB000FE00F0888888FE888888000000000F08FE
:100FC0000F084F60233C183C27610000915C000033
:100FD00080C64464345F9F346444C68600000000C9
:100FE000000202020202331A0E0600000000945CA6
:100FF0000000203038ACE02020202CF81030000019
:101000000000003D2121203C3D2121207C000000EA
:10101000965C0000F000FCF000FC0424C4C47404DE
:10102000000000001F181F1F003F282C2323262824
:101030002000975C0000DCDC5050505E5E50D050C9
:10104000DCCC000000007F7F10111A0E0E0B514007
:101050007F3F0000985C0000F800FF00F800FE02EF
:10106000FA02FEFE000000000F080F0C0F30190EF0
:10107000073E20380800995C00002024A4E4643C6A
:101080002466E2A2A02000000000013D2020203FB5
:101090003F2020207D0100009A5C000000EE28A87F
:1010A000A82F2FA828E8EE0000000000301F00182D
:1010B0000D07070D18033F3018009B5C000000F877
:1010C000F808282E284848780000000000001C1D61
:1010D00011111F11113D7D41791F00009C5C000022
:1010E00000DC505050DEDE505050DC0000000000AC
:1010F000003F242424272724242427100000A25C56
:101100000000404C4848484E4E4848C84C400000FB
:101110000000001F1F0909090F40407F0000000068
:10112000A35C0000F000FC00F060DC5650D010F032
:10113000000000001F181F181F000F044447703FD5
:101140000000A95C0000809C9090909E9E909090E2
:101150009C8000000000180C7E7F25242424242479
:101160007C000000AB5C0000F000FE00F0F0F0102E
:10117000FE1010F0000000001F101F181F7F7F22BC
:101180003F22227F0000AC5C0000F000FC00F0FC7D
:10119000FC24FC2424FC000000001F101F181F0763
:1011A00003027F0202070000AD5C0000F000FEF0C9
:1011B0004060306CCE182040000000001F181F1F38
:1011C00000010911396F03000000B15C000030F824
:1011D000FC1210101E70D2941CD800000000003DBC
:1011E0002120203E3E2020217D010000B35C000034
:1011F0000000FC2424242424E622202000000000F7
:10120000013D2121213F3F2121217D010000B55CCD
:101210000000F800FE00F8101010FE101010100072
:1012200000001F181F181F007E222322227E0000AC
:10123000B75C0000F800FF00F8FEFE9292F2929E6A
:10124000000000000F080F0C0F3F3F30100F383028
:101250000000B85C000000DC5050505E5E50505002
:101260005C40000000003C0F080909097F7F090964
:1012700009090000BD5C0000405CD0D0705E5E508B
:1012800050505C400000000060321B0A42427F0266
:101290000A1A32200000BF5C0000DC1C10F0105E57
:1012A0005E505050DCDC000000000760301F002260
:1012B000222222223F7F0000C15C000080DC5050CF
:1012C000F01E1ED05050DCC0000000000F4F283C24
:1012D0001F00007F00101F0F0000C45C0000F00022
:1012E000FE00F084CC7CF4745CC4000000001F108D
:1012F0001F181F0A0A0A7F0A0A0A0000CB5C0000B6
:10130000F000FEF030F82F2828E808F80000000070
:101310000F0C0F0F000F050525273C1F0000D25CA6
:101320000000F800FEF800FE02CA4ACA02FE0000F1
:1013300000000F0C0F0F003F00070223203F0000AA
:10134000D95C0000F000FEF0F04848487EC8C8486C
:10135000400000001F181F1F1F020E5A427F3F024D
:101360000000E15C0000F000FEF00028E808FE0844
:10137000E828000000000F080F0F6131190F070D5A
:1013800031610000E45C0000F000FEF0F020A46495
:101390003C64E6A0000000001F181F1F1F613D0EE7
:1013A00000007E010000E55C0000F800FEF0303037
:1013B0002C26F43CE4E0000000001F181F1F01056C
:1013C00045457F0507070000E65C000088C828083F
:1013D000F80E0CF80828488800000000003C202087
:1013E000213E3E2120207C000000E85C0000F80047
:1013F000FEF82022FE2322FE26AC000000000F088B
:101400000F0F02223F21110F3F300800EA5C00005D
:10141000F000FE00F0108CE6306084180000000040
:101420001F181F181F037F2222223F3F0000ED5C80
:101430000000F800FF00F8E2EEA0BFA0A8E6000060
:1014400000000F0C0F0C0F3F3F040424243F00004A
:10145000F05C0000F800FEF09090CC7EE474CC804C
:10146000000000001F181F1F101515157F151515FA
:101470000000FB5C0000F0FCFCF00090D81610347B
:101480005890000000001F1F1F1F4065263B1A3E9A
:1014900026600000025D0000F000FCF008C85E4815
:1014A00048485EC8000000001F181F1F40623A0F26
:1014B00043427E060000035D0000F000FCF00028BF
:1014C000E808FC086808000000001F181F1F111919
:1014D0000D077F0709110000065D0000F000FE0007
:1014E000F0B8C8680E2868D8180000000F080F0C64
:1014F0000F2022223E2222220000075D0000C04C65
:101500004848487E6E4848484CC0000000002434DB
:101510001545457D3D050515242400000E5D0000A0
:10152000F800FEF0F0C4E4B49E94A4E400000000CF
:101530001F181F1F1F001E0A4E407F3F0000145D32
:1015400000001C9CF070505EFEF050505C5C00008F
:10155000000003037F2A2A2A3F3F2A2A2A2000006C
:10156000165D000000EC28A8A8AEEEA8A8A8AC2044
:10157000000000007C0F424A4A4A7F4A4A4A4A42D7
:1015800000001B5D0000F000FCF000FCD41414D43B
:1015900014DC000000001F181F1F780F3B22223FA1
:1015A000227B00001E5D0000F000FEF00004745479
:1015B00056547404000000001F181F1F08094949F1
:1015C0007D0F0B080000245D0000F000FEF050507D
:1015D000D6FC7C4C5E52000000001F101F1F06034B
:1015E0007F1515557F3F0000265D0000F0FCFCF0E4
:1015F000C8E8785CEE58F8C8000000001F1F1F1FE5
:10160000001F0A0A7F4A4F600000275D0000808C9F
:10161000F888880EEE280868CC0000000000180743
:101620007F020423392E232C39630000295D00003A
:1016300006EEA8A8E80F0FE8A8A8EEEE000000004C
:101640003E0302223F003E0704243F1F00002D5DA1
:1016500000002CEC78A8282E0CE828281C0C000090
:101660000000131B1A7F0A0A7A0F01017F01000094
:101670002E5D000000EC28A8A8AEAEA8A828ECCCEF
:1016800000000000007F202E2A2B2B2A2E207F3FD7
:101690000000345D000000ECA8A8A8AEAEF8E83861
:1016A000BC20000000007C0F6A2E131A66603F3ECB
:1016B000437000003D5D000000ECA8A8A8EEEEA875
:1016C000A8A8EC0000000000603B027A42474B42B1
:1016D000620A1B2000003E5D0000F000FCF004F4F4
:1016E00094FC94FC94F4000000001F181F1F426A31
:1016F0003E33323E26620000475D000024E4FCA633
:101700002888C87EFE8A8CCC0000000006017F017C
:10171000003E20203F20207E00004A5D0000F000B7
:10172000FCF05054F414FCD6D250000000000F0816
:101730000F0F22131B067F0D1A3200004B5D0000B5
:10174000F000FCF000FCA4A4BCA4A4BC00000000B9
:101750001F181F1F701F7F3F2A2A2A7F00004C5D21
:10176000000040F64444F447C7FC24A426E60000E9
:101770000000003F12123F0021180F0F1821000037
:10178000585D0000F800FCF804642E24E42E246464
:10179000000000001F181F1F20110D077F071931BF
:1017A00000005B5D00008C8CC8C8A8BEBEA8E848DD
:1017B000C88C00000000007E1616567E001E4040B9
:1017C0007F0000005D5D0000F0FCFCF000D45C30A8
:1017D000FE305CD0000000001F1F1F1F004A6E3348
:1017E000323E26420000695D0000202CA8A8A8BC5B
:1017F000BCA8A8A82C24000000007C7C053D2D2D51
:101800002D2D3D457C3C00006B5D0000F0FCFCF0A4
:101810001090769890FC1690000000001F1F1F1F6C
:10182000223B27392139273900006C5D000000F682
:10183000545454FF77545454F600000000002031F3
:1018400011190F033F292F292D3000006F5D000073
:10185000F000FEF000282EE8382C2E2800000000B2
:101860001F181F1F31392F273D3D25250000745DAE
:101870000000F000FCF080D4D4B89EB0D4D40000B6
:1018800000001F181F1F003F7F0A0A4A7F00000048
:10189000825D0000F0FC00F010D45C54565CD4D49F
:1018A000000000001F1F101F101715157D151717BA
:1018B0000000995D0000F0FC00F000D05C30FE30CC
:1018C0005CD0000000001F1F181F44271B0E1E12B3
:1018D0007F1200009D5D0000F0FC00F040F4BCAC05
:1018E000A4BCB478000000001F1F181F20273C2450
:1018F000243C2F200000B75D000032F654545446BB
:1019000096B4D4F4D6860000000027351F1D352478
:101910001E1A3F3F24250000C55D000094D6745474
:10192000D41696D4747454D6000000007F3F171765
:101930003F104F2F3C07206F0000CD5D00006CEC86
:10194000E8F8584CECA8F8A8ACEC00000000453DC5
:1019500037342D61231A3F7A5E5B0000DB5D0000A7
:10196000C0701C00C0701C80E0380C00000000003B
:1019700001071C3003063C30030E38200000DD5DFB
:10198000000000FE00000000FC000000FEFE000061
:1019900000001C07000000000F0000001F1F0000D7
:1019A000DE5D0000E020FE30E080FE3060C0FEFE24
:1019B00000000000101C070000001F0000001F1F97
:1019C0000000E15D0000848C90C0B80CE03C04F0A5
:1019D0001C0400000000301F1F10232E20232C2188
:1019E000272C0000E25D000000ECBEB0A0ECF2A0ED
:1019F000ACBEF00000000000682B2A3A1A7F7F1A64
:101A00003A2A2B680000E55D00000808080808F87D
:101A1000F808080808080000000020202020203FC7
:101A20003F20202020200000E65D0000101010F074
:101A30003E1010101010101000000000180C27218C
:101A40002121213F212121210000E75D0000040424
:101A5000FC0404027A4E424242C2020000000C041E
:101A600007060200002020203C0F0000E85D000077
:101A700000FEFE12121212121212F20200000000F8
:101A8000001F1F1111111111111111100000E95D3A
:101A9000000004FCFC0400FE026202FE00000000E4
:101AA00000000603031B0F030000001F101E0400AC
:101AB000EB5D000002C2FA8202FEFE02E2FA82023E
:101AC0000000000016131011131F1F131110111323
:101AD0000000EE5D00000828282EE87828282E2A2D
:101AE00028080000000031192D272725253D252530
:101AF00025210000EF5D00004464347C4448E87810
:101B00004E4868480000000021313F1151301F004D
:101B10003F007F402000F15D000000C2424242428F
:101B2000424242FEFE0000000000000F181010109C
:101B300010101010101C0000F25D000002FA42426A
:101B40004242424242FE7E0000000000000F181098
:101B5000101010101010180E0000F35D000000FEB1
:101B60004242424242424266FE0000000000001F24
:101B70001010101010101010180C0000F45D000070
:101B800000FE4242427E7E424242FE0000000000D1
:101B9000003F2020202020202020301C0000F75D66
:101BA0000000484848FE48484848FE484848000069
:101BB00000000406037F494949494F43720600006B
:101BC000FD5D00009EBEAAEAAE969EBEEAAAAE9653
:101BD000000000002434141F0C04040C1F143424CF
:101BE0000000FE5D000000F0101010FEFE1010104E
:101BF000F0F000000000001F0000007F7F001010C8
:101C00001F0F0000015E000004C4444444FCFC4477
:101C10004446C20000000000001F0000007F7F005B
:101C200010101F000000025E00000888888888FEEF
:101C3000FC888888880800000000001F0000007FE2
:101C40007F0010101F000000035E00000888E8B845
:101C50008E8AE888888888080000000003011F0039
:101C600000007F0010101F000000055E0000F8005B
:101C700080FE00F01010FE1010F000000000037055
:101C80001F03000F00007F08080F0000065E000021
:101C9000F010FE10F000FCC48404FC000000000002
:101CA0000F007F082F1C070003023F201000085E72
:101CB0000000F800FCFE04E42424FC2424E40000DA
:101CC000000003601F03001F00007F10101F0000B2
:101CD0000C5E0000407056D47C5CC84C5C56504092
:101CE000000000000C063F0302027F0222223E0099
:101CF00000000F5E0000F010FE10F0484848FE485B
:101D000048480000000007007F04070101017F012F
:101D1000111F0000105E0000F010FEF08080FE80B9
:101D2000A0988C84000000000F007F0F00407F20EF
:101D3000230E18200000115E000088B8EC687808B7
:101D400084DC64649C8400000000003E0202027F88
:101D50007F0222223E000000145E0000F010FE1000
:101D6000F0F88888FE8888B8000000000F007F081F
:101D7000673F6326181C27610000155E0000F01005
:101D8000FE10F000F0101E1010F0000000000F0018
:101D90007F080F007F212121217F0000165E0000B7
:101DA000F010FE10F0000000FE1010100000000007
:101DB0000F007F080F007F212121217F0000185E86
:101DC000000018486828288E8C2828284818000009
:101DD0000000003F0101017F7F0121213F00000041
:101DE000195E0000F010FE10F0603C10FE101010A4
:101DF000000000000F007F084F613119071F31619B
:101E000000001A5E000080A0AAAAAAAAAAAAAABED6
:101E1000808000000000033C3C04047E7E04243CDF
:101E20001C0300001B5E000000FCFCA4A4A6A6A4EA
:101E3000A4A4FC0000000000003E0202027F7F021A
:101E400022223E1E00001C5E0000F010FE10F0007A
:101E5000FC040404FCFC000000000F007F080F607D
:101E600039090101197100001D5E0000C848487859
:101E7000484E4C48784848C800000000013E3E02E9
:101E8000027F7F02223E1E010000265E0000C8483D
:101E90005E4848DCDC48485E48C80000000001009D
:101EA0003E02027F7F02223E1E010000275E0000EC
:101EB000F010FE10F000E020BE24E4E4000000007A
:101EC0000F007F080F402F301F102F6F00002D5E76
:101ED000000000F82828F8282E2828F828280000D4
:101EE00000003E07003C05053F7F05253C1C000027
:101EF0002E5E00005454D47E545444FC8494BCE4BC
:101F000000000000023F0504047E7E0524243C00FE
:101F10000000315E0000F010FEF080A4A4FEA6A434
:101F2000A4A4000000000F007F0F301C070A5242DB
:101F30007F020000375E0000F010FE10F0E0FC961B
:101F400094FC9090000000000F007F0807007F24A1
:101F5000243F24240000385E00007808EEE8282E94
:101F60002E2828EE087800000000003C0505050535
:101F70007F0525253C0000003B5E0000F0FCFEF0E4
:101F8000405454547E545454000000000F3F7F0FBF
:101F9000407F21311D212F6F00003C5E0000F010BA
:101FA000FCF000FC9494F49404FC000000000F008A
:101FB0007F0F007F24242725247F00003D5E000042
:101FC000F010FE10F07C54545454547C0000000077
:101FD0000F007F0807003F2B2B2B2F7F0000425E56
:101FE00000008682FED6D6D6D6D6D6FE82860000E1
:101FF000000004061F05041E1E14151E0604000022
:10200000445E0000F808FF08F8FE2AAA6A2AEAAE31
:102010000000000007003F06333F2525253F25250A
:102020000000455E0000F010FE10F004745454549B
:102030007474000000000F007F08077F29293F29E2
:10204000297F00004C5E0000F010FE10F0FC54549C
:10205000D45454FC000000000F007F084764371C74
:10206000077C47442000545E0000F0FE10F080FE24
:102070006AEA6AEA7EDC000000000F7F080F416513
:102080002D35353D6D450000555E000004F4F4DE4D
:10209000D4D4D4D4DED4F404000000000A0A3E0AEA
:1020A0000B7E3E0A2A3E0A0A00005B5E0000F0FC3E
:1020B000FCF020E474646674E4E4000000000F3F68
:1020C0007F0F101715157D15171700005E5E0000B5
:1020D000F0FCFCF0109CF09E90DEF89400000000F4
:1020E0000F3F7F0F486A2A1A1F3A2A4A0000615E92
:1020F0000000F010FE10F0A4FC64FC66BEA000001E
:1021000000000F007F08077F2A2A3F2A2A7F00004D
:10211000625E0000F010FEF010D45C54D6545CD423
:10212000000000000F007F0F005755557F55555791
:102130000000725E00004242424242FEFE424242C3
:1021400042420000000000000000003F3F0000008D
:1021500000000000735E000002027A6202FEFE02CE
:10216000623A0A020000000001010101013F3F0143
:10217000010101010000745E00006030DC4E48483F
:10218000F848484848080000000004040704040414
:102190007F04040404040000765E0000101012FCAA
:1021A00010101010FC1610100000000042223A0F10
:1021B000020202027F0202020000785E0000202874
:1021C00068E8283E3E28E868282000000000080A49
:1021D0000A0B0A7E7E0A0B0A0A0800007A5E0000DB
:1021E0000080E0B09C8680C07010000000000000FD
:1021F0000030383C36131110161C382000007B5E6E
:102200000000C0F09C84C0000808080808F800001E
:102210000000101816131C1C202020203C0F00006A
:102220007C5E0000607C67E070101090FF1010F082
:1022300000000000181C1B090E3C180F2120301F45
:1022400000007D5E0000F8C070C860FCFC60D8E053
:1022500020F8000000003F2C2E2D2E3F3F2E25277A
:102260002C7F00007F5E000000F8080808080E08B8
:102270000808080800000000781F000000000000A7
:10228000000000000000805E000000F80808E80878
:102290000E8888C84808000000003E0F00003F215B
:1022A0002121202030180000845E000000F808087A
:1022B0000808EEE80808080800000000780F202150
:1022C00021213F3F212121210000865E000000F8EE
:1022D00088888888EEE888888888000000003F07A2
:1022E0006020301C07030C1830600000875E00007F
:1022F000C0FC04F4848487F4F484C4440000000027
:102300003F07003F3010101F3F21203800008A5E39
:10231000000000F888888888EEE8888888880000AF
:1023200000007F0730180C063F7F030C18100000D8
:102330008B5E000000F828282828FEE82828282896
:10234000000000007C0F4061273D19193D276160A6
:1023500000008F5E000000FC04145454D7D4743481
:102360001404000000003F07010121213F1F010567
:1023700007010000905E000000FC04E4E424273C18
:102380002424E404000000003E07301F0101010185
:10239000010103000000915E000000FC849494940D
:1023A000F7B494949494000000003E072030180C79
:1023B000071F3F2020380000935E000000FC04143B
:1023C000F43C1F9414141414000000003F07080983
:1023D0000909093F090909080000945E000000F896
:1023E00008C80808EE080808E808000000007E0F8A
:1023F000202127202123382721200000955E00007E
:1024000000FC04F4949497F4F49494840000000085
:102410003F07003F10100C38071820380000965E68
:10242000000000FC44F4DC5457D41414F4040000FD
:1024300000003E07001F3F222223242427380000EB
:10244000975E000000F808080808FE484848484819
:10245000000000007C0F007E2222232222227E0028
:102460000000995E000000F8088888888EE8888857
:10247000888800000000301F007F3F24243F242470
:102480003F7F00009A5E000000F888A8A8A8FEA878
:10249000A8A8E888000000007C0F406424140F1CEA
:1024A0003424674000009C5E000080FC84C4F44437
:1024B00047444444F444000000003F07013F3F000C
:1024C000010620303F0000009E5E000000FC242436
:1024D000A4FC27E43C34A424000000003F0330188F
:1024E0000711183F2623213800009F5E000080F866
:1024F00008E8A888FE8888A8C888000000007F0730
:1025000030184C673A323A2E62400000A05E00005C
:1025100000F8084858684EC848784848000000004D
:102520003F07080A0A0A0A7F0A0A0A0A0000A55E8B
:10253000000000F808C878888E88F888888800002D
:1025400000007F07037F10180C037F030C180000A6
:10255000A65E000000F82828F8E82E2828F8282889
:10256000000000007C0F44646D3D3535356D6440DE
:102570000000A75E0000F8F808C8E808EEEC88E85C
:102580008808000000203F07212424253F3F252400
:1025900024250000AD5E0000C0FC14D4B4948794E0
:1025A000F4F49484000000003F03321E1F31242401
:1025B000272724240000B35E000000F808E8A8A83C
:1025C000BEE8A8A8E80800000000780F080B0E0E6F
:1025D0000B0B7E0A0B080000B55E0000F8FC24A47B
:1025E000E474A6A424E4A424000000007F07031FD1
:1025F0001F153F7F55555F630000B65E000000F871
:102600004848E8E84E4C48F84848000000007C0F75
:10261000601803330202720318600000B75E000006
:1026200000FC44545454FE545454F444000000003C
:102630007E0720175D497F0F091D37200000B85E17
:10264000000000FC44D4D4D4F6D4D4D4F444000024
:1026500000003E07007E16167F1616567E0000000C
:10266000B95E000000FC14147C545654547C1414BD
:10267000000000007C0F603F0F09091939294F4005
:102680000000BE5E000000F808E8A8A8EEF8A8A8C0
:10269000E808000000007C0F406724140F0F14248A
:1026A00067400000C95E0000F8FC24A4B4F4A6E46E
:1026B000F4B4A424000000003F0722361E7F063F2A
:1026C0003F1E37220000CA5E0000FCFCE4E4BCA40C
:1026D000E604F414D434000000003F033F3F321AF4
:1026E0003B007F10131E0000D15E000000FC14941C
:1026F000FCD4D6D4F4FC9414000000007E0F4057A4
:1027000056567F7F565657400000D25E0000FCFCB4
:10271000A4A4FCA6A684F444C444000000007F03E3
:10272000621E4B6A3A61271C37600000D35E0000CE
:10273000FCFC24E47C64E624F414D474000000005F
:102740007F0B0A4B7B1F0B087F00111E0000D65E1B
:102750000000FCFC14B4D4F4F614B4D4D4F4000097
:1027600000007F0704465A5735292B121604000033
:10277000DB5E0000E0FE02BABABAFBFABABABA02ED
:10278000000000003F07252D2B2B3D3D2B2B2F2537
:102790000000E85E0000FCFCE47CD474C694741471
:1027A00094F4000000003F413F093F493F1C167E62
:1027B00014140000EA5E000080FC14F434F4767413
:1027C000F434F414000000003F07682F3E4F7F3FB1
:1027D0000F3E2F680000F45E0000044474CCC40077
:1027E0000000000000000000000020371C1F113016
:1027F0002020202020200000F65E000044645CC4FD
:1028000000E40404FC44464200000000233C1E1384
:10281000302F28282F2828280000F75E0000446465
:102820005CC400444444FC46424200000000261CB4
:102830001E13282828282F2828280000FA5E0000C8
:102840004474DCC4545454FE54547C100000000002
:10285000231E1F103525253F252525250000FE5E5A
:102860000000808080FC80808080FCC08080000030
:10287000000060301F03000000007F000000000027
:10288000FF5E00002020FEFE20202020FCFE2020F5
:102890000000000000007F7F101010103F7F00003C
:1028A0000000005F0000424242FE42424242FE42BD
:1028B00042420000000030180E03000000003F00FC
:1028C00000000000015F0000002030E82C222020E2
:1028D000AC3860000000000062221A0F02020202FF
:1028E0007F0202020000025F0000007E4A4A4A4A5C
:1028F0004A4A4A4E4E300000000032120E070202D1
:1029000002023F0202020000035F000008C8E878EC
:10291000584E4C487868C808000000004424341F12
:10292000040404047F0404040000045F0000222A5D
:102930002AAA2A3E3E2AAA2A2A220000000032128F
:102940001A0F020202023F0202020000085F0000AA
:1029500048A888C8788E8CF80838684800000000BD
:102960004465341F040404047F04040400000A5F67
:102970000000F05C30FE70F43098EEC8B80800003B
:1029800000004564341F050504057E0404050000AD
:102990000B5F00004040404040FEE060642C282077
:1029A00000000000000000000000071C30604070C4
:1029B00000000F5F000090909090909090FE901615
:1029C0001C10000000006020203F301010031F305A
:1029D00040781000115F0000243CD81E3290909087
:1029E00090FE121C100000001D457F051D301F10B9
:1029F000101F78601000135F000000F232121212F4
:102A00001212121E1E00000000000001010101014F
:102A1000212121311F000000155F000082F21212F7
:102A2000121E1E000000FF00000000000101212115
:102A3000213F070000003F000000175F000008C8AA
:102A40004848FE4848FE48487800000000006223DD
:102A5000321E0702027F0212121E0000185F0000E1
:102A6000E42424243C0000F81C00000000000000C6
:102A70004342427E06303F2320333E7800001B5FF6
:102A80000000E424243C80F84060FE3010F0000098
:102A900000004141713F003F60404F4444731000CB
:102AA0001F5F000000C84A4E48F8F8484E4A7800B8
:102AB000000000002023321A0E7F7F0222223A1EDD
:102AC0000000205F0000E2F2121E4040FE40D048AD
:102AD0004642000000002121311F00203F10110755
:102AE0001C300000255F0000E222223E40788E0864
:102AF000F808A818000000004342723E080E434048
:102B00007F00031E0000265F0000E424243C0098A0
:102B1000D83E1C98D818000000004342723E203175
:102B2000392D272138700000275F0000E424243C61
:102B300000FC04FC0404FE02000000004342727E1C
:102B40007C07203F2038077C0000295F0000445CA0
:102B5000F6B4BC84C4ECB4B45C4400000000000CC7
:102B60000E0A0A0A4A4A4A4B380000002A5F00004F
:102B7000E424243C80C4C464347CCC800000000085
:102B80004342723E202222223E22222220002D5F3A
:102B90000000F292929E02FEFE929292FE020000CD
:102BA00000002020381F080F0F0C0C043F04000009
:102BB0002F5F000004649484FC8686FC8494344473
:102BC00000000000000C0E0A0A0A0A4A4A4B3800AC
:102BD0000000315F0000F2F292929E8002F2929227
:102BE000929E00000000180B2A263F01080B2A269F
:102BF0003C1F0000395F0000E424243C00F09C905E
:102C0000F09C96F0000000004342723E080B0A0A56
:102C10007F0A0A0B00003A5F0000F212121E00DE6B
:102C20005252F2525EC0000000000121311F101309
:102C300012121F121E3B00003C5F0000F2121E0227
:102C4000F21E16F202F2121E0000000021213F01C6
:102C50003F11113F0121213F0000405F000074B48B
:102C6000BEB4B4F4407C04047C4000000000191D94
:102C70001555770061273D3927610000505F00003E
:102C800000424242424242424242FE0000000000F4
:102C9000101010101010101010103F000000525FA4
:102CA0000000F80000FF000444444444C4FC000059
:102CB000000001301C07001010101010103F000021
:102CC000535F000000445840407E7E404058CC0096
:102CD00000000000002424242424242424247F0031
:102CE0000000555F0000404A4A4A4ACACA4A4A7E22
:102CF000C640000000001019092E243F1F060E09CF
:102D000011100000565F00004040585ED4D4545467
:102D1000745C4040000000002B2D2515524B7E1C9A
:102D2000060F11200000575F00005454FE54540059
:102D30005454FCFE545400000000002A2A2A2A2A77
:102D40002A2A2A2A7E000000585F000020E02C2F4B
:102D5000AAAAAAAABEA6202000000000203F1111A6
:102D6000331F0F121F3F213100005D5F0000A0E004
:102D7000ECEEEC2C6CECFC6CA020000000004A6B2C
:102D80002B1D0B080F0B7F0B0B090000615F000070
:102D900000001098888CC46622200000000000000B
:102DA000001011111808080C060301000000625FF2
:102DB000000084FCFC8484FC84101888C44000005B
:102DC0000000701F0000007F00602111180C00003F
:102DD000645F000080FE8ABAA2FEFE8088C466207E
:102DE00000000000380F0000203F1F2031180C06A3
:102DF0000000665F000008C84878484E4CC8F85884
:102E00004848000000007C0F404B696D25253612B4
:102E100008080000695F0000147404FC06321A10F0
:102E20001888C440000000001109077F070D0960E1
:102E30002131180C00006A5F0000F86868FFAAAA38
:102E4000DA004C663290000000003F203E06023E51
:102E500020242422233800006C5F000010FEFC9028
:102E600010FEFE901098CC6000000000077F3F0528
:102E7000077F7F416331180E00006D5F0000A4A43E
:102E8000A4BEA4A4A4001888C44000000000632FBE
:102E90003A223A3F3360211118040000705F0000AD
:102EA00014D45C56545CD4101888C4200000000070
:102EB0001017157D151517402131180C0000715F92
:102EC00000009CBCACECACACBC101088CC4000004A
:102ED00000003017457D051D2760233118040000D0
:102EE000735F000000001010888CC42210000000E6
:102EF0000000000000000301011F1F00000000008F
:102F00000000775F0000C8E4F3180808F8484F484D
:102F1000C8C80000000000003F20301C070020202F
:102F20003F010000795F000010C8E6A0403C0404A7
:102F3000047C404000000000017F7F406327391976
:102F4000392D634000007B5F0080CCF61930FE18FD
:102F50001802FE0202FE00000000003F00000726EB
:102F6000120E0320301F00007C5F000098CCF6009A
:102F7000F88888FEFE88A83800000000017F7F7076
:102F80001F61273C183E23600000805F000098CC42
:102F9000E600101010F6F810101000000000017F7D
:102FA0007F202121213F3F2121210000815F00005E
:102FB00018CCE60004C40404FC040404000000006F
:102FC000033F3F20203F20203F2121212000825F1E
:102FD000000090CCE62000FC44444444FC00000087
:102FE0000000013F3F20203F222222223F202000DC
:102FF000845F00001088E62084C44464745CCC8044
:1030000000000000037F7F202222223E3E22222257
:103010000000855F00008CE6F3202424243F3FE479
:10302000E42420000000003F3F0001070D21213F64
:103030001F010000875F0000CCE6FB383CE7A5A439
:10304000E40404FC00000000003F3F00000F040403
:1030500027203F0F0000885F000090C8E620FCFC9E
:10306000A4A4A4A4FC0000000001013F7F007F7F16
:1030700020230E1C36620000895F000098CCE60019
:1030800010929C90F0989E9000000000013F7F00FD
:10309000040404047F04040400008A5F000098CC48
:1030A0007610FC04E42424E404FC00000000017F0A
:1030B00000007F2027242427207F00008B5F000052
:1030C00090C8E620A8A8A8FEA8A8F8200000000044
:1030D000017F7F101212127F1212121200008C5FF9
:1030E000000098CCF61090D8F4B290A8E0800000D0
:1030F0000000017F7F4064262F1A3A2E66410000AF
:10310000905F000098CCE620607058C64C58706004
:1031100000000001017F7F203A0A427F02021A323A
:103120000000925F0080CCE6FB2824A424FFFF244B
:10313000242400000000003F3F301F0F183F3F21B4
:1031400021212000955F000098CC320028E808FE7D
:1031500008C8280800000000017F0031190D077F12
:10316000070D19310000975F000010C8E420007CB3
:10317000545454547C3C00000000017F7F04051D22
:103180003545457F05050000985F000010CCE6003E
:103190009090FE0000FE909000000000017F7F04F0
:1031A00004047F00007F04040000995F0080CCE6E7
:1031B000FB2820BE2020FF24242400000000003F24
:1031C0003F301F0F18303F21212100009C5F00007D
:1031D00098CC6600C458407E7C5058C40000000063
:1031E000017F00007F001F09094F407F0000A15FA1
:1031F000000098EC30584EF84848F8FC04FC0000F9
:103200000001017F003F203F32223F7F101F00005E
:10321000A85F000010C8E620F8A8A8AEA8A8F87813
:1032200000000000037F7F202A2A2A3E3E2A2A220D
:103230000000AA5F000098CC6600FC2CA4A4FCA4AB
:10324000A6A000000000017F00780F007F2A2A2A34
:103250003F7F0000AD5F000098CCE6009C7444DC2A
:1032600044467E4800000001017F3F023A22223F8F
:103270002222227A0200AE5F000098E632BCA0BE95
:10328000A0BCF09E10F000000001017F003E0E0285
:103290001E78301F1F600000B55F0000CCF6125C86
:1032A000505E505CF09ED0F000000001017F0015E0
:1032B000151F1551201F1F600000B75F000098CC3C
:1032C000F600F494F49E96F494F400000000017F5C
:1032D0007F221A32724E4A620A320000BC5F00003E
:1032E00088E4327C54D67C78F0DED0700000000098
:1032F000007F40611F457D01601F1F600000BD5FB2
:10330000000088E6105CD05E505CF0DE90F00000BB
:103310000001017F0037477E0534201F1F20000079
:10332000C35F0000008000E0040C18300000C00003
:10333000000000001E03007F404040406038010F45
:103340000000C45F0000603000FE08300000000094
:103350000000000000000000003F0000000000002E
:1033600000000000C55F000000C000E0E60C98C04F
:1033700060188C00000000002731183F7F42414058
:103380004038010F0000C65F0080F0FCFE300808E6
:1033900008886838180800000000003F3F00182621
:1033A00023212020203C0000C95F00007800FF1C82
:1033B0001202C27E020202FE0000000000003F2056
:1033C000301C070020203C0F0000CC5F0000007282
:1033D000D29292929292929EDE4000000000380EAD
:1033E000003E20232E2030180E180000CD5F000074
:1033F00002B29AC2623E0E8282C27E0000000000CB
:10340000180F003E2023262020180E180000CF5F42
:103410000080F0FEFE3080848484FC8486808000FE
:103420000000007F7F00000000007F00000000001F
:10343000D05F00008080808080FE888888888880B7
:1034400000000000301C007C4043464440341C30E7
:103450000000D15F00000202020202FE7E0A1A3260
:10346000220200000000180E023E20212620301803
:1034700006180000D25F0000101050D01010107E0F
:10348000F0161C10000000001E023F2021380E180C
:103490000F3860703000D65F000070FEFE380010FC
:1034A000901010FE101010000000007F7F00000040
:1034B0000147407F00000000D75F0000088888882F
:1034C00088FEFE888888880800000000301C007C88
:1034D0004042464C60301C300000D85F00000808B5
:1034E000F888888E8C888888880800000000180C6E
:1034F000003C2023262420300C180000D95F0080D7
:1035000070FEFC3010F0F0121C10101010000000C3
:10351000007F3F00003F3F20202020200000DD5F93
:1035200000001092D2721E96121272D29290000077
:10353000000001090620203F020E00030D010000DB
:10354000E05F000000F8888888FCFC888888F80024
:1035500000000000301C007C40474D4860341C30A7
:103560000000E15F0080F0FEFE70F01010FCFE1025
:1035700010F000000000007F7F000702027F7F0242
:1035800002070000E45F0080F000FE1830180E080B
:10359000F80808080000000000007F000101010198
:1035A0007F0101010100E75F004078FFFF38101044
:1035B000FE1FD012141000000000003F3F10180E34
:1035C00003003F2020380000EA5F000070FEFE3854
:1035D00060380EC0000E386000000000003F3F0061
:1035E000101C1711101A1C380000EB5F0080F0FE51
:1035F000FC70101010FE1010F00000000000007FA2
:103600003F4061311D07071931610100ED5F000086
:10361000F000FE30301010F6FC901010000000009A
:1036200000007F000000007F7F0103020000EE5FCA
:103630000080E0FCFE70909090FCFE909090000066
:103640000000007F7F406021361C18362360000098
:10365000F15F00407800FF18383808F8FF08083894
:103660000000000000003F0030180C073F20203809
:103670000800F55F000060A0A09088ACEC9890A0D6
:103680002060000000007018007C4244484643213E
:1036900018300000F85F0000F0FCFE308484C4FCA9
:1036A0008484FC0C00000000003F3F2020203F21CC
:1036B00020203F200000FB5F0000F0FEFE3000FCF9
:1036C0004C4444C4464000000000007F7F203C0F73
:1036D0000000007F00000000FD5F000020309CCE55
:1036E0003818C8781808F800000000003009007881
:1036F00042454C42622319300000FE5F000070FE1C
:103700003870B0BCAEA8A8A8A80800000000007FD0
:1037100000000000000000003F602000FF5F00008C
:103720002030382CE0202020ECF830200000000071
:10373000601A037940444A42630818200000006080
:103740000080F0FEFE300484E4FC4CC484040000DD
:103750000000007F7F020301007F000001030000E2
:1037600001600000080888C8E8BE1A68C888080810
:1037700000000000731D017C40474D4040311D7327
:1037800000000260000080C0781E60C0C07C3E6007
:10379000C08000000000380C003C20232428203882
:1037A0000C1900000360000070FEFE30444444FC2D
:1037B000C444444440000000003F3F20301807014B
:1037C0003F202030100004600080F0FE3830FC0400
:1037D0003464C4E4340400000000007F00003F288B
:1037E0002C2623232E20000005600080F0FEFE30F2
:1037F00080FCFCA0B0988C8400000000007F7F005B
:10380000007F3F20330E382000000660000070FE6D
:10381000FE1860F0D84C46D8F06000000000003F71
:103820003F00001F3F242427211800000A60008069
:10383000F0FEFC7084C4741C8484F47C00000000DE
:10384000007F3F00007E222222223E7E00000D608B
:103850000000F0FEFC70C0781EF090909090100078
:103860000000007F3F000000007F0404040400000B
:103870000E60000060301C0E08F8A8A8A8A8A88850
:1038800000000000701C007C40474C4840301C7019
:1038900000000F60008060FE3070F0F010FCFC1043
:1038A000F00000000000007F00412131190F0719CE
:1038B00031610000126000000878CEC8F81804BC1E
:1038C000E4E43C0400000000621B017841464D49DD
:1038D00070001933000014600000F0FEFE7004C494
:1038E0000404FC04040400000000003F3F20203FCB
:1038F00020203F212121200015600000F010FE3023
:1039000000F010181E1010F00000000000007F00F2
:10391000007F21212121217F000016600000F0FEA0
:10392000383888E8B88EE888888800000000007F72
:103930000001011F00007F00101F000019600080BF
:10394000F0FEFE30101010FEFE10101000000000FF
:10395000007F3F00007E222323223E7E00001B606A
:10396000000070FEFE3020FC44444444FC00000093
:103970000000007F7F00202724242424272000002B
:103980001C600080F0FE18706030186E4C102040F3
:1039900000000000007F00000001193179070300DA
:1039A00000001D60000000FE929292FEFE92929234
:1039B000FE0000000000180E003E202326243800E0
:1039C0000E180000206000000010D85C56505054C3
:1039D0005CD81000000000003018037A42464A42CA
:1039E00042231870000021600080F0FEFE70C0E0ED
:1039F000D846405870C000000000003F7F00007EA5
:103A0000222222227E000000256000003038BCA661
:103A1000A4A4A4BCA4E0E00000000000701A027A94
:103A2000424E5A5262231B30000026600000F0FE16
:103A30001830047404FCFC04741400000000007FBF
:103A400000010101017F7F010101010027600000E9
:103A500070FEFE30603C1010FE10101000000000E0
:103A6000003F3F00202121213F212121000028602B
:103A700000002038CEC87818FCFC04243C800000EC
:103A80000000321B017C40424445710119310000A5
:103A90002960004078FF1C18FEFED2D21292921EBE
:103AA00000000000003F00301F001F3F2121203890
:103AB00000002A600080F0FEFE30848CDC6464F438
:103AC0008C8000000000007F7F00252424243E24F9
:103AD000242520002B600080F0FE3830C848FE48C6
:103AE000FEFE487800000000007F0040633A0F02AD
:103AF0007F7F121E00002F60000070FEFC7080901F
:103B00009090FE90909000000000007F3F002038D1
:103B10002E233034387000003560008070FE18703D
:103B20002020A0FEFEA42C2000000000007F00103A
:103B3000180E037F7F030E1800003B60000000009A
:103B4000F0161C1010181EF0F00000000000301CD1
:103B5000017D41474D4941610D3000003C6000004E
:103B60001424E4E4BC0028C80808FE080000000093
:103B7000321B017841444C4062321F3000003F60EC
:103B80000000F0FEFCF084CC5464745CCC80000037
:103B90000000007F7F080A0A0A7F0A0A0A0800005C
:103BA0004160002030F8FC22242424FC242622201A
:103BB000000000006019017841454D49613119311B
:103BC00000004260004078FEFF1830FE2F28E80811
:103BD00008F800000000003F3F00000F0505272007
:103BE000381F00004360004078FFFE382424243E44
:103BF0003FE4E42400000000003F3F0001070D21E6
:103C0000213F1F0100004B60000088C86808F80EC3
:103C10000CF80828C88800000000301C007C4146D1
:103C20004C4960301C3000004D60000078FF1C38AB
:103C3000425CC07FFED05E4200000000003F0020DA
:103C4000301C07001F3F203818005060000042421F
:103C50007E22A2701E1A327EFE80400000001806EE
:103C6000003E2021232630120618000052600080FA
:103C7000F0FEFE7004E424242424E4040000000088
:103C8000007F7F00202F292929292F20000055603F
:103C900000000878CEC8F81800FC0404FCFC000002
:103CA0000000321B017841454C4161311D3100005B
:103CB0005960000008484A4E48F8F8484E4A4808FB
:103CC000000000003119017D41474D49710919314A
:103CD00000005A6000001094949494DEDE94949452
:103CE000941000000000623A027A424F5B42622A5E
:103CF0001A2200005D600000A4A4FEA4A48484F441
:103D00001C04E4FC000000003018017840474D40DE
:103D100061311930000062600000F0FE183808F8C8
:103D20003EC888E808C800000000007F000806615F
:103D300022390F0F33600000636000008484C8489C
:103D4000308EC878C8883818000000002138007A02
:103D500043454C4860291B32000064600080F0FE3F
:103D6000FC70F010F01E12F010F000000000007F58
:103D70003F203F203F20203F203F20006760000081
:103D800002FA0A0AFA0E0AFA0A8AFA020000000087
:103D9000180E003E20212624381A0E1800006860F4
:103DA000000070FEFC3060FCA4A4A4A4FC00000091
:103DB0000000007F7F00607F20230E1C3662000021
:103DC0006960000000FE82CAAA9E9AAACA82FE000A
:103DD00000000000180E003E20232624301A0C1884
:103DE00000006A60008070FCFE303018BCEEE8B85D
:103DF000180000000000003F7F00017F22222222E5
:103E00007F0300006B60004078FF1C38FE02CA4A46
:103E10004ACA02FE00000000003F00003F00070405
:103E20000427203F00006C600080F0FEFC30404C16
:103E30004C4CFC44464000000000007F3F00007EE8
:103E4000222223223E7E00006D6000004048C8FE12
:103E500048484848FEC848400000000006130D408E
:103E6000603E041C000D1B0600006F600000000097
:103E7000FCA4A4A6A6A4A4FC000000000000301826
:103E8000037A42465A4262331830000070600000E4
:103E9000F0FEFE306060584E4E587060000000002A
:103EA000007F7F00007E222222227E0000007360BD
:103EB000000000FEFE9696B676D6D6FE30000000D4
:103EC0000000301D013D2022262C30150D31000050
:103ED00076600000828AB282FE8282FE82B28A828C
:103EE00000000000380E003E20232620301A0E1855
:103EF00000007860004038FF1C22E222222808FFE0
:103F000008F800000000003F000C0F04073C1F21D0
:103F1000301F00007960000078FEFF38FE42424208
:103F2000FEC25A5200000000003F3F300F20100E2A
:103F300003071C3000007A60000078FFFF384E4E07
:103F4000484F4F48C8CE00000000003F3F001E3ED3
:103F500022222222233B00007B600000F0FE38601A
:103F6000FC04F4FC00FC00FE00000000007F0040A8
:103F7000271C13370047407F00007C60000070FE64
:103F80003820E848C88EC86808E800000000007FB4
:103F900000003F282C27272C207F00007D60008018
:103FA000F0FEFC703CA4F434A424241C00000000A7
:103FB000007F3F080A0B0A0A7F0A0A0A00007F6096
:103FC000000000F252525AFAFA5E5656F000000013
:103FD0000000601B017941474B5945751F70000077
:103FE0008360000070FE1830FC2424F4F42424FCC8
:103FF00000000000007F00007F24232F2F23227F5A
:1040000000008460000078FFFF1800F694909F90F5
:1040100094F200000000003F3F00003F040404242D
:10402000243F0000896000002024BCB464FCFC64D0
:10403000B6AA222000000000221B017840474D4014
:10404000602D193300008C600000F0FEFC30D0566B
:104050005CF0505C567000000000007F3F20331A77
:104060000E7F0212121E00008D600000F0FEFE3076
:10407000207C545454547C7C00000000007F7F005E
:104080000909093F7F09090900009260000078FFD3
:10409000FE38C0CE4ACACA4A4EC000000000003FE7
:1040A0003F001F3F22232322223B00009460008018
:1040B000F0FE183030FC2E68A828E86800000000E8
:1040C000007F00011F1F11175D513F110000966016
:1040D0000000F0FE1830E8A8A8BEBEA8A86800003E
:1040E0000000007F00000404447E3F05040400003B
:1040F0009A60000070FEFC30E8E828FCFC2828E804
:1041000000000000007F3F2031190F7F7F0F193121
:1041100000009B600080F0FE387090D87C12107414
:10412000D8B000000000007F004045662F3B322ED3
:10413000664000009D600080F0FEFC70FCFC24FCEA
:10414000FC2424FC00000000007F7F202525253F63
:104150003F25252520009F60000070FEFC708494A0
:10416000F49C9494F48400000000007F3F00007CE5
:10417000242424247C000000A060000030F8FCFA15
:10418000F8301C7EC8E8380800000000603B017968
:1041900041464B5141311B320000A360000000DC5E
:1041A000545454FEFE545454DC00000000006039A6
:1041B000017941474F49710919300000A66000009C
:1041C00078FFFF1830F88E88888EFBF8000000001A
:1041D000003F3F2030180F01003F20380000A8604A
:1041E000000020F8FC02B8CC0808E808F8980000A5
:1041F0000000701B037841445A434170183100009D
:10420000AB600000C45454D4D4DEDED4D45454C4BF
:1042100000000000641C067B4044584367343C2681
:104220000000AC6000004040FED656565656D6FE02
:10423000404000000000100F013D21272D213105D5
:104240000B100000AD60008070FE1860FC00FE8462
:10425000BC64F48C00000000007F00202424253E74
:104260003E2424250000AF60008070FE1060F42C16
:10427000A034E46424FC00000000007F00007F10F4
:1042800008070748407F0000B1600080F0FE3870EA
:104290009090FE0000FE909000000000007F000063
:1042A00004047F00007F04040000B2600000A4A4A6
:1042B000A4A4FE0000FEA4A4A4A400000000301CDE
:1042C000007C41444C49602418300000B4600080F8
:1042D000F0FE387088E8F88E8C68C888000000000E
:1042E000007F00000504047E7F0404050000B86020
:1042F000008070FE18709454347CFC34569000009A
:104300000000007F00000809497D3F0B09080000FC
:10431000BB600000F0FE38302828A83E3E28E82880
:1043200000000000007F00000A0A0B3E7E0B0A0A14
:104330000000BC60008070FE1070E0A0A0BEBEA4B3
:10434000E4E400000000007F00080B0A0A7E3E0A39
:104350000B0B0000C5600080F0FE18605454547EC2
:104360005454545400000000007F00007F151515C0
:1043700015557F000000C660004078FF0838FE42F7
:1043800052527A5242FE00000000003F00300F00FF
:104390000F09092F203F0000CA60004038FF0C3889
:1043A00004F494979694F40400000000003F000089
:1043B000180620203F0006180000CB60008070FE29
:1043C0001070D86848CECC4848D800000000007F64
:1043D0000042633A0E013F4444770000D160000080
:1043E00008E8A8A8E8081EF8CA6E2C08000000001B
:1043F000721A027A42464A4361231A730000D5605A
:104400000080F0FEFC30007CD45454547C7C0000CE
:104410000000007F7F0824130F261A46623E00002A
:10442000D860000038FF1830FE82AAF2F2AE22FEF9
:1044300000000000003F00003F0007040424203F6C
:104440000000DA60004038FFFE18586E3FCC749CC4
:10445000847C00000000003F3F180E1E3E232638DB
:10446000021E0000DC60008070FE183040487E486C
:10447000487E484800000000007F0000007F292996
:1044800029297F3F0000DD600080F0FE3860C458BD
:10449000507E7E5058C400000000007F00007F0066
:1044A0001F09094F407F0000DF600080F0FE18F018
:1044B00060FC9690F69C909000000000007F000049
:1044C000007F24243F2424240000E060000004F442
:1044D000D4D4D4FEFCD4D4D4F40400000000721A66
:1044E000027A424F5B42632312640000E6600000E0
:1044F00070FE1830F808080AFE484848000000001E
:10450000007F00603F027E222322227E0000E760BF
:104510000000F0FCFC3000FC54545454FC0000003B
:104520000000003F7F0064371D05051D376404004F
:10453000E8600000F0FE306050D8747250CC4850F3
:1045400000000000007F0002457D2A2B351419036E
:104550000000E9600000C8ECF60004F40404FC2448
:10456000242400000000701B037A42475A52432261
:104570001A220000EB60000060E8EC6C7ED4D47C72
:104580006CE4E020000000006037077D454F5F4588
:10459000652713600000EC600000F0FE1830FC049A
:1045A0006424F424E42400000000007F00003F2184
:1045B000392D23272D390000ED600000F0FE3088F2
:1045C000F8CEC808F84CC44600000000007F00097F
:1045D000097F3F653F007F000000EE600080F0FE35
:1045E000FE7060F09C90F09C96F000000000003F90
:1045F0007F00080B0A0A7F0A0A0B0800EF60000020
:10460000F0FEFC3888BEAABABEAABE0800000000B0
:10461000007F3F406F2F301E10302F600000F06091
:104620000080F0FE187064345E56747454540000B8
:104630000000007F0000007F151515557F3F00002A
:10464000F360000088E8FE684808FC545454FCFC01
:10465000000000003118037840445B4262221B33A3
:104660000000F460000070FE18305C5050DE5E50B8
:10467000505C00000000007F00007E023E03027ECE
:10468000427E0000F660000078FF1C38207C545702
:104690005454547C00000000003F00202125253F99
:1046A0003F2525250000F960000024A4A4EEB4B441
:1046B000A4A4AEA4A424000000003119017B42464A
:1046C0004A4A62231B600000FA600080F0FE3870E6
:1046D0007C7C545454547C7C00000000007F0040DB
:1046E000464B4A7F7F4A4A4A400000610000F0FE84
:1046F000106044FC4440E0FE00E000000000007F49
:104700000008077F0366380F1F31000001610000B9
:1047100094D4FC76D23038C07EE0B018000000009F
:104720007118037840465B41602019330000066130
:10473000000048E4F60010B4881014F4F4140000EB
:104740000000701B037843454C4862331B30000067
:104750000861000010F0B8B8BCF416DC1818F010AE
:104760000000000060370131754F58516004376018
:10477000000009610080F0FE3070B0B0A8A426A847
:1047800030B000000000007F00007F0A4A7F004F29
:10479000403F00000D610000FCFC54F4D45C303C50
:1047A000EEC8780800000000633B027943474B43A2
:1047B0006109192200000E610080F0FE187038FCBB
:1047C00056545454F40400000000007F0040486D2B
:1047D0002F35353D6D6000000F6100001014D45C72
:1047E000545656545CD49410000000006030077595
:1047F000454D5D4565071B20000015610000F0FE7A
:10480000FE701C54545C5C54541C00000000007F7B
:104810007F000107074545453D0100001A61000082
:1048200000CEDED6D6FEFED6D65EC000000000006A
:10483000301D003C2022262C30120F3800001F6152
:10484000000080FC94545454943EF4C67604000056
:1048500000003711017A424A5B4263331C37000083
:1048600020610080F0FEFE307CFC94949494FC0067
:1048700000000000003F3F203E223E223E22223E1A
:1048800000002361000078FF1C185E52D27E725E29
:10489000525E00000000003F000030180F0222228C
:1048A0003E0000002461000070FE1830A4F4A4AEA5
:1048B000A4F4F42400000000007F00406F20301EAC
:1048C00010302F60000026610000F0FE38705C544C
:1048D000547E54545C4000000000007F00004F21D3
:1048E000311D11212F40000027610000F0FE3870BB
:1048F000F82828FC3A28F8F800000000007F206023
:1049000021310D077F5D4F7900002B610080F0FEA3
:1049100018705454D47E54D4544400000000007FD6
:1049200000203517477F0514362C00003F6100003A
:1049300000FE02FADA5ADE5A5ADA7A020000000061
:104940003F031D003C21272C20300D18000048613A
:1049500000004868D84EA808487CDE4828080000B7
:104960000000321B037A434B5A4372021B32000091
:104970004A61000070FE18E0A8AEFCA8F8AEE8C8D6
:1049800000000000007F0020341C7F047F1C1723E0
:1049900000004C610000F0FE383424EC2E34242E4C
:1049A000242400000000007F0040701F017D0101F1
:1049B0007D6100004E610080F0FEFC7004F4545CE8
:1049C0005654F40400000000007F3F08682F1B0BC2
:1049D0000B1B2F6808005161000070FE18B282FEA8
:1049E0006A6A6AFEFE4200000000007F00653D1911
:1049F0003761271D3D6300005561000004F4F4DEBB
:104A0000D4D4D4D4DEF4F404000000001A2A3E4AC0
:104A1000433E12221E3E0A1A00005D61000000FEA5
:104A20001656FEFED6D6DED6D60200000000100BCB
:104A3000023E22262E2232120E12000062610080F7
:104A400070FE1870DC7CEC6CECEC7CC000000000AC
:104A5000007F0040656D3D35353D6D450000676167
:104A6000000024ACFEACAC80A4ACBEACAC24000016
:104A700000002034057D454D5D456525176000002B
:104A80006861008070FE7060FCA4FC80F4C4FC844B
:104A900000000000007F00101F086E381C0F7E40D1
:104AA000000070610000FC7C6CECEC6C4070D0107D
:104AB000FE1000000000231A017F43495A4064247D
:104AC0001F2000007561000070FE3070F848D8DECD
:104AD000FCD8F84800000000007F40780F7E1616D2
:104AE0003F16563E00007761008070FE1860FC544F
:104AF0005456FC5454E400000000007F00781F313D
:104B000055597F091D3500008B610000F0D470FEFF
:104B1000D0F43038EEC87808000000006318007B3D
:104B200042474E4B6129193200008E61008070FEB1
:104B30003060F88AEEF8C8AE8AF800000000007F06
:104B40000000007E2A2A2A2A7E00000094610000CC
:104B5000F0FE187070FC5650FE50505000000000DF
:104B6000007F0000701735651775053500009D61E1
:104B70000000547C6EEE7C34303CC8E838080000FD
:104B80000000311D077B41495E5361211A36000048
:104B9000A761008070FE3830D45C5CD6545CD4943D
:104BA00000000000007F00405755557F5555575372
:104BB0000000A8610000F4F4B4BCFC30303CCAC86A
:104BC000780800000000331B037B434D5A436131DA
:104BD0001B320000A9610000D4D47C7CD610FCFC00
:104BE000A6A6A4FC00000000231B027A474C4B43FE
:104BF000622A1A330000AC610000F0FEFE30BCBC3B
:104C0000ACECACACBC8000000000007F7F40261FF5
:104C1000497909093F600000B761004078FF1C3006
:104C2000B4BF9C94B4BFBFB400000000003F00209C
:104C30003C0E103F342425210000BE61008070FE30
:104C40003820F8E868680EFECE2C00000000007FD7
:104C50000033097B424E4E630F360200C261008072
:104C6000F0FEFC3054D4DEF4F4DED4D400000000B6
:104C7000007F3F005757567F7F5656570000C86148
:104C8000008070FE70F82EF63CE0A41CA43C0000EE
:104C90000000007F003F053F453F0B097F090000F2
:104CA000CA61000070FE1830FC44F4F6E4D444FC01
:104CB00000000000007F00446725340E1C34256589
:104CC0000000CB610000C8FE6828AAFA3E66C8FE54
:104CD000FEC800000000613B007940474851600B6E
:104CE00013610000D161000012A684D454DEFC548C
:104CF000F45E54D400000000663100376249495325
:104D0000612517630000D2610000F0FE30E828FE44
:104D100028C8FC26BCEC00000000007F00190F7FB3
:104D20000D41271E11270000D4610080F0FE186499
:104D3000F41474767454F4F400000000007F0068EA
:104D40002B1B4B7B0B0B3B280000E661000070FE29
:104D500038203A6A6A7EFE6A6A3A00000000007FE4
:104D600000007D053D3F057D457D0000F5610000AB
:104D700078FF1C38FA6A7F6A6A7F6AFA800000004E
:104D8000003F0000013F2B2B2B2B3F010000FF6158
:104D9000000054949E94D4C4D810CE788818000093
:104DA00000002735253D2731187D454C693B000023
:104DB00006620000F4FC3634FC1450DCDEFCDCD46B
:104DC0000000000063330773435A5B4C4620346B8A
:104DD000000008620000602020207EF0202634BC05
:104DE000F0300000000000602030101F1E3E6341C4
:104DF000407800000A62000000F8080808087FE810
:104E0000088BEE08000000003C0F00203010080F57
:104E10001F31203808000B6200000020303034FEC3
:104E2000909694989080000000000141612121310A
:104E30001F192D66427000000C62000000F888887F
:104E4000888808FF088BEE08000000003C0F000077
:104E50002030180D0F39203800000D62000000F8D6
:104E6000C88808080AFF088BEE08000000003C070D
:104E700000002330180F0F33203800000E620000AE
:104E80008888E8E888880FFF088A6E08000000001C
:104E900020180F010030180F1F31203C00000F6256
:104EA00000003464C4F41C3030FF9013D6100000AE
:104EB0000000180E03070C1010190F1B31380000EA
:104EC0001062000000F84848C8C808FF088AEE08C9
:104ED000000000003C0F08080F31100F0F3B203C72
:104EE000000011620000484C4CFC444440FE404429
:104EF0005C50000000000444467F0222301B1F3635
:104F0000437010001262000088E8E888E88888FF93
:104F1000888BEE0C00000000300F01001F003019DC
:104F20000F3B203C0000156200001E1010FF101007
:104F300012FF1093FE1C000000003F03013F0030F1
:104F4000180F1E33203808001662000010D0505091
:104F5000D0D010FE1016DC180000000020273414FA
:104F6000177720171F77417000001762000030D8B4
:104F70004647CC102020FF90D6D400000000003F10
:104F80002022231800100D1F313C00001862000081
:104F90008080FF8888882020FF3096D400000000A1
:104FA0003F101010103F2010091F333008001A6204
:104FB000000000F80808F8484808FE0ACE4C000037
:104FC00000007E0F1D457F014D211F3E63701000C4
:104FD0001B62000002FAFADADADEDADADADAFA0268
:104FE000000000002222223213161A1B3B26223216
:104FF00000001F620000F4545F5F54F42030FF1083
:1050000096540000000405051F3F050534180F1FC6
:1050100031300C002162000004FF5454FFFF2420B3
:10502000FF30B6DC000000011F1F1D13131D1110FF
:10503000091F333008002262000026EEAAAAAAEE59
:10504000202FFE22A62000000000181F1A0A1A3F77
:1050500028101F1E3338000024620000C2BEF27206
:10506000F6847C10FFB092D4000000003E323E3245
:105070001E1E3E30191F3338000025620000BEFEA0
:10508000AAEAAABEA020FFB0B6D8000000002324E0
:10509000243F14141030191F333808002A6200000E
:1050A00028E8E8BEE8A8A87EF024AC2800000000AC
:1050B000037F2A2A3F2A60201F3E437000002C6293
:1050C00000005A527E427E524A20FFB0B6DC0000F9
:1050D00000003F1F1515153F1030181F333808000A
:1050E0002E620000A69AFE629E9A3E203EFE16DCCC
:1050F000000000002B3A17150A080130180F3B3149
:1051000008003362000096DABE82D69ABE203FFACB
:1051100096DC00000000031F15151F151510080F61
:105120003B30080034620000D4D4D4DED4D4D41E82
:10513000FE16DC10000000004D2D1F0D3F2D4D60B0
:105140003F3E637000003762000000F8F808080A6C
:105150000E080808F80000000000701F010101019E
:1051600001010101030000003D62000000F8282851
:10517000A8AE2C28A8A83800000000003C0F101290
:105180001E1C09087F3F080800003E62000000F86E
:1051900048484848CC484848780000000000780F4C
:1051A0004262221A0F0F1A33236200003F6200008E
:1051B00000F82828282EECA8282838000000000035
:1051C000780F4121390F054545653D0100004062DA
:1051D0000000FCFC1414F600F8FC4444C446000033
:1051E00000003F01010101701F0300007F0000006B
:1051F0004162000000F82828282C2C282828380094
:1052000000000000380F7F09097F09097F49497FA5
:1052100000004362000000F8282828282E282828AB
:10522000380000000000781F007F013D1515155D56
:10523000417F00004762000000F8A8A8A8AEACA813
:10524000A8A8B88000000000780F10125C7F3F1003
:10525000124C7F3F00004862000000FC14D45454FC
:1052600056545454DC0000000000780F007F4B4B74
:105270004F4F4B4B4F6000004962000000F8A8A858
:10528000A8E82C28E8A8B89800000000780F1014AF
:10529000147F00007F14141400004B620000001201
:1052A000121212FEFE131111111000000000010174
:1052B0000121213F1F010101010100004C6200009A
:1052C0001010FEFE101000000000000000000000A2
:1052D00002427F3F010100000000000000004D621B
:1052E000000008080808886838FF08080808000057
:1052F0000000080C06030120203F00000000000011
:105300004E6200001010FE909000FCFE00000000B5
:105310000000000043437F0101001F3F2020203890
:105320000000516200000888FF88C80800FF306054
:10533000C0800000000021213F000000003F00006D
:10534000000100005262000008FEFF8808C0FE0055
:1053500000FE800000000001213F1F00380F000008
:1053600000010F380000536200001010FE101004FE
:10537000040404FC04040400000042437F01010013
:105380004040407F000000005462000008FFFF889A
:1053900002E2FE02627E40C000000000213F1F20AA
:1053A000180F000020203C0F00005862000010FE83
:1053B000FE1000088CFCFC84868000000000427F08
:1053C0003F010101013F7F40407000005B6200002F
:1053D0002020FE2020080808F80808080000000027
:1053E00046667F03212020203F20202000006362AA
:1053F00000001010FE1010FC04040404FCFC00006B
:10540000000042437F01017F101010103F3F000059
:105410006662000008FFFF8800424242FE424340AD
:1054200000000000213F1F00000000003F000000BE
:1054300000006762000008FFFF8848C8FF0808F8FE
:10544000F80000000000213F1F20180E0301020F8A
:105450003F3800006962000008FFFF8800FC040478
:105460000704040400000000213F1F201C07000067
:105470000000000000006A62000010FE1000F00C46
:105480000804040404FC00000000437F01007F00C6
:1054900000000040407F00006B6200002020FE20E2
:1054A000208888888888F8F80000000043437F013E
:1054B0000020202020203F7F00006C62000008FFB9
:1054C000FE882232F26A2EE622E000000000213F30
:1054D0001F002633190C2320381F00006D620000C6
:1054E00010FEFC10008484FC8484FC1C000000007E
:1054F000427F3F0120203F2120203F2000006E629C
:1055000000000888FF8860784EC04047DC700000CB
:10551000000021213F0030180F0120301F00000043
:105520006F62000010FEFE9000F00000FE40404060
:1055300000000000437F3F21203F20203F2020200B
:1055400020007062000010FEFE102020E0FEA0246B
:105550002C2000000002427F3F01301807003F204E
:10556000203800007362000008FF9888C0FCE4A4A3
:105570002626E22200000000213F01301F21301BBF
:105580000E1F112000007662000008FFFF8880884F
:105590008888FF88888800000000213F1F002010B5
:1055A0000C07030E183000007962000010FCFE109A
:1055B00010FE4040FEE0602000000000427F3F01FE
:1055C000213F10103F30203800007C62000088FF2F
:1055D000FE8800FE02F2121212F200000000213FCB
:1055E0001F201E03003F2021213900007E620000A1
:1055F0000888FF88081017FF1092DC1800000000D0
:1056000021213F001010180F0F1B303808007F6257
:1056100000002020E46444E4F45C6CE4C02000005A
:105620000000300E0348497F3F0909030E180000AF
:105630008062000008FFFF8848C8487E7F48C8484D
:1056400000000000213F1F002030130E0C133120FA
:105650000000846200001010FE1010F01000FE0028
:1056600018E00000000242633F014160203013084F
:1056700006000000896200001010FE10101010FEDD
:105680001010F0000000000243633F0161311D076C
:105690000F19316101008A62000010FEFC1000FC4D
:1056A0000404FC0404FC00000000427F3F01013FB1
:1056B00021212121213B00009162000010FF9090E8
:1056C000FC0602FEFC0404FC00000000213F000078
:1056D0000706023F3F04040700009262000008FF33
:1056E000FE8840424A4ADA7E46C200000000213F5E
:1056F0001F00000020203F00030100009362000013
:1057000010FE9010F8FC04FC0404FC0000000000F3
:10571000427F03613F00007F00000F780000956228
:10572000000008FEFF88A0BC8E8282BEA020000080
:105730000000213F1F202033161C1C1631200000C2
:10574000966200000888FF880020664400FFFE0083
:105750000000000021311F0004060602023F3F0343
:1057600000009762000088FEFFC80808E82B2EE8BA
:10577000080808000001213F1F00301E0700001F1D
:1057800030301800986200001010FE1010FC4C44DD
:1057900044C446404000000042437F01613F000096
:1057A000007F000000009A62000010FE90904044CC
:1057B00044FCC444444440000000437F01213018AD
:1057C00007013F20203010009B62000088FF8810F6
:1057D000F07FF0F008FF08F800000000203F0038DC
:1057E0000F001F3F2725243F00009F62000088FF15
:1057F000FE8824A4FCBFA4A4A42400000000213F30
:105800001F0000040C081C3301000000A06200000F
:1058100010FCFE1000FC1464C4C43404000000003A
:10582000427F3F01013F282C232326202000A16234
:10583000000010FEB09060F0980E0E98B06000006E
:105840000002427F0301001F3F2223212038000075
:10585000A26200001030FE9060F0D84E46D8F06092
:105860000000000043633F01001F3F24242723382A
:105870000000A46200000888FF8800F888888B88F0
:1058800088F80000000021213F00380F00000000D0
:1058900000010000A56200000888FF8880FEC2C2E7
:1058A0005252DEC60000000021213F00003F20339D
:1058B0001E0C13300000A862000008FFC88882BADE
:1058C00082FEFE82BA8A00000001213F0100000032
:1058D000003F3F0000000000AB62000008FFFE88B0
:1058E000FCFCC4447F44C45C00000001213F1F3025
:1058F0001F20311E0C1E31200000AC62000008FF8A
:10590000888860782E23202C387000000000213F0A
:105910000100003F111111113F000000B1620000B1
:1059200010FEFE1070DC4E48C80808F800000002A7
:10593000427F3F01007F424243484E771000B562EC
:10594000000008FFFF8800FC4642FEC24340000002
:105950000000213F1F00203F1008380F30300800A2
:10596000B962000088FEFFC8484848C8FFC84848D8
:1059700000000001213F1F00180C03013F0306082F
:105980000000BB62000010FEFE1010F09090FE9030
:1059900090F000000000427F3F01010F04047F04EB
:1059A000040F0000BC62000010FEFE1000FC242466
:1059B000FC2424FC00000000427F3F01000702029B
:1059C0007F0202070000BD62000010FEFE10E0E052
:1059D0002020FE2020E000000002427F3F013F7FA8
:1059E00022223F22227F0000BF62000088FFFE8843
:1059F00008FE9292F2929E9E00000000213F1F003E
:105A0000303F3010071C30380000C262000010FE2A
:105A10009010C848FE48FEFE487800000000427F13
:105A20000141633A0F027F7F121E0000C462000032
:105A300010FEFE9010101010FE101010000000005C
:105A4000437F3F01202121213F2121210000C56208
:105A500000001010FE1010FC44444444FC00000000
:105A6000000043633F012027242424242720000032
:105A7000C662000008FFFF8800FE262222E32120E4
:105A800000000000213F1F00380F0001033F060403
:105A90000000C762000010FE101080FC8494A484F3
:105AA000FCFC80000002427F03010C0F080B4E48F3
:105AB0007F080000C86200001010FE10000000FE09
:105AC000FE1010100000000243633F01007F2121FF
:105AD0002121217F0000C962000010FEFE1010107D
:105AE000D0161C10D01000000000427F3F01202083
:105AF0002F28203F23202000CA62000008FFC8C8CA
:105B000070FC0F488808FF0800000001213F0100D9
:105B1000003F000023203F000000CC62000010FE88
:105B2000FE10005C5040FE405C4400000000437FDB
:105B30003F01020202027F0202020200CD62000067
:105B400010FEFE9000F0101C1E1010F0000000006F
:105B5000437F3F01007F21212121217F0000CE6270
:105B6000000008FF88A830988CB3A68C9030000005
:105B70000000213F000000000C183C230100000041
:105B8000D062000010FCFE10007C44C4C4447C7C45
:105B900000000000427F3F014222321F0342623E6A
:105BA0000000D262000010FCFE9080FC242424241B
:105BB000E40400000000437F3F01003F2222222234
:105BC00023200000D36200001010FE900484F49C97
:105BD000848484840000000043633F0107037F2026
:105BE0002020207F0000D46200001010FE10101052
:105BF000FE9090969C180000000042437F41301EAA
:105C00004326383C27400000D662000808FFC888B9
:105C100018EE87C4FC64E4E400000001213F0100A9
:105C2000011F30202F2427330000D762000008FF17
:105C300088C078C6700808FF08F800000000213FFF
:105C400001080E0D0E3C1E23301F0000D86200001C
:105C500088FFC8C830FE2F28E80808F800000000B8
:105C6000213F00000007020223203C0F0000D96200
:105C7000000010FEB090007C4040FE4040780000E4
:105C80000000427F03013E3E20203F20207E000096
:105C9000DA62000008FF88889098FE9B98FC9C9828
:105CA00000000000213F0100301C0700003F000001
:105CB0000000DB62000010FE101084C4741C848499
:105CC000E47C00000000427F0301007E22222222A9
:105CD000227E0000DC6200004C4CFC44460424247C
:105CE000FCFC242400000000623E0F0202080909A7
:105CF0007F3F09090800DF62000010FE101000FC61
:105D000008384000FC0000000002427F0301181F19
:105D10000C64380F0F382000E262000008FF88880A
:105D20001010FF10F012945000000001213F0130CC
:105D3000180F11183F2721300000E362000088FF90
:105D4000C8C894F49E97F484848400000000213F26
:105D50000000180E20203F00061C0000E562000035
:105D600010FE1010FCFC4444FC4444FC0000000203
:105D7000427F03613F0302027F42427F0000E662EE
:105D8000000010FEFE1020243C20203C26200000B5
:105D90000000427F3F0320222222222222200000F4
:105DA000E762000010FCFE1000B888888E8888B872
:105DB00000000000427F3F01000040407F000000E3
:105DC0000000E862000008FFC888181EF07E5350EB
:105DD000D65400000000213F090C0623111B0E1FA2
:105DE00011200000E962000008FFFF884262263AA5
:105DF0009A3A664200000000213F1F000405050595
:105E00003F0505040000EC62000010FEFC10404C51
:105E10004C4CFC44464040000000437F3F01007E64
:105E200022222322227E0000ED62000008FFFF886C
:105E30008888888888FF090E00000000213F1F0025
:105E400010101F18080F38380800EE62000010FE0E
:105E5000FE1008888888FE88888800000000427F3D
:105E60003F01007E222222227E3E0000EF620000DF
:105E700010FEFC104044C444F49CCC6400000000BC
:105E8000427F3F014C4751504F41464C0000F16268
:105E9000000008FFC8880808FF0808FFFE08000087
:105EA0000001213F010031190501010519310100EF
:105EB000F36200004050D4D8705C5650D8D45040A3
:105EC00000000000020B0D4D4D7F3F0D0C0D0B022D
:105ED0000200F462000010FEFE10607058CECE5832
:105EE000706000000000467F3F012024243F3F24D3
:105EF00024200000F66200008888FF48081EA2CC1B
:105F0000B6A09CB30000000021211F0022233116FF
:105F10001C0C06010000F762000008FF988820A40E
:105F2000A4FFE4BCACA220000000213F010101015C
:105F3000032222221E000000FC62000008FF888865
:105F40008888FE8888FC8B8800000000213F0100C3
:105F500030180F00003F00000000FD62000010FE3E
:105F60001010F84848FEC848F8F800000000427FCA
:105F70000101636121311F3945611000FE6200009B
:105F800010FCFE104060784C4E587060000000001D
:105F9000427F3F01007E222222227E000000FF621B
:105FA00000001018E8B8B4B6B6B4B8E8181000008D
:105FB000000010171755557F3F15151514100000D8
:105FC0000163000010FE1010404848487EC8C848D1
:105FD00000000000427F030102021A12427F3F02CA
:105FE00000000263000010FEFE10404848487E4852
:105FF000484800000000427F3F01242424243F241D
:10600000242420000763000010FCFE10007E484896
:10601000484C447000000000437F3F01007F292965
:106020002929297F0000086300005454FE54544479
:10603000C43C8CC4643C00000000080D0D4D4D7F35
:106040003F0C0C0C0C0800000963000010FEFE1051
:10605000B888C8FA8E8888B800000000467F3F01E3
:1060600040662F38183E236000000E63000010FECB
:1060700090104868784E4858684800000002427FF7
:10608000030101090F49494979010000116300002A
:1060900008FFC8880C18FF00FFFE980C00000001E4
:1060A000213F0022331D07001F3F213B08001663DC
:1060B000000020FEA02098C8480E0C284898000038
:1060C0000000437F010100392D25232321380000E2
:1060D0001A63000028A8FE282888687E4808F880EF
:1060E0000000000010161656567E3F1715151410A6
:1060F00000001B63000044641404FC0606FC849446
:1061000024440000000010141555557F3F15141449
:10611000141000001D63000088FFC84846CC0068CA
:10612000C808FF0800000000213F0010180F0810E9
:106130001414171010001E63000088FF888826ECD6
:106140001010D0FF901000000000213F0000301F11
:1061500010262320232E00001F63000008FFFE8866
:10616000043464C4FF04740400000000213F1F00D5
:1061700021111907030D193100002063000088FF69
:10618000C8480464273E34744E6000000000213F7C
:10619000000021110F01013F2131000021630000A7
:1061A00010FEFE1080BCA080FE80B88C00000000B5
:1061B000427F3F01202424242424247F00002263E2
:1061C000000008FFC88892D2721E1273D19000009E
:1061D0000000213F0000311C0700003F00010000CB
:1061E0002363000008FF8898989E93F29A9EF0F02F
:1061F00000000000213F01000222223F02020703AB
:1062000000002463000020FE20200818B8CECCB87F
:10621000980800000000467F030161391E00007EDF
:10622000010100002563000010FE10103CA4F434AE
:10623000A424241C00000000427F03090A0B0A0A60
:106240007F0A0A0A00002863000008FF8888C87CCB
:106250004AC9484E4C5800000001213F0122321229
:106260001A070E1A322200002A63000010FE1004E2
:1062700024FC24FCFCFCE41C00000000427F0162C2
:106280001F43623F7F7F101F00002B63000010FE42
:106290009090C078C0FEC0E07CC000000000427F4B
:1062A00003212524243F2524242420002F630000DB
:1062B00008FFFE8800FE4ACA4ACA4A4A0000000097
:1062C000213F1F003F07303F10170F1100003263BE
:1062D00000008852241098C4407E20B40C1800009E
:1062E000000010141555557F3F15151514100000AA
:1062F0003963000010FE9090809C949494949C804C
:1063000000000000427F03013F7F44474744447739
:1063100000003A63000008FF8808323EE62022FEB3
:10632000222200000000213F0020371E11342427C4
:10633000242400003D63000008FF8888F81C13F245
:10634000FA1610F000000000213F012021111D0766
:106350003F21213110004263000010FE9090849490
:10636000F49C9494F48400000002437F0301007CB9
:10637000242424247C0000004363000010FE10103D
:106380009494F4BC9494FC1000000000437F01013D
:10639000047F3F2222223E7E00004563000010FE63
:1063A0009010C44454F4F47C4CC000000002427FBE
:1063B00003017F09097F7F49497F00004663000090
:1063C00010FE9010FC2424E4F4A424FC000000003F
:1063D000427F01017F2623212F21227F0000496374
:1063E000000008FF888800BE2222E2223E3E000014
:1063F0000001213F01201C0F18303F212121000006
:106400004B63000010FEFC90047404143486F61AEA
:1064100000000000427F3F01010D1941417F3F0113
:1064200000004C63000010FE90007CC4447C00F827
:1064300000FE00000000417F01403947413F004F0E
:10644000407F00004D63000008FEFF8800BEAAAA3E
:10645000AAAAAABE00000000213F1F0004040404F1
:106460003F04040400004E63000008FFFF8800F6AC
:106470009C909F9094F200000000213F1F00003F7D
:1064800004040424243F00004F63000010FCFE10AD
:1064900000FC9494949494FC00000000427F3F011F
:1064A000202424243E2424242000506300001010C3
:1064B000FE1010BCA4A4A4A4BCBC00000000424375
:1064C0007F01017F0A0A0A4A4A7F000055630000E3
:1064D00010FEFE10C8C84858FE4A4ECC000000020C
:1064E000437F3F013F7F09097F49497F00005E6389
:1064F000000010FE1010C8485E48485E48C8000002
:106500000000427F010142221A0F42427E02000037
:106510005F63000008FFFEC880EE2A2A2A2AEEE008
:1065200000000001213F1F002037180F031813231C
:1065300000006163000010FE1050607058464C5817
:10654000306000000002427F0301202E2023263805
:10655000272100006263000088FFC88818FC13F23E
:10656000FA1EF20000000000213F002031190D0743
:10657000070D113100006363000010FEFC1000FCE9
:10658000143624447C0000000002427F1F011C11CD
:106590001D11117D613F00006763000010FE1010A7
:1065A0008494F49E9494949400000000427F01012E
:1065B0000A0B0A7E7E0A0B0A00006963000008FFCE
:1065C0009888FCFC2425E624E4BC00000000213F60
:1065D00001300F213119070F193100006D630000E0
:1065E00010FEFE10F8F828FEFA2828F80000000037
:1065F000427F3F09090D0F0B097F090900006E63F7
:10660000000010FE9010FCFCA4A4E4A4A4BC0000B4
:106610000002437F01613F057C242724247C000085
:106620007163000088FEFFC8FE4252527A525252F5
:1066300000000000213F1F301F1012121F12121203
:1066400010007663000010FE101020E42424FC24C7
:10665000E62000000000427F0301252725253F2575
:10666000272500007763000008FFC8C8222A2AFFF8
:10667000FF2AFAFA20000001213F01301C0F113FD0
:106680003F25252500007A63000008FF88886434D0
:106690005C47445C346400000001213F0100190D97
:1066A000213F1F010D1900007B63000010FE101038
:1066B00020B098B6E698903000000000427F032199
:1066C00038007C464C63093800008063000008FFF6
:1066D0008888FE12F3303EF7443C00000000213F62
:1066E000003E03003F201C070E30000082630000C4
:1066F00010FE9090F808080AFC484848080000007E
:10670000417F21701F3E7E222322227E000087636C
:10671000000010FE1010D4743C0454743C4C000073
:106720000000427F036135191F63273D3D6700006C
:106730008863001010FE9010C474445C54467AC8FC
:1067400000000000437F010140632F39392D634071
:1067500000008963000008FFFE88F050505F5F5220
:10676000F2F200000000213F1F040505053F3F0530
:10677000050500008A63000010FE10108888E88A72
:106780008EE8B88800000000437F0101007E2222CD
:1067900022227E0000008C6300003808EEA8A8AE1C
:1067A000ACA8A8EE08380000000010151555557F5C
:1067B0003F151515141000008E63000020FEA02068
:1067C00080C8C8B8BEA8C8C800000002437F010145
:1067D000003E12125E407F0000008F63000010FE3A
:1067E0009030B86E68C8484808F800000000437F41
:1067F00001001D11111F515D603F000090630000FA
:1068000020FEFCA060B09C4E88B89880000000027A
:10681000437F3F013F7F24242424247F0000926390
:10682000000008FFFF88084848FF00FF48480000B4
:106830000000213F1F000202023F003F0202000051
:106840009663000008FF8884C4FC04E77CA4A4E4E9
:1068500000000000213F0001013F21311F0E1B30CD
:1068600000009863000010FE1010FC24A424E4240F
:1068700024BC00000002427F03711F383B223F22EC
:10688000227B0000A063000008FFC88804F49497EE
:106890009694F40400000000213F0100180E20200F
:1068A0003F0006180000A263000010FE90905C6498
:1068B00034848414645C00000000437F012031199B
:1068C0000F7F7F0F19310000A3630000FC3634FEF8
:1068D00034F450003C80FC7C00000000101416577B
:1068E000567E3F17151514100000A563000010FE1A
:1068F0001010444474C64474544400000002427FA3
:106900000301424E7F33323E66420200A76300001D
:1069100020FE202098C8682A0C28C8980000000093
:10692000467F03012022223E3E2222222000A8632D
:10693000000008FFFEE830FE4B48FB4E48480000D0
:106940000000213F1F00003F12121F121212000010
:10695000A963000010FE1010C8E858EEE858E8C817
:1069600000000000427F0301001F0A3F7F4A4F6082
:106970000000AA63000010FEFE1048487E48487ED2
:106980007C4800000000437F3F01007F292929291E
:106990003F3F0000AC63000010FE903030CE0AE8AC
:1069A000886808F800000000427F0301110D073FCE
:1069B0000549613F0000AD63000010FE103024A4C3
:1069C000E43C2464A42400000002427F03031B4D26
:1069D000407F0C18071B0000AE63000088FFC8084A
:1069E000FC14D457565454DC00000000213F101C06
:1069F0000F003F050525251F0000B063000024FCA3
:106A00002660FC40CCF02424FE2200000000721F0F
:106A100002321F203F0242623F020000B3630000C7
:106A200088FFC808F828287F6A6A4A5800000000D2
:106A3000213F003C0722321E03223E1E0000B463A9
:106A4000000010FE9010FC0494F4949404FC0000E8
:106A50000000437F01017F2424272526247F000096
:106A6000B763000010FE10101CF01C14FCFCE4BC0A
:106A700000000000437F016119070D393F7F080FB7
:106A80000000B863000010FE101000F09C90F09C15
:106A900096F000000002427F0301080B0A0A7F0AF9
:106AA0000A0B0000BA63000010FE100050D8FC76FC
:106AB00040CC485000000000427F030347556A2B3A
:106AC0002D1419030000BC63000088FFC84CDC5F74
:106AD000555D5755DF8700000000213F002027301B
:106AE000100F081817370000BE63000010FE1010CA
:106AF000405CD6D454745C4000000002427F012107
:106B00002D15534B3E021F310000C463000010FEE0
:106B10001010B0B8ACA626A830F000000002427FEA
:106B200001017F0A4A7F004F403F0000C66300001A
:106B300008FF8888627A5EC6C25E7A68000000003C
:106B4000233F010022121A0F070A12220000C96314
:106B5000000010FE101020A4EC74F42CA4600000BF
:106B60000002427F030125341C7F7F1C3424000077
:106B7000CD63000020FEFC2088A8E8FCACA8A8A8F3
:106B800000000000427F3F01466B3B1E1A2B2B4644
:106B90000000CE63000010FEFC1018A8A8AEACA840
:106BA000A81800000000427F3F01202F2A2A2A2A2D
:106BB0002F200000CF63000010FE10100888BE8850
:106BC00088BEBE8800000002427F0301007F2424AB
:106BD0003F24247F0000D063000008FF888880BE27
:106BE000AAAAAAAABE8000000000213F01201C0F13
:106BF000183F3F2222200000D263000010FE101038
:106C000020A4A424FCA6A2A000000000427F03014F
:106C10003F3F24243F24247F0000D663000010FC63
:106C2000FE1040DCD4545454DC5C00000000427F71
:106C30003F01101F1F1515157F100000DE630000B7
:106C400010FEFE90484878484C6858480000000004
:106C5000437F3F01007F292929297F3E0000E0630F
:106C6000000010FE1010FE02FAAAAAAAFA02000002
:106C70000000427F01013F31313F2D2D3B210000BB
:106C8000E163000008FF8888FE2AAA6A2A2AAA2E41
:106C900000000001213F00382F2525253F2525250F
:106CA0000000E363000010FE90905C5050DE5E50E8
:106CB000505C00000002427F03017E023E03027E20
:106CC000427E0000E963000010FE1010C0FEC8C83C
:106CD000FE9888C400000000427F0301007E2A2B3A
:106CE0002A2A3E3E0000EA63000010FE104044FCE9
:106CF0004440E0FE00E000000002427F0119077FEF
:106D00000362380F1F310000ED63000010FEFE101B
:106D100000FC545454547C7C00000000427F3F012E
:106D2000061D19151759413F0000F263000088FF46
:106D3000C8C8047E44DF54545E4400000000213F74
:106D40000120121A0E3F060E12320000F4630000FA
:106D500010FE1010A4BCE4BCA4B6BEA0000000004D
:106D6000427F2361305E673A323A66600000F66324
:106D7000000010FE1004FC24FC04FC04649C0000D1
:106D80000000437F01180F097F0C7F08080F0000E7
:106D9000F863000010FEFC9048A8B8FEFE98A848D2
:106DA00000000000427F3F01202F2A2A2A2A2F209C
:106DB0000000FD63000010FE1010BC80FE908E9657
:106DC000A40400000000427F01404F6F301E70405D
:106DD0004F602000FF63000010FE90305CC84860E8
:106DE0003CD0107000000000427F0101013F1160A3
:106DF0001C071E7000000064000008FFC888083CE3
:106E0000EB6AFA2E283800000000213F010001093A
:106E10001A161525210100000164000010FE909053
:106E2000F66CB4D4F43404FC00000000417F01008F
:106E30007F031F12123F417F00000264000010FE1A
:106E40001010905C70FEFE785C9000000000427FA5
:106E50000101424A7E33323E664200000564000072
:106E600008FF88983AEE28AF282CEF1800000000A1
:106E7000213F01202017180F3C20273000000B6411
:106E8000000008FF8888FE02F252FE5B59F80000FD
:106E90000000213F003C073C231C02033F2100006F
:106EA0000C64000008FEFE8880FE4AFA4A4AFA4E48
:106EB00000000000213F1F301F013F31111F1D370F
:106EC00000000F64000010FE9090E4F454FEFE54A5
:106ED00056F400000002427F03090B1B29094B7D79
:106EE000090B00001064000010FE1010A4B4FCECAC
:106EF000A6B4D48400000000427F03017F3E2A2A0A
:106F00003E2A2A7F00001364000010FE1010484A39
:106F1000CEF8484E4A4800000000427F0111292760
:106F200027253D25252500001464000010FEFC9057
:106F3000C44C74EC745C4CC000000002427F3F0102
:106F40002F29293F29293F6700001B64000010FEFC
:106F50009080A8AEFCA8F8AEE8C800000000437F0F
:106F60000120341C7F047F1C172300001C640000D8
:106F700088FFC8887C7E52FFFF52527E00000000CE
:106F8000213F002021231519191D272100001E640F
:106F9000000010FE10100474545654547404000081
:106FA0000000427F03017F011D15151D417F000078
:106FB0002064000010FE1010DCF01CD610FC24FC35
:106FC00000000000437F0121330F02673E03427F30
:106FD00000002164000010FCFC90C0D4DC5CDCDC10
:106FE000D44000000000437F3F6127351D7E1F1DF8
:106FF000356700002664000010FE1080E4A4BC8405
:10700000E4A4A4BC00000000427F01101E487F11D0
:10701000124C683F00002A64000010FE1010F8882F
:10702000A8AEFCA8E8E800000000427F03611F0052
:107030007A2A2F2A3B3900002C64000008FF08FC44
:10704000FCB7FCA0BE829EA000000002233F013FCF
:1070500003263F20331C1F2100002D64000020FE6A
:10706000A02008BCFE6848BE880800000000427FDF
:107070000301017D252525257D01000034640000E4
:107080008C94D4F4F4D6D6F4FCD4948C0000000094
:107090000C161B1B5A7E3E1A191B160400003A647C
:1070A000000010FE103038FE5858FE5858080000F6
:1070B0000000427F014164351D050D4D4939000036
:1070C0003D64000020FE202008BCFC68689E880803
:1070D00000000000427F0101331A427F020A1B2197
:1070E00000003F64000024FC2622584E4C1024244B
:1070F000FE2200000000721F02023F11113F426297
:107100003F0200004164000010FE9010FC14D47493
:1071100054D4FCFC00000000427F01310D1D3D21D4
:107120002D31151900004464000010FE909084FC7D
:10713000B4B4B4B4FC8400000000437F01422A1AB6
:107140003E622E3A3F6600004564000010FE9090BB
:10715000F05050FE545414B400000002437F0170FC
:107160001F3808794D49393900004664000008FF8E
:1071700088889E929EDED29E929E00000000213F53
:107180000100223A3E3333121A32000047640000F5
:1071900010FE9010847444DCD4467E480000000049
:1071A000427F03013A22223F3F22227A00004864B4
:1071B000000090FFD0D00CF45457D6D45C5C000093
:1071C0000001213F000434170C04070F14340000A1
:1071D0004A64000010FE904888F860F89E90FC9089
:1071E00000000000437F01100F07087F24243F2484
:1071F00000005264000010FE1010FC2424E424243B
:10720000E43C00000000427F03711F09691F090967
:107210007F0900005464000010FE101034A464DEE6
:107220006424E43400000000427F030909080B7F56
:107230000B0B080900005864000010FE9010E4A435
:10724000BCE6E4BCACE400000002427F03017F0026
:107250001C17175C407F00005E64000008FF8888F0
:107260001EBEEAAABE6A2A3E00000000213F0100BD
:10727000121A23233E020B1600006764000010FE62
:1072800010109CFC9090FE90909C00000000427FAB
:107290000303037F2A2A3F2A2A2A00006964000088
:1072A000FCFC5474FC34565474FC3454000000004C
:1072B0003F03101555557F3F1515141400006D64DC
:1072C000000010FE9010F84848F84E48F8480000BA
:1072D0000000427F01711F30083B023A0B3800006A
:1072E0007864000088FFC8C8F2FAAFAAAAAFFA0211
:1072F00000000000213F002024341C0F0C1C34240B
:107300000000796400000474F4BEB4B4B4B4BEF4F4
:107310007404000000000D151B1B597F3F1B1B1B35
:10732000150D00007A64000010FE10104C7424FC4F
:10733000445424FC00000000427F03013E7E2A2BBF
:107340002A2A7E3E00008264000010FE90103EAAB1
:10735000EABEBEAAAA3E00000000427F0301057DEE
:107360002F2B2A2F7D0400008464000808FF8888E2
:10737000FE7E42BEBE7242BE00000001213F0100FF
:10738000222E3F1B1A1E362200008564000010FECC
:107390001010FCD4C474D4F4C4C400000000427FB4
:1073A000013907673F0467390F3100008764000027
:1073B00010FE10E4B8FE30ECE0FE10F0000000001B
:1073C000427F037F077F477F60331F600000916427
:1073D000000010FEB090386C686C6C686C3800006F
:1073E0000002437F01010D0D4D7F3F0D0D0C00008C
:1073F0009264000010FE10A8BCA8BCA8F89E90F0F3
:1074000000000000437F01017F0A4A7F601F1F6068
:1074100000009564000008FF8804FFA4FF04FE221A
:10742000E32100000000213F00321B021B321F003D
:107430003F0000009664000010FE1010F4949CF4CD
:10744000F0FE10F010000000437F01101F121A7FA1
:1074500060331F2100009964000010FE1010E8A89E
:107460007E28386C6AE800000000427F03010B1B95
:107470002B4B4B7F0B0B00009E64000010FE101086
:1074800094DC5CD6D45CD49400000000437F0140BF
:107490004B4F4D7F7F4D4F4B0000A464000020FEFA
:1074A0002048F8DEE8C8F8FE90F010000000427FA7
:1074B00001017F0A7F7F603F1F600000A964000018
:1074C00010FE1010D4F47C4E4C74E4D40000000282
:1074D000427F01412017457D3D0517200000AC6427
:1074E000000010FE1000742C7CFCAABA98D000009A
:1074F0000000427F01167E7F3538167F55542000EC
:10750000AD64000010FEB01024BCE4FCFCF4BE200E
:1075100000000002437F0101017E2A3E3E2A3F3FD8
:107520000000AE64000010FE109080BCACACACACAF
:10753000BC8000000000427F01213F36167F623E82
:107540003A260000B064000008FF8888BEA6E6B6B0
:107550009EEAAABE00000001213F012424141F045A
:10756000041F14240000B564000010FE1010D4BCE9
:10757000FCD4D4B4BEF400000000427F0101101717
:1075800015147E1414140000B764000010FE904817
:10759000487E4844F49C14F400000000417F013E02
:1075A00012121E40271F10270000B864000008FFB9
:1075B0008888FCDEDBFAFEDED8F800000000213F00
:1075C0000000003E2A2A2A2A3E000000BA64000079
:1075D00010FE1010FCD454E6C454D4BC00000000CB
:1075E000427F03011C15157F3F15151C0000BC646C
:1075F000000010FE1010F8E868E80EFECE2C000027
:107600000000427F0333017B424F4A630F36020082
:10761000C064000010FE10E8A8BEE86870DCCE7000
:1076200000000000437F010B0A7E0B0A027F7F02ED
:107630000000C264000010FE10103AAAAAFEAAAA16
:10764000AA3A00000002437F01017E2A2A3E2A2A2C
:107650002A7E0000C564000010FE1014F414747635
:10766000747414F400000000427F01415D5F5B5BB5
:107670005B5B5F410000CD64000010FE1010C05C39
:1076800054D4D45C5CC000000000427F0121253549
:107690001D7F7F1D35250000CE640000347E7CFCFC
:1076A0009E7CD05C78685888000000001015151585
:1076B000557F3F15151514100000D064000010FE12
:1076C00090105CD4D4D4D4DCD45C00000000437FA0
:1076D0000110187B3E26261A3B240000D2640010BD
:1076E00010FE1010D81894DEF49CD8180000000288
:1076F000427F01017D051D17155D457C0000D764A3
:10770000000010FE1010FC243C08B88ECCB800001D
:107710000000437F011F7F21211E047F7F040000A2
:10772000D8640000FCFCB4B4FC10545CF6F45C5467
:107730000000000010161656567E3E161515141041
:107740000000DE64000010FE10D478FE38D4F89EED
:10775000D07000000000437F014E2F1B3E62201FAF
:107760001F600000E264000010FE101024BC343CD6
:10777000E43C143C00000000437F0105067F2D2DF2
:107780003F2D2D210000E464000088FFC888C0FE62
:10779000E6E7E6E6FEDE00000000213F0024273693
:1077A0001E07073E06070000E664000010FE1010EA
:1077B000ECF4D43634F4F41C00000000427F0100E5
:1077C000361D457D3D053523000000650000683805
:1077D0007E28C86C7C4838FE3868000000000D1513
:1077E0001B1B5B7F3F1B191B150D0000096500006B
:1077F00010FE909038EA6A6AFE6A6A7A0000000019
:10780000437F01043E7F35353F3535350000126535
:10781000000008FF888CBB8FBAAAEB9AFFCA000051
:107820000001213F01002737101E021037270000FA
:107830001865000010FE9010B4B4F4B6B4D4D4F4BB
:1078400000000000437F0110157D7F250D17356D69
:1078500000002565000010FE9018FCEEECECEEEE4A
:10786000FCF400000000437F010446365F5F361AD7
:107870003E4600002B65000010FE1010BEEAFEFC24
:10788000FCFAEA7E00000000427F0141495F2C2C97
:107890002F3D5C4400002E65000010FE1064ECBC1F
:1078A000FC3EFCBCFC6400000000437F01281B7B05
:1078B0005F2B1B3F3B6900002F650000088888880C
:1078C00088FEFE8888888808000000006060212605
:1078D0003C18183C2623606000003465000000401E
:1078E000C0C0407E7E4848C80808000000006060B4
:1078F0002033361C183C33216060000035650000E1
:1079000080C070DC16101010D07010100000000045
:10791000616020311B0E0E1B312060600000366557
:107920000000F8F800FCFCC078DE1010F010000039
:1079300000000F0F047F7F6020310E1F31600000B8
:1079400038650080E0F80EF8F8E0FC9E1090F0102A
:1079500000000000007F000F4F60301B0E1F3060E2
:1079600000003965000084848484FC80F0FE1010DF
:10797000F010000000003F301010186120331E1F6F
:10798000316000003B6500000808F808C870FE126E
:107990001090F01000000008080C07046420311F4C
:1079A0000E1B206000003E65000008F84F48C8C864
:1079B00070FF8988F80808000000380F20203F2059
:1079C00030180F0F183000003F650000C40404FC9D
:1079D0008484E0FE1210F010100000003F10101F11
:1079E000184860311E1E316000004565000010100F
:1079F000FE1010D070FE1010F010100000003F11AB
:107A000011111F6130130E1F316000004865000026
:107A1000C8780E0CB848C0F81E10F0300000000006
:107A200020110F0F184061311F1E316000004965A1
:107A300000005C40FE505CC07CDE1090F010100036
:107A400000000C037F030660301B0E1F3060000037
:107A50004C6500002424FC262220E0FC9E10F0103F
:107A6000000000007E2223223E3E60201F1E316067
:107A700000004F6500009CF7B4D494F4E47EEF0856
:107A8000F818000000000F092B2E3E0F28101F0FC2
:107A90001930000051650000509010FE905CD0F845
:107AA0009E10F03000000000084D477F060C60205B
:107AB0001F1E3360000055650000E828FC3C28E8E4
:107AC000C07CCE08F80800000000310D7F3F0D0992
:107AD00060301F0F3160000056650000A4A4FEFE58
:107AE000A4A4E0FC1E10F01000000000201C0724DD
:107AF000341C20301F1E332000005965000024A4D0
:107B0000FEE4B4ACE0FCDE10F030000000000B49F5
:107B10007C3E094C60301F1F336000005B65000035
:107B200060705C4E5830C0F89E10F01000000000ED
:107B3000212E31171C1360301F1E316000005D655F
:107B40000000E62CA0FFA8E6C078EF08F83808008F
:107B500000003F07013F273F3030190F1930000068
:107B60005E650000E62CA0BFA8EEE07CEF08F818E8
:107B7000000000003F000704233F30301D0F193084
:107B800000006265000014F49494FC90D0FC1E1078
:107B9000F01010000000101F121A7F3968201F1EFD
:107BA000316000006365000048FCC8C8FEC8C0FC26
:107BB000DE10F010100000003F7F0A4A6A7F61303B
:107BC0001F1F336000006665000008686A6C686803
:107BD000C8F89E10F010000000001949497F0B0BF7
:107BE00060301F1F316000006B650000BEAAEBAB68
:107BF000AABE607ECB88F80800000000301F032278
:107C00003E0630180F0F183000006C650000C87C6D
:107C10005C485EC8C8FC1E10F010000000000F0F8A
:107C2000094F607F60311F1E3360000070650000E7
:107C3000945C70FE7854D0FCD610F0100000000068
:107C4000622E3B1A3E0660301F0F316000007265E5
:107C5000000004745656746444C07E4848C800004E
:107C600000007F0115155D7F60213E1C376000001C
:107C700074650000B4B4FCFE74B4309CEEE8B8083F
:107C80000000000021223A22223E3F2B2A2A2A23EA
:107C9000000077650000F4B4B4FEB6F6C4E0FE1050
:107CA000D07010000000633A0E4B4A3B0260311E58
:107CB0003F60000087650000101070D010161C1087
:107CC000D070101000000000602030111B0E0E1B41
:107CD0001130206000008B650000C444444C7436B1
:107CE00034744C4444C400000000017D05057D0748
:107CF000057D05457D0100008C650010D096FC30A7
:107D00002024A4A424FE242C20000000301F0F18DF
:107D1000203F3F3F221F78601000906500005454C0
:107D20005454FE0000FE54545454000000004262BB
:107D300022263A13133A2E22624200009165000077
:107D400084FC8414D01EF01084FCFC84000000101D
:107D5000101F0828180F0F20203F3F2000009365B8
:107D60000000D096F010F40CE0E4F4E4A4FC000071
:107D70000000300F0F087F10170D1F5D537F0000AC
:107D80009765000000206044CC080000FE00000061
:107D90000000000004040406060202023F02030180
:107DA0000000996500005CC0FE405C4044881800FB
:107DB000FE00000000000C037F0306040404040618
:107DC0007F0200009B650000F8FF93FA96F00062C6
:107DD000CC00FF00000000003F03023F221F04060A
:107DE00006023F0200009C65002030382CE62C384B
:107DF00050C49810FE0000000000394D613F051D81
:107E0000080C05047F0600009F65000008FEA8A876
:107E1000FEFE08889810FE00000000023E3F2A2265
:107E2000272B220C05047F040000A1650008E8A8A8
:107E3000BEA8E82030588CEE3020000000080B0A65
:107E40007E0A0B08090A087F0C040000A4650000E4
:107E500000FCFC848484848686828280000000008A
:107E6000603F01000000007F000000000000A565E9
:107E7000000000F8FC4C444444C444464040000028
:107E80000000701F00000202067F0C0808000000BE
:107E9000A7650000C0484C6C3A30B0B8EEC4484802
:107EA0000000000040301F050505057C7C0404042B
:107EB0000000A9650000C8F80EE80808F8FC4CC4EA
:107EC000C444000000001909097F0D653F03003F0D
:107ED0007F000000AB65000084FC84840400FC4C3F
:107EE00044C4C64000000000033F101F00780F008C
:107EF000007F7F000000AD650000FC405CFCFC5C86
:107F000040FC4444C642400000001F1613171711DE
:107F1000781F00007F000000AF65000004FF94940C
:107F2000FEFE04FE2222E32120000002321F020294
:107F30001B331E0700003F000000B06500004878BA
:107F4000CECC784840FC4444C640000000001A4AA9
:107F50007F3F0A323E0700007F000000B965000045
:107F6000080808C8F84B4E4848C8C8080000000078
:107F700020100C0700002020203F03000000BC65FB
:107F8000000008F84F48C820305CC78C182000005B
:107F900000003C0F20381F000008181120000000CE
:107FA000BD65000010F09E909070DC0EE8C8C8C857
:107FB00000000000780F40783F027F414F4948673A
:107FC0000000C1650000E828283828AEAC28382811
:107FD00028E8000000004161311F0F094949497933
:107FE00009010000C365000808F94EC8C838FF142D
:107FF0005494F4F4000000001C07203F00311F01DE
:1080000001213F1F0000C465000008F94EC8583C1C
:10801000A7E4F4949484000000003C07203F00058E
:10802000051F3F26223A0000C565000010F09E9013
:108030009070DC4EC8E8282800000000701F4070D7
:108040003F007F20200F3B610000C665000008F85C
:108050000EC8C8B8A7A4F4A4A4A4000000003C075C
:10806000203F0F1F1F003F00101F0000CB650000C6
:1080700008F84E48C818AE27E42424640000000025
:108080003C07203E0F380F183F2121210000CC650E
:10809000000008F94EC8D8DC7744F444444400009A
:1080A00000003C07203F101212121F121212000093
:1080B000CE65000008F88E88A830EEA8A8A8A8E829
:1080C00000000000781F407F017C0F3E4C44467248
:1080D0000000CF65000008F94E48C8186E35E4244A
:1080E000242400000000380F203E0F213119070F13
:1080F00019310000D265000008FE8C88183CEE683B
:1081000038A8A828000000003C4F603F403D0D010A
:108110003D017D410000D665000010F29C9010B832
:10812000AEE87868A8A800000000780F407F013D05
:1081300015151D417F010000D765000010F69C90C9
:10814000303CFEA8A8A8F82800000000780F407F67
:1081500000482F1A0A1A2F480000E065000040422C
:10816000424242FEC2424242424200000000101817
:10817000080403001F101010101C0000E26500002E
:10818000FEFE52527E007A42FA7E42420000000019
:108190001F1F080E0E20180E033F20380000E56553
:1081A000000000FEFE424242424242FEFE0000004B
:1081B0000000003F3F1010101010101F3F00000083
:1081C000E66500000000FE222222222222FE00009C
:1081D00000000000101013121212121212131010CD
:1081E0000000E765000000FC0000FC8484848484B7
:1081F000FC0000000000007F00007F2020202020E5
:108200007F000000E8650000007E48484848484C70
:108210004C44702000000000007F3F2929292929B3
:1082200029297F000000E9650000007E4A4A4ACA09
:10823000CA4A4A4A7E000000000002020202023FCF
:108240003F02020202020000EC6500006038EE27E7
:10825000242424E4040404FC0000000000001F099E
:108260000909092F2020381F0000ED65000010FECD
:108270001010F000FC444444FCFC00000020380FC7
:1082800000003F2027242424273F0000EE65000043
:108290008888C8683C0E080878F880E00000000074
:1082A000017F7E2A2A2A2A2A2A3E7E000000EF65C4
:1082B0000000003E2A2AAA2A2A2A2A3E3E0000005E
:1082C0000000213111190F0101011F3F2038080062
:1082D000F0650000FC8484FC80848484FC848484B5
:1082E000800000001F08080F000000007F00000051
:1082F0000000F165000080BEAAAAAAAAAAAAAABE86
:10830000BE800000000004040404043F3F04040491
:1083100004040000F6650000FE4242FEFE08C88824
:108320000808FF08080000001F04040707000021D8
:1083300020201F000000F7650000FC8484FC00F092
:1083400010101C101010000000001F08080F701FF4
:108350000000000000000000FA650000FC8484FCBE
:1083600004848484FC848484000000001F08080FB7
:10837000202020203F202020200000660000FC84D8
:1083800084FCC0709C90101010F0000000001F08CA
:10839000080F0018084D4546703F000002660000B7
:1083A00000BEAAAAEA2AAAAAAAAABE8000000000C1
:1083B000101F180808083F0000101F0F0000036678
:1083C000000000BEAAAAAAAAAAAAAAAABE80000061
:1083D00000003E0F2030180C070C18103020000051
:1083E0000666000000BE2A2A2A2AAAAA2A2ABE80D5
:1083F00000000000003F313111111F3F23212138BF
:1084000000000A66000000BEBEAAAAAAAAAAAAAADA
:10841000BE00000000002232121A0E07070E1A12C8
:10842000323200000C6600000080BEAAAAAAAAAAE6
:10843000AABE800000000000003F1414141414149D
:1084400014143F0000000E660000FE222222FE00EF
:10845000FE12121212FE0000000007020202331C7C
:1084600003010121213F00000F66000000FCFC9485
:1084700094941C74D69610900000000000017F2A8E
:108480002A2A2A2A2A7F0101000013660000000020
:10849000FECA4A4A4A4A4A7E7E000000000006128E
:1084A000190D0731190F23211F0300001466000066
:1084B0004048487E484848487E48484800000000F8
:1084C00000007F2929292929297F0000000015663D
:1084D0000000FC8484FC00C0FC4444C4464200000C
:1084E00000001F08080F203F0700007F0000000069
:1084F0001966000000BEAAAAAAAAAAAAAABEBE001D
:108500000000000002323A1E161212121E1A320227
:1085100000001D6600003098FE68789880FCFC988A
:1085200090A000000000013D7E2A2A2A2A2A2A3E25
:108530007E0000001F660000007CFC54545454541C
:10854000547C7C000000000024272B2A2A3F3F2A6D
:108550002A2A2A20000020660000FC4444FC00F087
:108560001010FE1010F0000000001F08080F61310D
:10857000190F071D3161010025660000445454D4D1
:10858000745E5454D45454440000000004067F3FE9
:108590002A2A2A2A3F7F0604000027660000FC845E
:1085A00084FC80909090FE909090000000001F0846
:1085B000082F30180E077F071C30000028660000C7
:1085C000FC8484FC40701EF090909090100000009D
:1085D0001F08080F0000007F0404040400002D663B
:1085E0000000FE4242FE4262321E0242623E000033
:1085F00000000F040407003F11111111113F00008A
:108600002F66000080BEAAAAAAAAAAAAAABEBE80F5
:1086100000000000301C0F1C103F3F2222222220AD
:10862000000031660000007C545454D45454545417
:108630007C00000000002222223E222323323E2220
:10864000222200003466000000BEBEAAEA2A2AAA3E
:10865000AAAABE8000000000486F283C1F00007FCF
:1086600000101F0F000035660000FE4242FE00FEB3
:1086700012F21212929E000000000F0404271C0741
:10868000003F23212138000036660000909092F4CC
:10869000F48040FC444444FC00000000380F417F5B
:1086A0003F0708173424246700003C66000080FC64
:1086B000949494949494F4D49C000000000023209B
:1086C0002F2A2A2A2A2A2A2F212100003E6600006A
:1086D000007E7E4ACA4A4ACA4A7E7E0000000010D6
:1086E000101316101F10101F1016131010004166E3
:1086F000000000BEAA2AEA2A2AEA2ABEFE000000DA
:1087000000002C24151E0F00003F23252C300000F4
:1087100043660000003EEA2A2AEAEA2A2AEA7E00A4
:10872000000000002222131F0603033E23232232EF
:1087300000004B660000222EBAA2BEA2A2BEA2BAC0
:10874000AE220000000000003F1414141414143F63
:108750003F0000004C660000FC84FCFCF0F0905CE4
:1087600056D010F0000000001F080F0F7F7F0F048D
:108770000447407F00004F660000C05E565656F624
:10878000765656565EC00000000022222E3E1B1A6E
:108790001A1A16122222000052660000FE4242FE01
:1087A000F2F2927E12FE12F2000000000F040407A3
:1087B0003F3F11101011113F000053660000FE42B0
:1087C00042FE0464273E24744E60000000000F0443
:1087D000040721110F01013F213100005466000000
:1087E000FC8484FC60F84E40FEB8188C0000000049
:1087F0001F08080F040504047F05050500005566E1
:10880000000060AEBEB6F6B6B6B6B6BEAE6000004C
:10881000000008080A0B0A0A3F0A0A0A0A080000B0
:1088200056660000FE22FEFE0ED2BA9AD292928EB8
:10883000000000000F040707040404043F040404BC
:10884000000057660000FC8484FC20B0989EE698E7
:108850009020000000001F08080F007C2424262719
:108860007C0000005A660000FE4242FE18FC17938E
:10887000FA1E10F0000000000F04042730110D074D
:108880001F3F213908005F660000009E969696966D
:10889000F696B6F6DE80000000003C0F12121E3085
:1088A000101F1C362130000061660000F88888F82F
:1088B00008C84848FE484ECC000000001F08080FBA
:1088C000007F09097F09497F000064660000FE42BD
:1088D00042FC424A7A4E4A4A7A42000000000F04A3
:1088E0000407003E121212123E00000066660000ED
:1088F000FC8484FC30FC2E68A828E8E80000000016
:108900001F08080F011F111755517F1100006866DD
:10891000000000DE56D6D6D6D6D6D6D6DE4000002B
:1089200000003C0F023E1212160E0A1A1632000008
:108930006E6600008898E88EF88888F88EE8988837
:108940000000000000007E2A2A2A2A2A2A7E3E00F1
:1089500000006F660000405EDED6D6F6F6D6D6DEA4
:108960005E400000000030101F0C243C1C040C175B
:108970001020000070660000FC84FC1010FE9010B7
:10898000FC44C442000000001F080F0C077F017068
:108990001F007F00000074660000FC8484FC4054CB
:1089A00054547E545454000000001F08080F007FE8
:1089B000151515557F3F0000766600008080BEAA21
:1089C000AA2A2AAAAABE8080000000003F1414141C
:1089D0001F1F1F3F1414143F000077660000805EC5
:1089E000F6D6D65616F67656DE00000000000203D4
:1089F0003D1515151515153D010100007A6600009D
:108A000038A6E47CA42478FC8484FCFC00000000EC
:108A100001017E2A2A2A2A2A2A7E000000007E6678
:108A20000000FCC4C4FC08E828282E28E8E8000060
:108A300000001F08080F301D45417F010D31000067
:108A400082660000545C56FC5454C07C1414F6102A
:108A500000000000003E3E2A2A2A2B2A2A3E3F0020
:108A6000000084660000FC8484FC18A8A8AEACA8B2
:108A7000A818000000001F08080F202F2A2A2A2A01
:108A80002F20000087660000FE42FEFEFE92929EAE
:108A90009292929E000000000F0407073F040424F6
:108AA000111E1E3300008C660000FC8484FCD0F490
:108AB000BC8C86BCF4D0000000001F08080F6222A6
:108AC0001A0F0F1A326200009166000080DED6D6BF
:108AD000F6F6D6D6D6DEBE800000000004063E2B99
:108AE0002B2B2A2A2A2A3E00000096660000FC84CE
:108AF00084FCA4BCE4BCA4A6BEA0000000001F0827
:108B0000086F305E673A323A666000009766000090
:108B1000FC4444FC404878484E6878480000000017
:108B20001F08080F007F292929293F3F00009D6663
:108B30000000FE4242FE06FAAAAAAAAAFA0600000D
:108B400000000F04040732120A02030A1A3200005E
:108B5000A7660000FC84FCFCE4BCE4BCA4B6BEE058
:108B6000000000001F080F6F305C673A323A666001
:108B70000000A8660000FE7E565676DECE4A3AFE1B
:108B80008ACA0000000020202F2B2B2B2B2B2B2FF1
:108B90002F200000AE66000082BAFADFDADADADAF5
:108BA000DFFABA820000000004063F2B2A2A2A2A94
:108BB0002B3F06040000B4660000005E56F65656D1
:108BC0005656F6565E40000000000515131F293D5D
:108BD0001D09171315050000B966000022E6E480A0
:108BE000DEF6D6D6F6D6DE4E00000000301F1F108F
:108BF0003F2A2A2A2F2A2A280000BE660000FC44A9
:108C0000FC08F89E98F8F8FE10F0000000001F081D
:108C10000F08497D0B49201F1F600000D966000026
:108C2000FE2222FEAEAAAEFAAAEEAA9E0000000024
:108C30000F04040706063F1716161E1E0000DB660B
:108C40000000FC84FC18EC2CECFC3CEA2AE8000058
:108C500000001F080F483B0B7B0F3F0B1B6B0000F6
:108C6000DC660000FE42FEFE22DED2BEE29E92BE26
:108C7000000000000F040707033F16161F16161604
:108C80000000DD660000FE62FE80AEBEF6B6B6F6FF
:108C9000BEAE000000000F04070612172C3E1E0C8B
:108CA00013120000E6660000FC84FCC0D8DADCF891
:108CB000D8DCD8D8000000001F080F0D1D5F5F3FF3
:108CC000613F79472000E966000020FCFEF2F2B225
:108CD000B2F2F2FEFE2000000000282C7C7F7F2CE8
:108CE0003C1F2F3C3C480000F066000000FC8484E0
:108CF000848484848404FC0000000000001F0808B1
:108D00000808080808081F000000F2660000F0F0DC
:108D10001010FE1010FE101030F0000000007F3F19
:108D200021213F21213F2121217F0000F366000006
:108D300000FCA4A4A4FFE4A4A4A4FC000000000080
:108D40002021301010180F0E1E2320380000F4666A
:108D5000000002FA4A4A4AFEFE4A4A4AFA02000063
:108D600000002021371D191F113121212120000071
:108D7000F7660000001EFEEAAAAAAAAAAABEBE8042
:108D80000000000003031F101412171438203F07BF
:108D90000000F966000004F4D4D4FED4D4FED4D488
:108DA000F4040000000000007E2A2A2A2A2A2A7ED3
:108DB00000000000FC660000C0FEBEB6F6B6B6F6C7
:108DC000B6BEFEC0000000002222363E1A1A1A1A51
:108DD0003E3622200000FE66000000F888AE88F8CB
:108DE000F8CCBE88F8000000000000007E2A2A2A85
:108DF0002A2A2A7E00000000FF66000024A47EEEDE
:108E0000A420A4A47E6EA4240000000001017E2AF8
:108E10002A2A2B2A2A7E000100000067000040DE7B
:108E20005E56D6D65656565E5E4000000000101FB5
:108E300013131F3F31131D1D173100000867000079
:108E40000000FE222222222222FEFE00000000005C
:108E5000300E030101012121213F1F00000009679D
:108E6000000084C4E4FCA7A4A4A4A4E4E4040000D7
:108E7000000001003F3F04040424243F1F000000C1
:108E80000A670000FE7E12FE2022E2E222E2222297
:108E9000200000003F01213F30300F01003F20380B
:108EA00018000B67000000FE1212FE0000FE1212F6
:108EB00012FE000000003E0701213F303E07012165
:108EC000311F00000D670000FEFE12FEFE00FEC214
:108ED000425252DE000000003F01213F1F003F20B0
:108EE000170C1F31000010670000FEA2A2FE10FC4C
:108EF0002F28E80808F8000000003F00203F000786
:108F0000020223203C1F000014670000E80EF8F85E
:108F10000EE800FE222222FE0000000021190F01AF
:108F200001331C070121213F000015670000FEFEF0
:108F300012FE80888E8CF88C8F88000000003F0124
:108F4000213F2030180E030E183000001767000074
:108F5000FC94979694FC00FE121212FE0000000092
:108F60003F18180A0E183C070121213F00001B671B
:108F7000000008F84E4C4888F03C34B4B4FC0000C3
:108F80000000404A4A4A4A7F7E4A4A4A4A40000014
:108F90001D670000F4545F5454F400FE121212FED8
:108FA0000000000005053F0505351E030121213F96
:108FB00000001F67000004FF9494FEFE04FE1212DE
:108FC00012FE00000002321F02021B133A0F0121A1
:108FD000213F000026670000FC24FC80F494DED4CE
:108FE000D4DE94F4000000003F427F2A2A3E554F11
:108FF0003C041E3000002867000020202020A0FE36
:10900000FEA0202020200000000018080403017F9B
:109010007F010304081800002A67000080909090E8
:1090200090FEFE90909090800000000030100804A8
:10903000037F7F030408103000002B6700001090AE
:10904000909090FEFE90909090900000000030185C
:109050000804037F7F030608183000002C67000017
:10906000101010D070FEFE70D01010100000000024
:10907000080C0B09087F7F08090B0C0800002D67FE
:10908000000010D0FEF09010FEFE00000000000076
:10909000000406013F0001011F3F2020203800008E
:1090A0002F67000020202020A0FEFEA0242C2820D6
:1090B0000000000018080C03017F7F0103060C1854
:1090C00000003167000080B09C9490FEFE9090906C
:1090D00090800000000030180806037F7F03060C14
:1090E00018300000346700001090FEFE901000FE63
:1090F00060C08000000000000E037F7F0101007F40
:10910000000001030000356700006060301E02C2ED
:10911000C2023E2020200000000011190905033F73
:109120003F030509191100003A67000008E8FFC86D
:109130008800FE0202FEFE000000000407003F005F
:10914000311C0700001F3F201C003D67000088F80D
:10915000FF68C8027A5E424242C202000000030079
:109160003F000000002020203F0700004067000073
:109170004064242C389898182466400000000000B1
:1091800031190D05417F3F01050D1921000042678E
:1091900000008888C8781E080808F88080E0000071
:1091A000000022321A4A427F3F020A1A32020000AD
:1091B0004367000020E0FEA02018F8080808E838FF
:1091C000000000080E017F014360311F0C1F216069
:1091D00000004667000010D0FE9090848484FC84D8
:1091E00084848000000006017F01030000007F00EE
:1091F000000000004867000010F0FED0143CE414AA
:109200006404F41C0000000006017F006120311F8F
:109210000E13206000004967000010D0FED09010AF
:109220003010988C46000000000006017F000140CD
:10923000622331180C0600004C67000010D0FF902C
:109240001404FC0404FC04040000000006013F00B8
:10925000311C0700003F202018004E6700004848DE
:10926000A8B898FEFC98B8A848480000000004047C
:109270000444447E3E050504040400004F670000DA
:109280008888C86818FEFE186848888800000000B2
:1092900001007E2222222222227E0001000050674D
:1092A000000010D0FEF09010101090F0FE100000A2
:1092B00000080E037F0001080C0741407F000000FA
:1092C0005167000010D0FE90101090901010FE100A
:1092D000100000000E037F010300000744407F00E0
:1092E00000005367000008E8FF68A8384F880808A6
:1092F00008F80000000007003F00000000202320C5
:109300003C0F00005667000010F0FED010109010C7
:1093100010FE10100000000407017F004160331EA2
:109320001F31206000005C67000010D0FED01040AC
:109330004040FE4040400000000006017F01212027
:1093400020203F20202020005E67000008E8FF6802
:1093500008C242424242FEFE0000000003003F00FD
:10936000003F30202020203800005F67000008E820
:10937000282828FEFE282828E808000000002033BE
:10938000121A0E7F7F0E1A12332000006067000051
:1093900020A0FEA020080808F80808080000000027
:1093A0000C037F01232020203F2020200000616744
:1093B0000000909088CC56746474CC848080000047
:1093C000000000221A0A427F3F020A122200000017
:1093D00065670000080868C808FCFC088868080879
:1093E000000000002131190D077F7F070D19312181
:1093F00000006867000088FEFFC82232F26A2EE68D
:1094000022E000000000033F3F002633190C232018
:10941000381F00006967000010FCFE9000F404048F
:1094200004C4FC0000000000067F7F010809090950
:109430004949713F00006A67000010D0FED090C01B
:109440007000FE0030E00000000006017F00416077
:109450002030130C060000006D67000088F8FFE85C
:109460008808E82B2EE808080000000003003F00F1
:10947000301E0700001F303018006F67000010D04A
:10948000FED09404C464FC6CC48400000000060197
:109490007F00030100007F000001000070670000F2
:1094A000101090D070FEFE70D090101000000000E0
:1094B0006233010030070730200133620000726719
:1094C0000000003E2A2A2AEAEA2A2A3E3E0000003C
:1094D000000011190905033F3F0305091911000098
:1094E000736700000888C86818FEFE3868C8888856
:1094F0000000000001017E2A2A2A2A2A2A3E3E0173
:1095000000007567000010D0FED050381E10F0101B
:1095100010100000000006037F01010101017F011E
:10952000010101007767000088F8FFE888FE828269
:10953000FE8282FE0000000003013F00003F202069
:109540002020203900007C67000008F8FFC808428E
:109550004A4ADA7E46C24000000003013F00000094
:1095600020203F00030100007E67000010F0FED0C5
:1095700050601CC4400E38600000000006017F01EE
:1095800001303E2330343C3000007F67000010F093
:10959000FE9010FCC4C44444C64200000000060310
:1095A0007F01384F60331C1C23600000816700007E
:1095B00010F0FED00404FC04447CC4C00000000091
:1095C00007017F60300F61231C1C37600000846737
:1095D000000008F8FFC8281CEF28880808F80000D9
:1095E000000003003F00000703022326381F00008D
:1095F0008767000010F0FE9000FE4040FCFC6020F9
:109600000000000007033F01203F10101F3F2038DB
:1096100000008967000010F0FED010040404FC0470
:1096200004040000000407017F00202121213F21C4
:10963000212120008B67000008E8FFC8880888F80F
:109640004F48C8C80800000003003F0021180F0160
:1096500020203F0F00009067000010D0FED01000C7
:10966000FC4444C442400000000006017F00013E6B
:109670000700007F000000009567000088F8FFC821
:10968000083808FFDF0808380000000003013F2009
:10969000301C07013F20203808009767000010D0D9
:1096A000FEF090101090FEFE9010000000000603E7
:1096B0007F00010806037F3F030E0000986700004B
:1096C00088F8FFC808F808E8FF8808F800000000DC
:1096D00003013F00003F06010023263F00009A6778
:1096E000000010D0FE9090E0FC1E1090F0100000E2
:1096F000000806017F014260301F0E1F306000002D
:109700009C670000007E4A4A4AFEFE4A4A4A7E00A2
:109710000000000011190905073F3F030509191151
:1097200000009D67000010F0FE9010909090FE9059
:1097300090900000000407037F014121271C183688
:10974000236000009E67000010FEFE9000FE8E0069
:1097500080FE000000000000077F7F613C0F233E79
:109760000F031F300000A267000010F0FE9010FCF5
:109770001464C4C474040000000407017F01003FA6
:10978000282C23232E202000A367000004E4242497
:10979000A4FEFEA42424E404000000000202131529
:1097A0003425252C694302020000A567000008F853
:1097B000FFC880FE2222FE2222E2000000000303F6
:1097C0003F201F03301F23203C0F0000A76700002D
:1097D00008F8FFC800FE02F2FA02FE0000000000D6
:1097E00003013F0020110C071F2021380000A8674B
:1097F000000010FEFE908080FEA0B0988C840000D7
:109800000000077F7F0100607F20310E18200000DC
:10981000AA67000010F0FE9060F0D84E4ED8F060BD
:109820000000000407013F01011F3F2424272118E5
:109830000000AB67000088FFFFC8FEFE32E2F20ABC
:10984000FE0000000000033F3F301F010C03030C2B
:109850001F300000AD67000000FCFC8494B6A484B7
:10986000A4BC80800000000022321A0A067F060A8B
:109870001A1A3E230000AF67000010F0FE9010108F
:109880001010FE1010100000000006037F01007E83
:10989000222223223E7E0000B067000010F0FE90DE
:1098A0000034C404FC04F4140000000006037F012B
:1098B000020202027F0202020200B367000010D01F
:1098C000FE9010FCFC04040404FC000000040701EA
:1098D0007F0101711D0501011D710000B5670000C8
:1098E00010F0FE9080BCA4A4A4A4BCBC00000000A6
:1098F00007037F010006070444447C1C0000B66790
:109900000000C8781E88C8F8007C4444447C0000ED
:1099100000002232121A0E7F7F0E1A12322200002D
:10992000B767000020FEFC2020FE20E0F8F808F8D1
:1099300000000008067F3F42384F403F3F7F207FB6
:109940000000B867000010F0FED060F84E48C8086C
:1099500008F80000000407017F01000F04044740DD
:10996000603F0000C167000088F8FFC81C1CF405B8
:109970008784441C0000000403013F0100003F21D4
:10998000212020380000C367000010F0FED05020D6
:10999000186C4E1830600000000007017F010101C3
:1099A0001911394F03000000C467000010F0FE9049
:1099B00004E42424FC2424E40000000006037F01C6
:1099C000017F0C0701474C7F0000CF67000010FCAF
:1099D000FED000F0101C1E10F0F000000000073F49
:1099E0007F01007F212121213F7F0000D0670000FF
:1099F0000808FEFEA8A8A8A8FEFE080800000000AF
:109A00002232120A067F7F060A1232220000D16734
:109A1000000010F0FED010FEFE101010FE1000002E
:109A2000000407017F00007F7F2121217F000000CB
:109A3000D267000098D264101010FE98888888E8D9
:109A400000000000252434140C7F7F0C14342424DF
:109A50000000D367000090D66480C8683E0808F80C
:109A600080C0000000002232121A067F7F0E1A12F8
:109A700032220000D467000020A4A4E47C34F43C2B
:109A80002CA4602000000000652534140D7F7F0C9D
:109A9000143424640000D867000010F0FED0048461
:109AA000F49C848484840000000407037F0007037F
:109AB0007F202020207F0000D967000010FCFE904E
:109AC00000FC2424FC2424FC00000000073F7F014C
:109AD000000702027F0202070000DA67000010F0B0
:109AE000FED010F01010FE1010F00000000407016E
:109AF0007F00007F21213F21217F0000DC670000E3
:109B000010F0FED000FC24242424E404000000040F
:109B100007017F00003F2222222223200000DD6770
:109B2000000010F0FE901080FC4444C44640000049
:109B3000000006037F01613F0702027F0C0800005E
:109B4000DE67000010F0FED050701EF090909090F4
:109B50000000000407017F000100007F04040404EA
:109B60000000E067000008F8FFC8485C4444C744B0
:109B7000445C0000000003013F00000020203F0083
:109B800000000000E267000008F8FFC808FC464239
:109B9000FEC243400000000003003F00203F1010C1
:109BA000180F30300800E567000088C84828187E84
:109BB0007E182848C8880000000021202F2D2D2D58
:109BC0002D2D2D2F20200000E967000010F0FE90C1
:109BD00010FC84F434A4E4040000000407033F01F3
:109BE000013F292C2623262C0000EC67000008E802
:109BF00028E828FEFE28E828E808000000002033B6
:109C0000121A0E7F7F0F1A1233200000EF67000038
:109C100010F0FE9014E42424E404FC04000000008E
:109C200006017F01010F040447407F000000F06738
:109C30000000C848E8B898FEBE98B8E848C80000D8
:109C4000000044241404447C3C0414142404000044
:109C5000F167000010F0FE9010101010FE101010B0
:109C60000000000006037F01202121213F21212146
:109C70000000F367000010FED010FC0482FAFCFC28
:109C800004FC00000000077F00016F341F037F7F8A
:109C9000080F0000F4670000F8F880FEC8C800FE56
:109CA00088888CE0000000002232120A067F7F0EB6
:109CB0000A1232220000FD67001010F0FE90148C92
:109CC0009C7464F48C800000000407017F0125254A
:109CD000243F3F2424250000FF67000010FCFE9075
:109CE00018C8484AFC4848C8080000000F3F7F01D8
:109CF000001F00007F10101F00000068000010F01F
:109D0000FE90D0FCACA4A4A4A6A000000000070311
:109D10003F213F031F2020282F330000056800004B
:109D200010FED090FC84FCFCFC8484FC80000000CD
:109D3000077F01613F007F7F7F40603F0000076831
:109D4000000088F8FF6888222222E22222220000F6
:109D5000000203003F00080E21203F00031E000008
:109D60000868000010F0FE90002030FE909498905B
:109D70000000000007037F01416121311F38467256
:109D800000000968000010FEFE9044447EC4445E5A
:109D9000C4C400000000077F7F010000007F0010A6
:109DA000181F00000A68000088F8FFC81010FF1292
:109DB000F01294500000000003013F00301E3318E1
:109DC0003F27213000000B68000010F0FF9084F462
:109DD0009E87E48484840000000407013F00180E7D
:109DE00020203F00061800000C68000010F0FE90D4
:109DF00010E0203E3E24E4E40000000006037F0162
:109E0000701F02020202030300000E68000010F03F
:109E1000FE9080FC8484F4848680000000000603A9
:109E20007F01301C40407F000C3800000F680000AC
:109E300010F0FE9000202C3820382E20000000006A
:109E400006037F0121222222222222200000116803
:109E5000000010FFD09064C4FC10D010FF10000070
:109E60000000073F00111807070420233F000000EF
:109E70001368000010F0FED0607058CCCE587020EF
:109E80000000000006037F012024243F3F242420FB
:109E900000001668000010F0FE90E4E424FC24FCAE
:109EA00024E40000000407037F017F7F2320202398
:109EB000227F000017680000027A4A4A7ECACA7EE2
:109EC0004A4A7A02000000001119090D073F3F07B6
:109ED0000D09191100001D68000010FCFE9040449F
:109EE0004444FC44464000000004073F7F01007EDC
:109EF000222223223E3E00002168000010F0FE9046
:109F000080C8E80A0CB8E8C80000000007017F011B
:109F10004060331E1C132060000029680000C8FF49
:109F200068881262FEFE027282FE00000002033F99
:109F3000000406233F1F0623213F00002A6800007B
:109F400010F0FE9010701C10FE10101000000000A9
:109F500006037F0121110D077F070D3100003268D4
:109F6000000010F0FE90404848FEC868584C400081
:109F7000000006017F000203074545457D1D0000E6
:109F80003368000088FEFFC82024A4FF64342C2618
:109F900000000002033F3F0006033F262223213832
:109FA00000003768000010FCFE9010929C90F09822
:109FB0009E9000000004073F7F01040404047F0416
:109FC000040400003868000010F0FE900088E8B833
:109FD0008EC848080000000007037F014064261374
:109FE000191C366100003968000010F0FED010FC2A
:109FF000A4A4A4A4FC000000000007017F00007FCF
:10A000002021271C366200003C68000020E0FEA0F2
:10A0100060303CEEC8E838000000000406017F0113
:10A02000037F3F2222227F0600003D68000028288F
:10A0300028BE282820FEE024AC28000000003119AA
:10A040000F7F0D4921311F3E437010003E68000014
:10A0500084643404FC0606FC043464C4000000007C
:10A06000642434140C7F7E0C1434242400004068D3
:10A0700000003098EE683808684848FC48480000FE
:10A0800000002333120A067F3F0E0A13322200001B
:10A090004168000010FED01098CC66404444C4448F
:10A0A00000000004077F0101017F000040407F00A5
:10A0B00000004268000010F0FE90404848487E488A
:10A0C00048480000000407017F01242424243F2481
:10A0D000242420004368000088FFFEC80838FF7E63
:10A0E00000FFB00C00000000033F3F00221B0F00E8
:10A0F000003F213310004468000008F8FFC8484EB4
:10A10000D8407FC05C460000000407013F002018D3
:10A110000F00003F203818004568000010F0FED006
:10A1200070F82EA4A4BCA0A00000000407017F01C9
:10A13000701F007F4044477300004668000010F025
:10A14000FED0FCFC9494F4F4949400000000070109
:10A150007F003F3F28282F2F282820004868000034
:10A160003C24E4E4B4AEA4E46424243C00000000F5
:10A17000642535150D7F7E0C143525640000496873
:10A18000000010FCFE90B888C8EE8C8888B80000EB
:10A190000000073F7F0140662738181F336000002A
:10A1A0004A680000405054D8707C5650D85C5040EB
:10A1B00000000000062635140C7F7F0C14372206A1
:10A1C00000004C68000000F05050505E545454544D
:10A1D000F40400000000642535150D7F7F0D153552
:10A1E000256400004E68000010F0FE9004E4745CEA
:10A1F000445474C40000000007033F0120242424B9
:10A200003F24242420005068000010F0FE9010FC31
:10A210001494949404FC0000000006037F03027F62
:10A22000000F084F407F00005168000040E0ECFC48
:10A230005C1454DCFCE4C0400000000066253515C9
:10A240000D7E7F0D1535256400005368000010F069
:10A25000FE9000E424242424E4E40000000006032B
:10A260007F01202F292929292F2F00005468000061
:10A2700010FCFE9008888888FE888888000000000E
:10A28000073F7F01007E222222227E3E0000556889
:10A29000000010F0FED010F88484808888F8000058
:10A2A000000007017F00007F20202020207F000089
:10A2B0006068000010FEFE90E484FC0404FC04E4EA
:10A2C00000000004077F7F2120273F20203F272117
:10A2D00000006168000088FEFFC80464273E3474F3
:10A2E0004C6400000002033F3F0021111F01013FA9
:10A2F000213100006268000010F0FE9000E0203E76
:10A30000BE24E4E40000000407037F01406F30181E
:10A310000F302F4F00006368000010F0FE90909CFB
:10A320009080FE80B88C0000000806037F01202486
:10A3300024242424247F00006468000088FFFFC8D0
:10A340004E4E484E4F4848CE00000000033F3F00AD
:10A350001E3E22222222223B00006568000010F0EF
:10A36000FE9000A4E47C2C64E620000000000701BD
:10A370007F0141311F00003E7F0100006668000040
:10A3800010FEFE9070F84660FEB818CC0000000485
:10A39000077F7F010405043E7E0505050000676810
:10A3A000000010F0FE906070584C4E587060000035
:10A3B000000006037F0120323E26222A326200007E
:10A3C00068680000446C20FE8088DC7664241C0CE5
:10A3D000000000002232120A067F7F0E0A1232228B
:10A3E00000006968000010F0FE9010F808080EE800
:10A3F00008080000000007037F01380F2121213FDA
:10A40000212100006B68000010FEFE90644CC078B3
:10A4100000FE087000000004077F3F01380E602036
:10A42000301B0E0300007468000010F0FE90045C06
:10A43000645C74C6FE0A000000000E037F01040481
:10A4400044447F05040400007668000010FCFC9082
:10A45000C44454F4F47C4CC000000004077F7F0126
:10A460007F09097F7F49497F00007768000010FE5F
:10A47000FE9020F8ACA6F4BCA0E000000000073F6E
:10A480007F01601F04047F04447F00008168000096
:10A4900088D6642094C47C8C84FC18700000000072
:10A4A000642434140C7F7F0C14342464000083680B
:10A4B0000000C8FFF8C8223EE62022FE222200004B
:10A4C0000002033F0020331E1B34242724240000F5
:10A4D0008568000020FEE02020FC2EA8A828E8E8DF
:10A4E00000000000067F0103011F11155D517F115F
:10A4F00000008668000010FED01050FCFE50FCFCEE
:10A50000E49C00000000077F0101643F07047F7F97
:10A51000101F00008F68000010F0FE9080BC9C901F
:10A52000FE9090900000000407017F01007E22222F
:10A5300022223E7E00009368000010F0FE9080888A
:10A54000F88A8CE8B8880000000407017F01000445
:10A5500004047F04040400009768000010F0FE90DB
:10A56000F4F49494FC9494F40000000006037F41FA
:10A57000632F3A3E276262430000A268000008F899
:10A58000FFC808F69C909F9094F20000000007011D
:10A590003F00003F04040424243F0000A66800009C
:10A5A00068387E38288868387E38284800000000DF
:10A5B000406662273D1919090D0300000000A768D5
:10A5C000000010F0FE909494F4BC9494F484000085
:10A5D000000007037F01007C242424247C3C00002D
:10A5E000A868000094D474FC76D2007C7C00FCFC4B
:10A5F00000000000642434150C7E7E0C15352564A3
:10A600000000AD68000010FCFE9090D87C96107C95
:10A61000589000000000077F7F014D662F3B122EEF
:10A6200026600000AF68000010F0FE9010D05C5073
:10A63000F05856700000000007017F0121331A0E08
:10A640007F02223E0000B068000010FEFE9010F075
:10A6500010F03EFC14D400000000077F7F00390F8B
:10A66000017F311F7F611000B368000010FEFE9073
:10A6700088E8F8DE4C5868C800000004077F7F4176
:10A68000201F003E00007F402000B5680000241C11
:10A69000FF9C9484A49CFF1C142400000000203024
:10A6A0001F0702060C003F2020380800C068000089
:10A6B00010FEFED06070584E4C5830600000000014
:10A6C000073F7F01202E2023263827210000C26863
:10A6D000000010F0FE90005454545454547C000078
:10A6E000000007037F014C26301F0F102663000077
:10A6F000C968000010F0FE9010FCA4A6A6A4A4FC5B
:10A70000000000000E037F01013E02027F02223E94
:10A710000000CB68000010FCFE900808FE48484886
:10A72000FE0800000004073F7F01442417050515BB
:10A7300037640000CD68000088F8FFC888BE2A2A68
:10A74000AAAA3E3E0000000003013F00203F321253
:10A750001F3F22310000D268000010FEFE9044D45A
:10A76000D47C56D4D44400000000073F3F010A0BBC
:10A770000A3F7F0A09020000D568000010FEFE9023
:10A780001848484A4C48481800000004077F7F01D9
:10A79000310D41417F010D310000D8680000E828EB
:10A7A000FE2828E8E828FCFC28E800000000330C1C
:10A7B0007F0C0930130C7F7F1A330000DA68000029
:10A7C00010FED010FC24FCFCFC2424FC0000000043
:10A7D000077F01710F427F7F3F02427F0000E068E8
:10A7E00000003808EE28282E2E2828EE0838000011
:10A7F0000000242435150D7F7F0D1535242400001D
:10A80000E368000020FCFEA020A8A8FEA8A8F8206D
:10A8100000000004077F7F013216487F0E0C1632BD
:10A820000000EE6800004848E82818FE7C18A86878
:10A83000484800000000320E7F0E1A22120E7F0ED2
:10A840001A322000F068000010FED01020E424FC32
:10A85000FC24E62000000000077F01012527253F9A
:10A860003F2527250000F168000010FCFC9020A87F
:10A87000E8283E68A8A800000000077F7F014D651A
:10A880002F3B3A2E66410000F568000010F0FE9064
:10A8900000FC9494FC94FCFC0000000007017F0184
:10A8A00022120A0E7F0E1A320000F968000010F022
:10A8B000FE9000E0A0BEBEA4A4E4000000040701D6
:10A8C0007F01090B0A3E7E0A0A0B0000FA680000AD
:10A8D00020E0FEA020F8E8282E28E818000000005C
:10A8E00006017F01003F7F2525253D3C0000FC68D7
:10A8F000000068387E18A84868B87E1838680000DC
:10A900000000046226351C0444457D1E020400003C
:10A910000169000010F0FE900474545656547404FB
:10A920000000000007037F01080949497F0B0B085D
:10A9300000000569000010F0FE9080E4A4BC9EB405
:10A94000A4C40000000007037F01001E0A0A4E4055
:10A950007F0000000B69000010F0FE9008E8282836
:10A960002E28E8E80000000007037F01301D454164
:10A970007F010D3100000D69000010FEFE9008E817
:10A98000A8BEA8A8E80800000004073F3F21203F18
:10A990002A2A2A2A3F2000000E69000010FEFE909D
:10A9A00060F89E90F6FC909000000000077F7F0109
:10A9B000007F24243F3F242400001069000010FC85
:10A9C000FE9010FCA4A4E4A4A4BC00000004073F73
:10A9D0007F213E077C242724247C0000126900008C
:10A9E000C8FFC84840FE48487EE2C27E0000000220
:10A9F000033F000C233F0037180F1F3000001F6972
:10AA0000000010FEF0102028A828FE28A8680000EA
:10AA10000000077F01014525361C0714346400003F
:10AA200020690000B4BCA6F4E464E07C1414F610C1
:10AA300000000000642434150C7E7F0C143425249F
:10AA400000002469000010F0FED0103CA4FC243C5F
:10AA5000243C0000000006037F0145622135190DEA
:10AA6000070100002D69000010FED010FC749CD07E
:10AA7000F05E50D000000000077F01017F04070056
:10AA80007F09497F00003069000010FED014FC24CB
:10AA900024FCFCFCE49C00000000077F01111F095E
:10AAA0001D7F3F3F080F00003469000010FED010EA
:10AAB000FC1416E03C047C4000000004077F010900
:10AAC0007F0909612F193D6300003969001010FEEC
:10AAD000F09008FEA8A8A8A8FE0800000004077FC0
:10AAE00000023E233A2E22263B2200003D69000050
:10AAF00090FED010405CD6D454745C40000000043A
:10AB0000037F00212D15534B3E021F3100003F698A
:10AB1000000020FEE02088A8A8F8BEA8A8A8000091
:10AB20000000067F0103047F7F2A2A2B7F06000096
:10AB30004269000010F0FE9048E8B8FCFE98A84872
:10AB40000000000007037F01202F2A2A2A2A2F2035
:10AB500000005469000090FED09054FE54C4E43CC0
:10AB600084FC00000004077F00446425340E1C347C
:10AB70006444000057690000C8FF686A32EEC8AA42
:10AB8000AAFFAABE00000000013F00311F0F1232D1
:10AB9000222F222200005A690000A494BEBE948491
:10ABA000B49CBFBE94A40000000030180F1C103FDE
:10ABB0003F222222232000005D69000010F0FE9059
:10ABC00008E8E828FEA828E80000000407037F0141
:10ABD00021130E067F0E1A3300005E69000088FF05
:10ABE000F8C85E52D27E725E525E00000000033FE3
:10ABF000000030180F0222223E00000060690000B1
:10AC000010FEFE10C444C47C5EC444C400000000B6
:10AC1000077F7F017F080A0B3F0A407F00006369BE
:10AC2000000010FEFE9000FCA4A4BCA4A4BC000084
:10AC30000004073F7F013C077F2A2A2A2A7F000061
:10AC40006669000010F0FE9018A8A8AEACA8A8187D
:10AC50000000000407033F01202F2A2A2A2A2F2060
:10AC600000006B69000010F0FE9050DC5454545406
:10AC7000DC400000000007017F01101F15151515AD
:10AC80007F1000006E69000010FEFE904048C8FE74
:10AC90004878584400000004073F3F0002037F2922
:10ACA00029293F3F00007169000020FCFCA088A812
:10ACB000A8FCAEA8A8A800000000077F7F01466B93
:10ACC0003B1E1E3B2B4600007769000010FEFE90E5
:10ACD000C0FE4848FE9888C800000000077F7F013A
:10ACE000007E2A2B2A2A3E3E00007869000090FE52
:10ACF000905044FC4640E0FE00E000000004077F66
:10AD00000109077F0362380F1F31000079690000D5
:10AD100010F0FE9084FC6CA4E43C10F000000004F1
:10AD200007033F213F3E233E233F233F00007C6932
:10AD3000000010FEFE9090DC78B0FE305C900000C9
:10AD40000004077F7F01426A3E33323E2642000004
:10AD50008069000010F0FE90107C444444447C0064
:10AD6000000000000E037F017F21217F7F21217FD2
:10AD700000008269000088FFE8C8FE527E407AE247
:10AD80007E4200000000033F00080F0427380E0732
:10AD90003F2000008469000020FEE0207C80FEA0AF
:10ADA000BC9CA808000000000E7F03434F6F301EBC
:10ADB00070404F6000008669000090FED010B0B86F
:10ADC000ACA626A830B000000004077F01017F0A6E
:10ADD0004A7F004F403F00008769000010F0FE905E
:10ADE000484878CECC6858480000000407017F002E
:10ADF000321A427F3F021A3200008869000010FEBA
:10AE0000D090F60CE4A4A4E404FC00000000077F4A
:10AE100001017F1E1212125E407F0000896900004E
:10AE200010FEFE9094DC30D6D0385C90000000001C
:10AE3000077F7F010809097F3F09090800008D6924
:10AE4000000010FEFE10FCFC5414F414541C00000E
:10AE50000000077F7F233F077F151555557F0000B2
:10AE60009469000020FEE020F82E28F800FCE49C05
:10AE700000000000077F01213F111D39207F101FB6
:10AE800000009569000010FCFE9018C8688ACE2862
:10AE900068D800000004073F3F01043E3F252425F9
:10AEA0007F06000098690000B8A67C7CA420FCB452
:10AEB000B4B4B4B400000000652434140C7E7E0CDD
:10AEC0001434246400009B69000010FEFED044D4BA
:10AED000F47C5654D44400000000077F3F00263520
:10AEE0001F7F7F1D352700009C69000010FCFC902F
:10AEF000E8283828AE3838E800000008077F3F010E
:10AF000041211F0B494979010000A769000010FC8D
:10AF1000FC10FC04A4F404FCA4A400000000073FFF
:10AF20003F033F24242F203F24240000A869000071
:10AF300010FEFE905C64B4D60614245C000000048D
:10AF4000077F7F010603017F151515150000AB690A
:10AF5000000010FEFCB030FE6868FE686808000063
:10AF60000004077F3F01080B093D7D090909000026
:10AF7000AD69000090FED010F8AEA8F8A020FCFC4F
:10AF800020000004037F0022134E463F01477F3F0D
:10AF90000000B169000010F0FE9044F4545656547D
:10AFA000F4F44000000007017F01084D7F23271DB6
:10AFB0003D670000B469000010FCFE10FCC4747012
:10AFC000C47C84FC00000000063F7F03007E2A2A28
:10AFD0003E2A2A7E0000B769000010F0FED098C813
:10AFE000F85C48E848580000000407017F00013F72
:10AFF0003F29293F29290000BB69000010F0FE907D
:10B0000080FCD4D4D4D4FCFC0000000407017F01F0
:10B01000125E487F101E487F0000C169000010FECC
:10B02000FE9004F494969694F40400000004077FC4
:10B030007F017F011D15151D417F0000CA690000B9
:10B04000684EF8784C6880FC5454D4FC0000000032
:10B05000642534140C7E7F0C143525640000CC6903
:10B06000000088FFE88822E400FCA6A7BCBC000022
:10B070000002033F0020101F102724242427000073
:10B08000CE69000010FE90104848CEF8484E4A485D
:10B0900000000000077F0111292727253D252525D0
:10B0A0000000D069000010F0FE9010F828EC7E2817
:10B0B000F8F80000000407037F0161311D0F7F5D78
:10B0C00057790000D469000010F0FE90007C54D63F
:10B0D00054547C780000000007037F010917137D9A
:10B0E0007D131D090000DB69000010FEF0907C005C
:10B0F000FE603C2E488800000000073F01213E22F0
:10B100003E223E22223E0000DF69000020FEE0A039
:10B1100018E8A8AEACA8B83800000000077F01010D
:10B12000682F3808081F28680000E069000090FEBA
:10B13000D0504CD84848FE68784C00000004077F87
:10B140000100303F127F2929297F0000ED690000AE
:10B1500090FE9010F808E84848FE0ACC0000000075
:10B16000077F017B1F1D251F6D3F3F610000F269B6
:10B17000000088FFE898FE535EF02064CCFF0000DA
:10B180000000033F00380702223F0202033F000095
:10B19000FD69000010F0FE90F4F454FE54FE54F4E7
:10B1A0000000000407033F01017F2B2B2B2B3F3DA9
:10B1B0000000FF69000008F8FFC802E2AFAAFAAA7F
:10B1C000AFE20000000007013F00202A2A2A3F2AA0
:10B1D0002A2A00000A6A0000C878FE68B8CCEC8809
:10B1E00068FE78C800000000446425341D0E0C146D
:10B1F000342564440000176A000010FEFE903A6A8D
:10B200006A6A7E6A6A3A00000004077F7F01020BC7
:10B210000F4B4B4B7B030000186A000010F0FE90B0
:10B2200070F658505E50DC700000000006037F018D
:10B23000202B2A2A3E2A2B2800001F6A000090FE9D
:10B24000F09014D45C56545CD41400000004077FC2
:10B2500001011017157D7D1517100000216A0000EF
:10B2600010FEFE9004F45E54545EF4E4000000000E
:10B27000077F7F014969391F1B3929490000286A66
:10B28000000010FEFE10FCFCB474F4D4D4BC00002A
:10B290000000077F7F613F111E147E14141400000C
:10B2A0002A6A000010F0FE3024A4BEA4E4BEBCA4B0
:10B2B0000000000007017F01402F3A0A0F1A2A6F91
:10B2C00000002F6A000010FED050445C647E7C6455
:10B2D0005C4400000004077F01017F213D35353DBE
:10B2E0003F7F0000316A000010FCFC907CFC847CF5
:10B2F0007CE4947C00000004077F3F01455C3E37FE
:10B30000353C64450000356A000010FEF09070FC8A
:10B310005650FE50505000000004037F0101701F82
:10B3200015751775053500003D6A000010F0FE1018
:10B33000F4F4D63C147E56F40000000006077F03A8
:10B340000B1B2B0B4B7F0B0B00003E6A000010FE0B
:10B35000D05048FE4840F010FED6000000080F7F95
:10B36000417F1E3F6246574C4F590800446A001007
:10B3700090FED010F4949CF4F0FE10F01000000445
:10B38000037F00101F121A7F60331F210000476ADD
:10B39000000010FED010242C7CFCBA9A98D000003B
:10B3A0000000077F0113167F2D28167F5D4D2000BA
:10B3B000506A0000C444DCDCDCFEFEDCDCDC5CC487
:10B3C000000000006A2A291B1B7F7F1B1B2B28689B
:10B3D0000000586A000010FCFC90505434BCFC1C67
:10B3E000343000000008073F7F017F3F3D2B293F9D
:10B3F000457F0000596A000010FCFE9054B4BCA4C4
:10B40000A6BCB45000000004073F3F0120273C24A5
:10B41000243C272000005B6A000010FED090FCC492
:10B42000D474D4F4C4C400000000077F2139076736
:10B430003F0467390F310000616A000010FCFE9084
:10B4400030F896D4F49C90F000000000077F7F0154
:10B450002A3A554B7E060E300000656A0000505EA9
:10B46000BCF650F4F4BEB4BCFC100000000024256F
:10B4700015140C7F7F0D153525240000716A00001E
:10B4800090FED090FCD45454D44444FC40000004BA
:10B49000077F013F072F223E2106447F0000796A83
:10B4A000000088FFF88888FEDBDAFEDED8F80000AE
:10B4B0000002033F0000003E2A2A2A2A3E00000024
:10B4C0007C6A000090FED05078E43050DE547C4C12
:10B4D00000000004077F0112131A2A155B7F061D66
:10B4E0000000806A000010FED010F41474767474AA
:10B4F00014F4000000000F7F0141415F5B5B5B5B68
:10B500005F410000846A000090FED07C54D67CF835
:10B51000F09E90F000000000037F00611F457D0158
:10B52000601F1F6000008E6A000010FEFE90D81899
:10B5300094DEF49CD81800000008077F7F017D0589
:10B540001D17155D457C0000906A000010FEFC9000
:10B55000F8FCD6B4DC9CB0D000000000077F3F614F
:10B560003F007636363636760000916A000010F0DD
:10B57000FE1030D4D4D4FCD4D4340000000007032F
:10B580007F03007E2A2A3F2A3E3E0000976A000081
:10B59000FCFC5454DC00A4BCE6E4BCA400000000A5
:10B5A000642535150D7E7E0C153524640000A06AD7
:10B5B0000000F4BEB4F41EF4109EE6E4BC040000E7
:10B5C0000000642434150D7F7F0D143425650000C0
:10B5D000A96A000010FED010F41474767474F4F4A8
:10B5E00000000000077F0169291B4B7B0B1B3B6898
:10B5F0000000AB6A000010FED010ECF4D47634D416
:10B60000F43C00000000077F01032615457D050579
:10B6100035230000AC6A000010FED090F494DED414
:10B62000D4DE94F400000000077F01212A3F554F2B
:10B630003C061E200000206B000080E03C1E10D065
:10B64000D0101090F03000000000402030100C07A7
:10B65000070C103060600000216B00000C18108097
:10B66000F01E10D01010F03000000000180C076021
:10B6700030180E070E1830600000226B000068C8FA
:10B6800008E838603E0EE808083800000000301C6A
:10B69000070F4820180E071C30600000236B0000C5
:10B6A000F8F84CC44640E03ED01010F00000000016
:10B6B0003F03003F00402018070F18600000246B74
:10B6C0000000607F4444C4C4301FF4E4043C000024
:10B6D0000000060622223F01301C07071C30000034
:10B6E000276B0000FC24C484E424E03ED0D010F09A
:10B6F000000000003F282C23272C60380F0F182053
:10B700000000326B000018CC7070CC98F03ED0F086
:10B7100010F000000000037F22223E0160380F0F6E
:10B7200038600000376B000032EA3CAC2E30203C21
:10B730000FE8083800000002031F013F111F201806
:10B740000F071C300000396B0000C8E8B8BEA8C85D
:10B75000C03CD6D010F0000000001E12125E7F3FE9
:10B7600060380F0F386000003A6B000008FE282890
:10B77000FE08E01ECAC8087800000004643705050A
:10B78000372464380F07182000003E6B0000A8A87B
:10B79000BCBCA8A8E03ED0D090F0000000003A4227
:10B7A0007E3E0A1A60380F0F38600000436B0000BD
:10B7B000CA0AFEFE4BC9003C0FF808380000000022
:10B7C0003F111F1F121F30180F071C300000466B5F
:10B7D000000048784E4C7848603EE8C80878000081
:10B7E00000007F3F2929293F60380F0F18600000B3
:10B7F000476B00003CFC5454547C40701ED010F049
:10B80000000000001F1D1D57597F40301E071C609F
:10B810000000496B0000A8AEF8F8FCEAC8701EF002
:10B820001070000000001A3E7F3F3F1B60301E0773
:10B830001C3000004C6B00007454547404FC447CB5
:10B840001ED010F0000000001D15155D417F613015
:10B850001F0718200000596B000018F8B6B6FCF856
:10B86000C0781ED010F000000000165A3E065A7E26
:10B8700060301F0718600000626B00000000F000DD
:10B880000000FE40404040400000000020203F20DB
:10B8900020203F20202020200000636B00000202B7
:10B8A000E2020202FE424242420200000000101088
:10B8B0001F1010101F10101010100000646B0000FB
:10B8C00000F000FEFC4040FEC04060200000000090
:10B8D000203F203F3F10103F202020380800656B9C
:10B8E000000040407C4040C0FE48484848400000BE
:10B8F00000006464232130171F08040701000000C2
:10B90000666B000020A424A4A424207EFC242C2800
:10B9100000000000607F203F3F3131001F38407839
:10B920000000676B0000F000FEFC40888888FE88FD
:10B930008888000000003F101F1F4860233C183C0F
:10B94000276100006A6B000044446424147C7C146A
:10B95000342464440000000021213D21213F3F297F
:10B96000292929210000796B000082C262B29A1E47
:10B970001212D27212020000000000303010180DB6
:10B9800007030100000000007B6B000082623E267E
:10B99000A2E202FEC24262220000000010180D075F
:10B9A0000300001F1010101C00007C6B0000C47C02
:10B9B00024E464848C84FC848484800000016131EC
:10B9C0001F07000000007F0000000000816B0000E6
:10B9D000C2BE9692F2A2BE868282BEA00000000085
:10B9E00030180D072030131C0C1C33310000826B03
:10B9F0000000C2FE96D27200FE222222FE0000004B
:10BA0000000010180F0310101F1111111F1010004B
:10BA1000836B0000C47C24E42400F818FE18F8F0BE
:10BA20000000000021310F030121311D070F31619A
:10BA30000000846B0000C47C2CA4E420B0DC460829
:10BA400010200000000061311F07006064263219D9
:10BA50000C040000866B0000C47C24E4E4E0F04C9D
:10BA6000424070E00000000161331E07003E7E226C
:10BA700022223E7E0000876B0000C47C24E46438F0
:10BA8000A6A4646424040000000161311F070809B2
:10BA90002733194F633F0000896B0000C47C24E406
:10BAA0006470DE50D0D010F00000000161310F034F
:10BAB00000001F094F4F703F00008A6B0000847C1C
:10BAC00024A4E4701C10FE1010100000000061336C
:10BAD0001E0731190D077F070D1100008B6B000049
:10BAE000C2BE16F2329098FFF84A4A4800000000A1
:10BAF00030180F03203010180F1C223100008D6BFE
:10BB00000000C47C24E42454744474C6FE0A00007B
:10BB1000000061311E03040444447F050404000056
:10BB2000926B0000C2BE12F232CE4E4A4A4A4EC05A
:10BB30000000000031190F032037100807081037E4
:10BB40000000936B0000C47C24E46460704C4E5889
:10BB500070600000000061311F0320232C20273873
:10BB60002E230000966B0000C47C24E460E8A8BC8F
:10BB7000AEA8E8080000000121310F03203F2A2A67
:10BB80002A2A3F2000009A6B0000C47C24E404F0C1
:10BB90009498F09C96F00000000061310E03080BB1
:10BBA0000A0A7F0A0A0B08009B6B0080E29ED2F211
:10BBB000F212F2F2FADED67200000000301D072009
:10BBC00023222B2F272623260000A16B0000C47CF4
:10BBD00024E40418E8A8AEA8B8B800000000613159
:10BBE0000F0348683F08081F28680000AA6B000080
:10BBF000E2BE92F2626A6A6A6F6A6A6A00000000D4
:10BC0000301C070020273D25253D27200000B36B71
:10BC1000000060E0B88E82828282BEA020200000F8
:10BC20000000203031131C081C1C13313020000090
:10BC3000B46B0000FE1272C27A02B09E8282BEA075
:10BC4000000000001F141611171030130C0E1330D3
:10BC50000000B56B000000FC141416407C0C043C82
:10BC60007C4000000000187F09090D61233D193D4B
:10BC700027600000B76B0000FEFEAAAAFB00A09E92
:10BC80008282BEA0000000001F0322223E20311746
:10BC90001C1C33200000BF6B0000FE4AEA4AEA4E3B
:10BCA000B09E82829E90000000101F121B02071A95
:10BCB00020131E1C17300000C16B0000FC949494EC
:10BCC00094FCC0BC8484FCC00000000022223E32F0
:10BCD000125260271C1C27610000C26B0000D45464
:10BCE000DC5E54D4407C0C047C400000000025271E
:10BCF000257F151560233D1937610000C56B0000D5
:10BD000048F8CE687848603C04047C40000000009D
:10BD100035564B7F1F0D41273D392F410000CB6B1E
:10BD2000000020E07E2222E27E2222E2FE200000AD
:10BD300000000027141C0C072424241F0704000003
:10BD4000CD6B000040C0FE42424A5A5242E2FE40E1
:10BD5000000000000007040404052724341F050424
:10BD60000000CF6B00006030EC2E28E8A82828E8FF
:10BD7000E80800000000021E1F1216161B52527F18
:10BD800013120000D26B000040545454547E7E5471
:10BD90005454544400000000041C1F15151F17556F
:10BDA000553F14040000D36B0000B8EE6828E80883
:10BDB00048785C4C78C8000000001F1155713F1195
:10BDC0007F073F007F402000D46B000000FE404012
:10BDD0004040FEFEC060303000000000203F3010C8
:10BDE00010001F3F2020203C0000D56B000000FE0B
:10BDF0008888C848FED888888CE0000000000404C9
:10BE00000404047E7E04040404040000D66B0000D5
:10BE1000007F4464E4A43F7F44C4467200000000F5
:10BE20002C26303E38292526231906180000D76B0A
:10BE30000000FC84FC84FCFCFC4040FE4020000030
:10BE400000001F080F080F3F3F10183F2030000070
:10BE5000D96B000080BFA4B494949FBFA4A4A6B0E3
:10BE60000000000024221B1B0E06023F2426223263
:10BE70000000DB6B00009898C8C8F8FC4C4444668E
:10BE80006000000000000C0404041F7F464642428C
:10BE900042720000E16B00004464FC662200808076
:10BEA000FE8888880000000004063F2222232F28F5
:10BEB0002828283F0000EA6B000064FC642200D8B8
:10BEC0007C5AE8484C5800000000023F734342424D
:10BED00042425F4242720000EB6B00008484F4D463
:10BEE000D4D6D4D4D4F484840000000003181A1AE1
:10BEF0001A7E5A52535454730000EF6B0000486C82
:10BF0000FC262240EC30DE302CA4000000000202AF
:10BF10003F23212B292427262D380000F36B000016
:10BF20004074343C2CFCAAAAAAAAA8600000000015
:10BF300015157F5F2A2815157F4B4A6A0000F56B9F
:10BF40000000A8EC6BB86EAC2024FCFE32100000A0
:10BF50000000022A3D141A0C04031F3F2139080077
:10BF6000F96B0000B0B8AC2628B09048FCFC4660E5
:10BF7000000000007F0A7F004F7F04043F7F427271
:10BF80000000FD6B00006CFC2422A4BC64B4FEB471
:10BF9000BC1000000000023F63535F4F58525752DD
:10BFA00052720000056C0000F80C686EECFEB09850
:10BFB000FE68B88800000000202A1A1A1E7E575515
:10BFC000555554790000066C000048FC6C245868F4
:10BFD0007C48786E784800000000063F7642405F5B
:10BFE000555555555F300000076C00004CFC6462ED
:10BFF00010786E6C7C6C787000000000043F764214
:10C00000405E565656565E7000000D6C00007EDA9B
:10C010007EFC5A5A7C4CFCFC2420000000003F3F70
:10C020002D3F2D2D20021F3F233110000F6C0000EB
:10C0300000F8F88C8C8CFCFC848484800000000068
:10C04000007F7F203030100F386040700000106C8F
:10C05000000000FC444646427EF24243404000005D
:10C060000000003F3010100C38030E302038000064
:10C07000116C000000FE12121272F212121E1E004B
:10C0800000000000303F31111111070D112121195D
:10C090000000136C0000F8F80E0808FE9292F2926D
:10C0A000929E0000000007070404203F3010111F7B
:10C0B00030300800146C000060B0AEA8A8A8A8A892
:10C0C000A8A82808000000000000000000000000F0
:10C0D000001F60600000156C000010989696949404
:10C0E00094949494140400000000406030180E00F2
:10C0F0000000003F60600000166C000030584E5495
:10C100005454545454D414040000000060311F01EE
:10C110000147457C001F60601000186C00001098FB
:10C120009E969494949494941404000000006030BB
:10C130001E00007E7E00003F60600000196C000061
:10C14000305846545454545454D41404000000003D
:10C15000003E20203F20207E001F707000001A6CDF
:10C16000000030989696949494949494140400004B
:10C170000000603E0E007E00007E001F7060000028
:10C180001B6C000030585ED65454545454D41404DC
:10C19000000000004446371C44447D02041F7060C8
:10C1A00000001F6C0000B0D8C6D4D4D4D4D454D46A
:10C1B0001404000000000C6A3A0F0A7F0A2B181FB3
:10C1C00078603000216C000008ACABEBAAAAAAAAE8
:10C1D0002AEA0A02000000000515171F2A2B2B2649
:10C1E00004073C301000226C000010C8D6D6D4D40E
:10C1F000D4D454D4140400000000444C4E4A7A4B6A
:10C200004B4E441F78600000246C000030585E5490
:10C210005454545454D4140400000000007F353D9D
:10C220002F2D357F001F78603000266C00003038DD
:10C230002634B434343434F414040000000051556E
:10C240006F2F3D15392D411F70603000276C0000A5
:10C250003058C6545454D45454D41404000000002C
:10C26000111515157F151515101F70601000286C1D
:10C270000000B8ACA3AAEAAAAAAAAAEAEA020000A5
:10C28000000022222E3B1A1A1E3223033F301800D0
:10C29000296C0000305846545454545454D4140457
:10C2A00000000000415D417F417F515D401F706093
:10C2B00000002A6C00004854535BFA5A5A5A5AFA42
:10C2C0000A02000000002027150D053D2527300734
:10C2D0003E3800002E6C0000189C539ADA9A9A5A45
:10C2E0001AFA0A0200000000222E13190E0919364C
:10C2F000200F382018002F6C000010ACA6B4B4B486
:10C30000B4B434F4040400000000242C15557D1549
:10C31000152F240F7C603000306C000010A8A6B4EC
:10C32000F4B4B4B434F4040400000000027B3F2FE2
:10C330002F6F7F3B020F70600000326C000030B83E
:10C34000A6B4B4B4B4B434F4140400000000203B28
:10C350002B392939293B203F70601000346C0000D4
:10C36000202020E060FEFE80C06030000000000061
:10C37000101C0603407F3F01030C18100000356CB1
:10C3800000002062460400000000000000000000E1
:10C39000000000180C070100000000000000000071
:10C3A000386C00008080909216F4F48C008060203D
:10C3B0000000000030180E43407F3F030F1810307C
:10C3C00000003D6C000040602030180CEE1830205A
:10C3D0006040000000002131194F43607F070E1BB1
:10C3E00031200000406C000060448C000404040410
:10C3F000FCFC04040400000060301C040000404009
:10C400007F3F00000000416C000040C68440404077
:10C4100040FEFE4040404000000020380C0000007C
:10C42000007F7F0000000000426C00001050901060
:10C4300010FEFC901694D810000000001018094D52
:10C44000447F3F03070D18300000466C0000406039
:10C4500020301E0CEC18102060400000000021313C
:10C46000194F43607F070E1B31200000476C00000E
:10C4700040C48C00FC040404040404040000000014
:10C4800020180E003F202020202020200000496C92
:10C49000000040448C00047CC40404C47C0C0000F4
:10C4A000000020380E602030190F0E193060000097
:10C4B0004A6C000060448C000C7CC43464847C0CA6
:10C4C0000000000020380C406030190E0E1930605A
:10C4D0000000506C000040C48C80C0709C1E101086
:10C4E000D0700000000020380C01602031190F07C7
:10C4F00001000000546C000020634220384745448E
:10C50000C4C444040000000030180600382C262360
:10C51000212020380000556C000040C48C00E00051
:10C5200000FEFC0000E00000000020380E003F206C
:10C53000203F3F20207F0000576C000060440C80AB
:10C54000848484FCFC8484848000000020380E00F5
:10C550000000007F7F00000000005B6C00003022C4
:10C5600026004242FE424242FE0000000000301C13
:10C57000070000003F0000001F3008005C6C000056
:10C580006046040000FC84848484FCFC00000000FD
:10C5900040301C02007F40404040417110005D6C03
:10C5A000000040C40C2020E03C2620E0E0202000D9
:10C5B000000020380E606327341C1C173060000018
:10C5C0005E6C00009092929292FEFE121292D250F5
:10C5D0000000000010180E23203F1F03070D181045
:10C5E00000005F6C000040C48C00080808F80808D0
:10C5F00008080000000020380C202020203F3020B8
:10C6000020200000606C000040C40C80F8F840FC62
:10C61000FE3030F00000000060380E003F7F4047E1
:10C620004F4446731000616C000040C48C4044C409
:10C63000C444444444440000000060380E00000339
:10C64000424242623E000000646C000020624600EC
:10C6500022B2F22AAEE622E000000000301C070001
:10C66000223118062320380F0000686C0000604457
:10C670000C00FC848484848484FC00000000603806
:10C680000E007F2020202020207F0000696C000009
:10C6900060440C00FC848484848404FC000000005A
:10C6A00060380E007F2020202020207F00006A6C50
:10C6B000000040C48C00040404FCFC0404040000DA
:10C6C000000020380C002121213F3F2121210000C2
:10C6D000706C0000604644202020A0FEE020202056
:10C6E0000000000020380E60301C1F31230E38601F
:10C6F0000000726C000060440C0004FCCC04645C1C
:10C70000C0400000000020380E701C4361361C1E23
:10C7100033600000746C000060460C00101010FEC6
:10C72000981010100000000020380E000000007F5C
:10C73000010103020000766C000060440C1010F050
:10C74000101618D070100000000060380E60203005
:10C750001B0E1F3120600000796C000040C48C006B
:10C76000F00C38E0F80E00F00000000020380C005B
:10C770003F2C26212126247F00007D6C00004044B0
:10C780000C2098AEA8A8A8A8A8080000000020388F
:10C790000E000000000000003F6020007E6C0000E2
:10C7A00020624644705CC640404EF86000000000C5
:10C7B000301C0720301C0720203C0F000000816C3B
:10C7C000000060C40C008000E60C1810808000009F
:10C7D0000000601C040F03007F404040700704000D
:10C7E000826C000060440C0080FC444444C4464019
:10C7F0000000000020380E603F070000007F0000AE
:10C800000000836C000040C48C8088888CFC8C8481
:10C8100084800000000020380E6020300E030718CE
:10C8200030600000856C0000206246404242C242F7
:10C8300042C2424240000000301C0620100E03009D
:10C84000003F20380800866C00003222040808E807
:10C85000282F28E8080800000000301C0730180FB7
:10C860000000003F20380000886C00002062460075
:10C87000380888FFC808083800000000301C06206F
:10C88000301C07013F2020380000896C0000206226
:10C8900046000EE2E22222E2020E00000000301CFE
:10C8A0000620300F0300003F203018008C6C000081
:10C8B00060C60408E80808FE0808C8C800000000B0
:10C8C00060380C000704047F44444F6F00008F6CF5
:10C8D000000030620610FF181802FE0202FE00007F
:10C8E0000000301E02000722130E0320301F00003C
:10C8F000906C000040C48C202020E0FEE0A02020AE
:10C900000000000060380C180C07017F00030E18AF
:10C910000000936C00008848683888FE7E307048BC
:10C92000CC8000000000003F7F2929292929293FC8
:10C930007F000000946C000030222602FA0202FE02
:10C94000121212F200000000301C07000101012148
:10C9500021213F0F0000996C000022664480F018EE
:10C9600000FE0000986000000000101C060030105F
:10C9700010090C06030000009B6C000060440C08CA
:10C98000C84848FE484848C80000000060380E000B
:10C990001F00007F0010101F00009F6C000030235C
:10C9A00002301CC77404840404FC00000000301C26
:10C9B00007000203020223263F0F0000A16C0000C3
:10C9C00044C48880403C0404047C404000000000D3
:10C9D00020380C4061273D19392763600000A36CA3
:10C9E000000044C48808909090FEFC909090000055
:10C9F000000020180E040404047F3F040404000017
:10CA0000A46C000060440C00FC0424C484E43404DE
:10CA100000000000301C06003F282C2623232E2077
:10CA20002000A56C0000226204FEFE2222FA2222CF
:10CA300022E200000000301E221F03301C072020CD
:10CA40003E0F0000A66C000040C48CC060B0180E01
:10CA50000C3020400000000060380C00007F44468D
:10CA6000434161300000A76C000060440C60F0D0CE
:10CA70004C464CD860600000000020380E001F3F7C
:10CA80002024242730180000A96C00003022061052
:10CA90001214FCBF901010F000000000301C073092
:10CAA000180E030021223E0F0000AA6C000040C4B3
:10CAB0008C00F0F010161810F0F000000000203884
:10CAC0000C603F010101010103030000AB6C000099
:10CAD00040440C10909090FE9090909000000000C8
:10CAE00020380E30180C037F030618300000AD6CA0
:10CAF000000040C40C202020E0FEE0242C20000098
:10CB0000000020380E180C07017F00030C180000ED
:10CB1000AE6C000040440C0000FC44444444FC0063
:10CB20000000000020180620203F222222223F2061
:10CB30002000B16C00006046040038C8C80E0C88A4
:10CB400088380000000020180E00001F3F2321211C
:10CB500020380000B26C000060C40C6038CE08E8D9
:10CB6000E8C8C8080000000060380C02037F414F8D
:10CB70004F484F700000B36C000064C40C04E42400
:10CB800024E4E404FC040400000060380C000F04FA
:10CB9000044747407F000000B86C000060440CC8A8
:10CBA0004848FE48FE48787000000000301C06032C
:10CBB000321E03027F02121E0000B96C000060C624
:10CBC0008400F01010FEFE1010F00000000020386D
:10CBD0000C007F22223F3F22227F0000BB6C00001E
:10CBE00040C68C40E0F8CC42405860C000000000D5
:10CBF00020380E007E22222222227E000000BC6C01
:10CC0000000040C48C0084C47C1C8484E47C00004C
:10CC1000000020380C007E3E222222223E3E0000F0
:10CC2000BD6C000060C68410101010FEFE101010C5
:10CC30001000000020380C007E3E222323223E7E7E
:10CC40000000BE6C000060464400000000FE1010B2
:10CC500010101000000020380E007F21212121211A
:10CC60003F7F0000BF6C000020444800403C0404AB
:10CC7000047C40400000000020380E007F7F21210E
:10CC800021217F000000C46C000060440C20FC20C7
:10CC900020FE2020FE202000000020380E003F2033
:10CCA0002027242427200000C56C000060440C00CD
:10CCB000FC0404F4840404FC0000000020380E008E
:10CCC0007F282621212E287F0000C96C000000FC4F
:10CCD000A4A4A4A6A4A4A4A4FC00000000002232E2
:10CCE0001A4E427F3F041C1223200000CA6C000031
:10CCF00040440C00F010181E1010F0F0000000006E
:10CD000020380E007F21212121213F7F0000CC6CA3
:10CD1000000040C40C80C0E0E60C88F0DC0000009D
:10CD20000000603C0467303F7F47414071170000BE
:10CD3000D06C000044C408FC04FC0C20FE2020E061
:10CD400000000000701C047F08096F380F40603F2E
:10CD50000000D36C000060C404E424243C00F83CD0
:10CD6000000000000000603C0443427A0E382F208F
:10CD7000277C0000D46C000060444C1010FE1010A2
:10CD80001010FE100000000020380E00007F21214E
:10CD900021217F000000D56C000060444C00909081
:10CDA00090FEFC9090900000000020380E0030387B
:10CDB0002633301438600000D66C000060C404F8DC
:10CDC000FC06FA00FC0404FC00000000301C004FCC
:10CDD000673C0F007F08080F0000D76C000060441C
:10CDE0000C00FC04FC04FC0404FC00000000603C9B
:10CDF00006007F2E23202322227F0000DB6C000010
:10CE0000302226002426223E22A2E3200000000039
:10CE1000301C070038081C36232120200000DE6C5F
:10CE2000000060C40480B888888E8C8888B8800030
:10CE3000000060380E000040407F3F00000000000E
:10CE4000E06C000040C40C4020300C460C30204008
:10CE50000000000020180600010919316D070300C9
:10CE60000000E16C000040C60C60F8CE4848C808DD
:10CE700088F80000000060380E003F7F42424348BF
:10CE80004F770000E26C000060460400F88888FEDE
:10CE90008888A83800000000201C06384F61271C35
:10CEA000183623600000E36C000060448C1010D042
:10CEB000101E10D0D0100000000020380E20202FAF
:10CEC0002C20383F20202000E56C00003022060096
:10CED000FE12D2121292921E00000000301C073087
:10CEE0000F001F33212120380000E86C000060444F
:10CEF0004C00101010F6F810101000000000203840
:10CF00000E202121213F3F2121212000EA6C000039
:10CF100040C48C00FCFC44444444FCFC0000000081
:10CF200020380E007F7F222222223F7F0000EB6C00
:10CF3000000040440C101090703618D050100000C3
:10CF4000000020380E0031392D2723343C700000BA
:10CF5000EE6C000060440C00445840FEFC505C4005
:10CF600000000000201C04020202027F3F020202B5
:10CF70000000EF6C000030222600FE929292F292A6
:10CF80009E9E00000000301E03203F301010071C42
:10CF900030380000F06C000088A8A8A8E8BEA8A857
:10CFA000A8A8A888000000000426371D587E3E1857
:10CFB0001D3326040000F16C000040C40800F0108E
:10CFC00010FE1010F00000000000303C066121311E
:10CFD0001D070F1931610100F36C0000302302407E
:10CFE00048C94BFAE282602000000000301C07189C
:10CFF0000E23203F01030C180000F56C00003212D4
:10D000001A7E4ECACA4A4A7A7A02000000001119F2
:10D010000D07233F1F020E0B19100000F66C0000D5
:10D0200070141C101016FC10181C927000000000E8
:10D030002131194F43607F060E1B31200000F76C31
:10D0400000002062461010D0FF10F21694D00000AD
:10D050000000301C06301C0730183F26213000002D
:10D06000F86C000040C68400E020203E3C24E4E44C
:10D070000000000020380C603F020202020203039D
:10D080000000FA6C000040C40C80FC8484F4F48638
:10D09000868000000000603C04301C04407F3F009C
:10D0A0000C380000FB6C000060C40C0C0CF43C2439
:10D0B0002424241C000000006038060404050545F3
:10D0C00045613F000000FC6C000040C408203CA407
:10D0D000E0BEA0A4AC2000000000301C06180E63C7
:10D0E000271C183623600000FD6C000040C4088037
:10D0F00084CC746474DC8C8000000000301C060852
:10D100000A0A0A7F0A0A0A080000FE6C000040C4EE
:10D110008C0084C44464745CCC800000000020381F
:10D120000C202222223E3E2222220000016D00001D
:10D1300040C48C08888888FE8888888800000000A1
:10D1400020380E007E22222222227E000000046D62
:10D15000000060C60C04FC04E42424E404FC000089
:10D16000000020380C047F2027242427207F000083
:10D17000076D000064CC0800FC4444F4444444FCC3
:10D1800000000000301C06007F282C23232C287F61
:10D1900000000B6D000060448C0090969CF0F09CA9
:10D1A000969000000000301C06040404047F3F0435
:10D1B000040400000C6D0000326684E2BE16F232F8
:10D1C000FCFC00FF00000000380E0020190F0300D7
:10D1D0000323203F00000E6D000020464400F85855
:10D1E000484E4A4848F80000000020380C007F24D0
:10D1F00024242424247F0000126D000060440C04C9
:10D20000E424FC24FC2424E4000000006038060030
:10D210007F2623202122227F0000176D000022227A
:10D2200004405C4FC87FFEC8484840000000301EE4
:10D230000320100F03001F3F20301800196D00005D
:10D2400060444C80B09C90FEFE9090908000000066
:10D2500020380620100C077F7F071C3000001A6D55
:10D26000000060C68490988C5E7474DCCC800000F2
:10D27000000060300C011A12123F7F1212120000DF
:10D280001B6D000060440C60301CAEC8E8B808009C
:10D2900000000000301806023E7F222222237F0376
:10D2A00000001E6D000064C48CFCFC1494949494E3
:10D2B00004FC000000006038067F7F000F04044774
:10D2C000407F0000256D000060C40C20A8A8A8FEC7
:10D2D000A8A8F82000000000203C06101212127FBF
:10D2E000121212120000276D000040440488C8F892
:10D2F0005E4A4848C8080000000060380C01007F02
:10D30000090909497F0000002A6D000060460C10E1
:10D3100010FEFC1010FE10100000000020380C025F
:10D32000221B0B02020B326202002B6D000040C474
:10D330000C00F010F81EF010F00000000000301C8F
:10D3400026203F203F203F203F2020002E6D000060
:10D350002062060818B0FF00FFB0180C00000000A3
:10D36000301E0222130F03003F2121330000316DD4
:10D37000000060440C0004FC24242424FC0400006D
:10D38000000020380E00181F190909097F08000045
:10D39000326D0000226604E060FEE0C0FE60C0FE68
:10D3A00000000000180E02301F0300001F00003FA5
:10D3B0000000336D000062C60490FE10F000FC0413
:10D3C00004FC00000000701C0063361E33007F2048
:10D3D000207F0000356D000062460460F8CE4848AA
:10D3E000C80808F800000000603C06001F1F09493B
:10D3F0004F407C1F0000396D000040C48C0004E4E5
:10D4000024242424E4040000000020380C20202FD1
:10D41000292929292F2020003B6D000040C48C4081
:10D42000484C4CFCFC4446400000000020380E00F4
:10D430003E3E222323223E3E00003C6D000020445D
:10D440004C404848487E7C4848480000000020384E
:10D450000C202424243F3F24242400003D6D0000A0
:10D4600040C68C406070584E4C5870600000000000
:10D4700020380C00007E222222227E0000003E6D19
:10D48000000022460400FC04E43474D692800000BC
:10D490000000180E02380F001F18180B0D1800009E
:10D4A000416D000060C48C08C8E8D84E487868C850
:10D4B0000000000060380E603E0E007F003E7E607F
:10D4C0002000436D000060440C0828E808FE08486E
:10D4D000680800000000301C066121311D070F198B
:10D4E00031610000456D000040C40C202020FEF09A
:10D4F000949C909000000000603806016121311F6B
:10D50000396C46720000466D0000446C20FE00C875
:10D51000DC7664241C0C0000000022321A0E427FCC
:10D520003F0C1C3233200000476D00003022060003
:10D530004424273C34764E6000000000301E032156
:10D5400031190F011F3F21310000486D0000604676
:10D550004400E02020BE2424E40400000000203821
:10D560000E406730180F1010276000004A6D000051
:10D5700040C48C00F01010FE1010F0F0000000000D
:10D5800020380C202322223F22223B7300004B6DC7
:10D59000000060C40CFC04F404FC00FC00FE00006D
:10D5A0000000701C0467301F1067004F407F0000B0
:10D5B0004D6D000060C40C4020704C464C50206003
:10D5C0000000000020380C02223A2E22223A3202B9
:10D5D00000004E6D000060C40C080898E8CEE8B862
:10D5E000880800000000301C0661311F0000007F29
:10D5F000010100004F6D0000448C0850909CF01019
:10D60000F8F800FE00000000301C043019071C1060
:10D610000747407F0000516D000060440C0C2CE473
:10D6200074A4A424241C00000000303C060809094E
:10D63000093F7F0909090000526D0000664440401F
:10D64000C4C8203C0EF8080800000000701C000050
:10D650003F3F1901017F01010100536D000060444B
:10D66000043808C8783EE80888B800000000301C7C
:10D670000202037F2030130F19302000546D000088
:10D6800060C40C00949494949494FC0000000000F6
:10D6900060380402020A1A42427F02020000596DF9
:10D6A000000030220608FFFE88FCFE22E321000075
:10D6B0000000301E03213F1F301F01003F0000000B
:10D6C0005A6D000040C4880090781610105CD89005
:10D6D0000000000020380C4964263B123A2E6241BB
:10D6E00000005C6D000040C48C0000F84C4444C451
:10D6F000464000000000301C040464370404041F8A
:10D70000346400005E6D000040C40C007C4444C4DE
:10D7100044447C0000000000301806301E0E103F0C
:10D72000322222220000606D000060C40C4050D400
:10D73000FC6C4C5C524000000000603C0404063F5E
:10D74000027F7F02223E0000636D00002262060419
:10D750008CA4A4A7A6A4A48C00000000301C072061
:10D76000301C07001F3F20380800666D000040C4D1
:10D770000408C84848FE484A4ECC00000000603803
:10D780000E007F09097F0949693F0000696D0000AB
:10D7900040C40C80B89C90FCFE909090000000006B
:10D7A00020380E003E7E222222223E7E00006A6D3C
:10D7B000000064C40800F828282E2828F80000007B
:10D7C0000000301C06007F2121270D192560000074
:10D7D0006E6D000060444C005C74447C44E6DA02E8
:10D7E0000000000060380E040444447E0705040471
:10D7F00000006F6D000024444C809494FC9C949431
:10D80000F4848000000020380E007C24242424248A
:10D810007C000000746D000060440C1098CC6630F1
:10D8200060C4881000000000203804037F222222F8
:10D8300022227F030000776D000040C40C30F8EE18
:10D840002868A828E86800000000603C06011F1155
:10D85000111759513F110100786D00002246448094
:10D86000A2AAAAAAAAAABE8000000000301C0641F3
:10D8700062263A323A2E664300007C6D0000306327
:10D880004210F81E13F27E1610F000000000301C4B
:10D89000062021110D073F2121390000826D000073
:10D8A00040C48C6030504CC64C58702000000000C2
:10D8B00060380C221A4A427F02021A320000856D3B
:10D8C000000060440C00FC9494949494FCFC0000D0
:10D8D000000020180E202424243F242424240000A7
:10D8E000886D000010220600F296909F9F90F6F23D
:10D8F00000000000301C07003F04040424243F1FE4
:10D900000000896D000040C40C40407C40FEFE4891
:10D9100048480000000060380400466320371F0CB0
:10D92000070100008C6D000044C48C00C44454F412
:10D93000747C4CC00000000060380E007F09097F35
:10D940000949497F00008E6D0000322604A23AE6A4
:10D9500000F602FE222200000000381E22331E1BA9
:10D960003027242724240000916D000060C40C0897
:10D97000E82828FE2828E8E80000000020380C20CD
:10D98000331A0E7F0E0A13230000936D000040C46B
:10D990008C0080BCA4A4A4A4BC800000000020389B
:10D9A0000C007F0A0A0A0A4A7F3F0000946D0000BB
:10D9B00044C48C009C90D07E70D0901C000000006D
:10D9C00060380C0105040405663C0D010000956DEE
:10D9D000000064440800D0565CF0505C56700000B3
:10D9E0000000301C0630131A0E7F0212121E0000B7
:10D9F0009B6D000040C40C80A8A8E8BEA8A8A8A8F9
:10DA00000000000060380E30180E031A52427F02E8
:10DA100000009D6D000020620604642E2FE4242F78
:10DA2000246400000000301C072031190F2321312D
:10DA30001F0000009E6D000040C4880828E808FE12
:10DA400008C828080000000020380C31190D077F95
:10DA5000070D193100009F6D000022662426EC049A
:10DA6000342EF7F4242400000000180F20101F119A
:10DA700031212F2F21210000A06D0000244408FC3B
:10DA8000045454FC545404FC00000000201C047F87
:10DA90002222223F2A2A267F0000A16D0000404456
:10DAA0000880BCA4A4E4A4A4BC800000000020382A
:10DAB0000C7F7F180C07064C407F0000A36D000010
:10DAC00042460420F8EC26E4F43CE40000000000A8
:10DAD000301C066223331A070E1A33620000A46D4D
:10DAE00000006046448098CC5E64745CCC8000008A
:10DAF0000000603806221A0A427F3F021A320000F4
:10DB0000A66D0000444408F00C2824E4242404FCFE
:10DB100000000000701C047F0011111F1151407F94
:10DB20000000A76D000044C408F40CE02424E4E4E1
:10DB300004FC00000000701C007F000F09090F4F5B
:10DB4000407F0000A86D0000448C00E4243C80FE6F
:10DB5000A0B0988480000000701C0343623E007FE8
:10DB600020231C300000A96D000040C40800B4C48C
:10DB7000643C8484E47C00000000603804203C3E67
:10DB8000203F242424240000AA6D000040C40C80FF
:10DB900088B8888E88F898880000000020380E0029
:10DBA0003E7E222222227E000000AB6D000040C497
:10DBB000080818E8282E2C28E81800000000203853
:10DBC0000E00007F252525257D380000AE6D000064
:10DBD000444C08FCA4A4E4BC00F800FE00000000D3
:10DBE000301E300F1F007F1F0007407F0000AF6D09
:10DBF000000040440C00FC84A4A4FCA4A4A40000E5
:10DC00000000301C263C272424243E242424000029
:10DC1000B26D0000448C0888E83888EEF848C8C81F
:10DC200000000000301C00017F0261331D1D2360D5
:10DC30000000B56D000040C408F0044484F494CCA6
:10DC400044E000000000201C043F24222B2F21224E
:10DC5000267F0000B86D000060C40CFCFC2424FC8E
:10DC6000242404FC0000000020380C7F3F2F2929C9
:10DC7000292F207F0000BF6D000040C40C44E4B495
:10DC8000FCCC8484442400000000601C0432134B4C
:10DC900044673F010F180000C06D000030220600ED
:10DCA0003CA424E7E624243C00000000301C0330A0
:10DCB0001F0F183F3F2121210000C46D000040C408
:10DCC0008C103CC6107CC6186CC2000000002038C6
:10DCD0000E007F25253F2525257F0000C56D00000E
:10DCE00062C40010FCFE1010FC44C640000000009E
:10DCF000300E00073F7F013F03007F000000C66D2C
:10DD0000000040C40C4050D47C4C4C5C524000009D
:10DD1000000060180606037F151555557F000000AA
:10DD2000C76D000060440C0808FE28282828FE085B
:10DD300000000000201C0664241F0505051D376433
:10DD40000400CB6D000060C40810F0FE9010D0FEFF
:10DD5000D01000000000301E0807037F090E037F6B
:10DD6000030E0000CC6D000040C40C00C458407E7F
:10DD700040504CC40000000060380E007F001F09B6
:10DD8000094F407F0000D16D0000216322A03EFFBB
:10DD9000A4267E82E23E00000000380E0427203FC9
:10DDA0002137180F1D300000D66D000042C6040058
:10DDB000E0A0A0BEA4A4E4E400000000301806081F
:10DDC0000B0A0A7E0A0A0B0B0000D86D00006046A1
:10DDD0002430CC7AC848484808F800000000301CBD
:10DDE00006011D111F11515D703F0000D96D00002B
:10DDF00040C40C081848484E4C4848180000000021
:10DE0000603C06203909417F3F0119310000DD6D7A
:10DE10000000644400FC24FC00FC04FC04FC000042
:10DE20000000701C741F427F007F4141417300005D
:10DE3000DE6D0000624410D0FED050788CC01E70A1
:10DE400000000000301C06017F0001382F203C78C4
:10DE50000000E06D000060C48C00FC9494FC94947D
:10DE6000FCFC0000000020380C42221E0202027E50
:10DE700002020000E16D000020464400D844609E8C
:10DE800030306C4400000000100C062037111C07D5
:10DE90000E1C13310000E46D000022620408FB4EEA
:10DEA000C868388F8C3000000000380E301E2320E8
:10DEB0003F00081831200000E66D000040C48C20AF
:10DEC00020504CC64C58702000000000301806202E
:10DED000213D213F21392D210000EB6D000020461E
:10DEE00004009CA484BCC4E67A0800000000301C36
:10DEF00006042424243F242424240000EC6D000084
:10DF000060440C0088E8880E8C68C8880000000017
:10DF1000301C06050504047F050404050400EE6DAD
:10DF2000000040C40CC0F0FC9690FE989090000059
:10DF30000000203C0400007F24243F24242400000F
:10DF4000F16D000060440C0C4C3414841434645C97
:10DF500000000000301C0631110D077F070D19313C
:10DF60000000F36D000020440C0404745456545413
:10DF7000740400000000203C06080949497D0F0B8D
:10DF80000B080000F76D000030220600BE2A2A2A86
:10DF9000AA2A3E0000000000101C07003F22321297
:10DFA0003F2622330000F96D000040C48888C8B8BD
:10DFB0008EC888B8E88800000000203806001F0AD4
:10DFC0000A7F4A4A4F700000FB6D000060440C2439
:10DFD000A4E47C2C24E4A42400000000601C0413AE
:10DFE0000D407F3F0C1807190000FC6D000080C831
:10DFF000683888FC7E30F84CC00000000000325EBB
:10E000006E3F1E323A4E7F0E1E230000056E00004A
:10E0100064C40C445454547E5454544400000000CE
:10E0200060380C007F15151555557F0000000A6EED
:10E03000000060440CFCFC98B0FCA0B880FE00001E
:10E040000000701C663F0318063F030C087F0000A9
:10E050000C6E000064C40C40545454D454747C407E
:10E060000000000020380E30110A4C7F040A1130E5
:10E0700000000D6E000040C40C405454547E5454B3
:10E08000544400000000203804404F21211D21216C
:10E090002F4000000E6E000044CC080028A8A8BE47
:10E0A000A828A86800000000301C04446526140F4E
:10E0B000071424640000106E000060C40CC83EE821
:10E0C0000808FC44C44600000000601C0409097FE5
:10E0D0000D7D1F007F000000116E000060C40CC0A9
:10E0E000DC5454F45454DCC0000000006038041FB9
:10E0F0000F0A0A7F4A4A4F6F0000146E000060C684
:10E100000460F82C26E43C2CE0C00000000020183D
:10E1100006202F29292F29292F2F0000166E0000F5
:10E12000448C0818C84848FE4848C8D80000000079
:10E13000203C06001F09097F09090F0F0000176E18
:10E14000000040C6044050D87E5A48CC4C500000D5
:10E150000000301C0603557E2A2B351419030000DD
:10E160001A6E000040C40C404848FCFC68785844D3
:10E1700000000000203C0602027F292929297F0097
:10E1800000001D6E000044C4083090B8ACA62CA856
:10E1900010B000000000701C04007F0A4A7F004F8E
:10E1A000403F0000206E00001092C600FC54545402
:10E1B0005454740400000000652534140D7F7F0D55
:10E1C000153525650000216E000060C40C00F8289C
:10E1D000F8AEACA8F82800000000701C643F07628D
:10E1E000263A323A2E600000236E000060444C480C
:10E1F00048A898FE98B8E8480000000030180620AB
:10E20000202F2A2A2A2A2F202000246E00002246AE
:10E2100034745EDF543410FF10F000000000180F5B
:10E2200000263F1F02321E23203F0000256E000003
:10E2300032620600FE2AEA6A2A6AAA2E000000005C
:10E24000300C223E272525253F2525250000296E57
:10E25000000040C48C00FC9494949494FC00000052
:10E26000000020380C203E223E223E223E3E00008E
:10E270002B6E000020440808FC8888BEA8BCBC881F
:10E2800000000000301C046424140C7F0C1434249F
:10E2900000002D6E000024644C00BCB4B4BCB4B4C7
:10E2A000B43C0000000060380E007F0A0A0A0A4AE7
:10E2B0007F0000002F6E000040C40C4848FE484814
:10E2C00048FEC8484000000060380406037F494902
:10E2D000494F61260000326E000060440C18B8A857
:10E2E000A8AEA8A8A81800000000301806202F2FFC
:10E2F0002A2A2A2A2F202000346E000044C40C0051
:10E300007CFC545454547C0000000000301C060275
:10E310001F1119171559713F0000386E0000226255
:10E320000408FB4EC8182FA4E42404000000380E93
:10E33000301F21201F01213F1F0101003A6E000004
:10E34000644408FC24FCC0F000FE10F00000000053
:10E35000701C043F111F4160301B0E030000436E10
:10E360000000448C084444FC462424FC242400007F
:10E370000000301C00623E070209097F0909000005
:10E38000446E000040440C00FC24A4BCA4A4A4BC23
:10E3900000000000201C06380F007F2A2A2A2A7F4E
:10E3A00000004D6E000060C604809C90909E90908E
:10E3B0009C9C00000000203C06007E027E033E0282
:10E3C000427E00004E6E000040440C04E424E4BC95
:10E3D000E4E424E400000000203C06027F203F2407
:10E3E0003F3F207F0000536E000040C40C2030AC43
:10E3F000E62020ACF81000000000301804203D2575
:10E400003C243D253C200000546E000044C408D04C
:10E41000D05ED8D010DC12D000000000201C047F99
:10E420003F497F3F004F407F0000566E0000322280
:10E43000048888FE8808FE1212FE00000000380ED4
:10E44000021F08080F3C0F21213F0000586E0000FA
:10E4500024640410F0FE1030FC2424FC00000000B2
:10E46000701E0807037F01037F22227F00005B6E7E
:10E47000000044C40C0808FEA8A8A8A8FE080000D4
:10E480000000201804023E233A2E222E3B220000D8
:10E490005F6E000044C40C00F8A8A8AEA8A8F878E5
:10E4A00000000000301804202A2A2A3E2A2A2A22A4
:10E4B00000006B6E0000448C0844C4FC46C060FE43
:10E4C00000E000000000301C040C037F03611C0707
:10E4D0001F7000006E6E000060440C04F414FC1405
:10E4E000FCFC14F400000000301C06202525253F0C
:10E4F0002525252500007E6E000062CC0024948432
:10E50000FC86FC84943400000000301E00000E0ADB
:10E510000A0A4A4A7B1800007F6E000060C40C00A3
:10E52000FC9494949494FCFC00000000301C0620A1
:10E530002E283F203F3E2C260000836E000060C442
:10E540000C405C54547E54545C4000000000203861
:10E550000C004F21211D01212F400000856E00007D
:10E56000448C88FCF404FC207EF4BC900000000085
:10E57000300C60330F382701211F7D671000866E35
:10E5800000003162989C96F3948A7EC2E21E0000DD
:10E590000000380E182E201F022C180F1F3000000C
:10E5A000896E000040C408FCA4A4FCC4F4E4BC844C
:10E5B00000000000601C041F180E7C301C0F7E60E1
:10E5C00000008F6E000040C40C00F8A8A8AEFCA8A4
:10E5D000E88800000000301C263F077A2A2A2F2AEC
:10E5E0003B380000906E000040C40C00FCE4E4A442
:10E5F000BCA4A4E400000000701C643E07314B4240
:10E600007E020A3B0000986E000044C40C2028E8FB
:10E61000683E28E8A8280000000030180E203D259C
:10E620003D253D253D3F00009C6E000040C408F89C
:10E63000FC4472C4FC8C847C000000003018040090
:10E640007E2A2A3E2A2A3E3E00009F6E0000604439
:10E650000C0CFCF454545454F40C00000000301C16
:10E66000066425150507051D35640000A26E00002F
:10E6700062C4081092DC1010505C92900000000000
:10E68000301E20213E223E223E223E210000A56E69
:10E69000000022620404F45454FE545656F4000060
:10E6A0000000701C0604071D3545457F0505000068
:10E6B000A76E000060440C04F494FC94FC9494F461
:10E6C00000000000601C042424140C7E0C1C342464
:10E6D0000000AA6E000060440C009CD4A49C4496E8
:10E6E0001E0000000000301C06486A2B3B0E1A2B4F
:10E6F0002B4A0000AF6E000044CC10D418F01ED09E
:10E70000FC2424FC00000000701C00331E03026780
:10E710001F02427F0000B16E000064C4004454D464
:10E72000745E54D4544400000000301C02222515AD
:10E730000D7F0D1435230000B26E000040C60400AA
:10E74000FCA4A0FEA4A4A4FC0000000020380E40FD
:10E75000662E3A33323A6E620000B46E00006044B6
:10E760004C00FC5454565454FC0000000000301C73
:10E77000066465351D0F1D2727640000B66E000076
:10E7800060C40C08D868A8CE8C2868580000000027
:10E7900020380604067F252424257E060000B76E57
:10E7A0000000644408FC5454F4F4945414FC000035
:10E7B0000000301C067F25252A2B2723227F0000FE
:10E7C000BA6E000044C408E4A4A4BC80E4A4A4BCC1
:10E7D00000000000301C06125E483F10124C683FDB
:10E7E0000000BB6E000020424400BEAAAAAAAAAA4A
:10E7F000BE800000000060380E10164C7F3F121ED5
:10E80000487F0000BD6E000042C60400FE22EA2AD6
:10E810006AAAAA6200000000301C063C07041D35ED
:10E82000457E3F070000C16E0000644400FC649C0C
:10E830001038ECEE281000000000701C047F080F58
:10E84000394D7F3F05390000C26E000060440C0066
:10E85000683838AEAC3828E80000000020380E4098
:10E8600061310F09494939010000C76E000060C4D9
:10E870000C00E4F4545E5654F40400000000303CF4
:10E8800006486F3F1B0B0B1B2F680000CB6E000070
:10E8900040440C9070169810D03C969000000000F8
:10E8A000301E22313D333921392F3B380000CF6EE5
:10E8B000000040C40C988CCE7060705ECC88000064
:10E8C0000000301C04242D35253F25352D24000063
:10E8D000D16E0000204644E0BCBEAABAA2A2BEE0AF
:10E8E00000000000203C06007F3F0A0A4A4A7F00E1
:10E8F0000000D36E000060C40C0838E8A83E28E889
:10E90000283800000000301C04020A0A0B7E0A0BA3
:10E910000A0A0000D46E000060460C0094B4C43CA7
:10E92000A486BA8A0000000020380E007F24242428
:10E930002424247F0000D56E0000FC2424FC4054D5
:10E94000D8785ED0DC50000000203F42427F233365
:10E950005C583F1C17210000D76E00002246045867
:10E960004E5CC4D86E64BC0400000000301E000D74
:10E9700005051F3F252525340000DA6E000060C420
:10E980000C48A8F8E8AEC8D8284800000000301CA1
:10E990000E086D7F23230F1835220000DE6E000065
:10E9A00040C40488BCBC88BE8888BE8800000000C3
:10E9B000301C02013E02027F02223E030000DF6E95
:10E9C0000000C08C0888FE8828F82EE838E800008F
:10E9D0000000301C04047F04047F424342730000A3
:10E9E000E06E000066440884FCB4B4B4B4B4FC84A3
:10E9F00000000000301C406E3A1A26622E3A3E6635
:10EA00000000E16E000040C40CA4A4AEEEA4E4EE4D
:10EA1000A4A400000000301C067F7F0C071C0F4ED2
:10EA2000487F0000E26E000044C40864242E2E24B7
:10EA3000243E24E400000000301C06202525253F4C
:10EA4000252D35200000E46E000040C408F0F05091
:10EA5000F0FE545414B400000000301C663F23182C
:10EA600038414D4979380000E56E000060C4087CEB
:10EA70007CFEFC701E6AC88800000000301C263E28
:10EA800022223E223E223E200000E66E000044CCC0
:10EA900008486818F80EF878284800000000301C74
:10EAA0000422321A0E7F060A12320000E86E0000BD
:10EAB00060440C0018E8A8AEACB89838000000001C
:10EAC000701C0448283F18080F1F28680000E96ED2
:10EAD0000000464C48C888F830FC9694FC90000032
:10EAE0000000301C301C070C007F24243F24000051
:10EAF000F46E0000604408E4E4BCA4E6B4BCE4E4C2
:10EB000000000000201C047F7F1C14171C4C7F3F5A
:10EB10000000F96E000060440CF0F03030FEB4B438
:10EB2000947000000000301C663F09094D497F09C0
:10EB30000F080000026F000060C40C0474547C5481
:10EB40007C54547400000000201C06643515457D7B
:10EB5000050515240000066F000040C40C48283845
:10EB600098FE9818284800000000601C0622331DFB
:10EB7000587E181D27020000096F0000206204FC67
:10EB80009494FC97FCFC94F400000000180E321FD3
:10EB9000003F32121F3E223200000F6F000064C49B
:10EBA00008FCFC545454D454545C00000000301C45
:10EBB000601F3F3F15157F15457F0000136F000054
:10EBC00060440804F4C4F4B6B4C4F40400000000C3
:10EBD000201804007E121E131A5A427E0000146F81
:10EBE000000040440C18A8A8A8EEA8A8A898000007
:10EBF0000000301C06602F3A0A0F0A3A2F6F0000FF
:10EC0000156F000064C40804F454FE54FE5454F418
:10EC100000000000301C04007D2D2D2D2D2D7D01C8
:10EC20000000206F000020440C04F45E5E54545E2B
:10EC3000F40400000000201C06486929391F193916
:10EC400029480000246F000044C4084838FC2848C4
:10EC500038FE384800000000301C00424A3E333283
:10EC60003A2662420000296F000022660CE8FBC8C9
:10EC7000C83C27E424E400000000180E300F203FB9
:10EC8000311F1C3F212100002A6F000062C4203C7C
:10EC9000FC84A4B49C8E94A400000000700C00427C
:10ECA0007F0F1E0A0A4E603F00002B6F000040C419
:10ECB0008C00DC7EEA6AEAEA7EC0000000002018D0
:10ECC0000E44652D3D35353D6D4100002D6F000032
:10ECD00040C40C4444CEEE7444FE64440000000082
:10ECE00020380405653F0E04047E050500002F6FE3
:10ECF000000040C408007CD4D47C54D47C3C000088
:10ED00000000203C06203D1D477F0D04162C00000E
:10ED1000316F000044CC08E828FEE8683CD0107051
:10ED200000000000301C10190F7F05601C071C300C
:10ED30000000336F000060440C1094DC5C56545C9F
:10ED4000D4940000000060380C101317157D3D1599
:10ED500017130000366F000060440C80DC5454FE32
:10ED600054545CDC00000000603C063119397947DE
:10ED70004961393100003E6F000044C4084454D654
:10ED8000D4FC5456545400000000201C04283A1AA5
:10ED9000427F0D1924260000466F000040C40C6419
:10EDA00024AEEE64A4AE246400000000301C0020F9
:10EDB0003517477D051436240000476F000044CC0A
:10EDC0000844545E74F4545EF44400000000301CA7
:10EDD000007D011D017F05393D0000004B6F0000E3
:10EDE000448C68705C4E58F0F89EF03000000000D3
:10EDF000301C202731171F70301F1F6000004D6F1F
:10EE0000000066CC2078EE7070FC96F4FC90000058
:10EE10000000300E32131212007F243F3F24000006
:10EE2000586F000060440C24ACFC64FC64F6AA201B
:10EE300000000000203C04037F2A2A3F2A2A7F0387
:10EE400000005C6F000040C40C24E47EA424A47E77
:10EE5000E4A40000000060380C017E2A2A2B2B2A33
:10EE60007E0100005E6F000044CC087CC4447C70CE
:10EE7000BEC8F81800000000300E203F3F11113FBF
:10EE80007F22237E0000626F000060440C28A8BC33
:10EE9000BCE8A8BEA82800000000201C06402F3AAD
:10EEA0000A0F0A3A2F400000666F000044CC088821
:10EEB000F8E8584E4878E8F800000000301C0620BA
:10EEC000301F457D0505172000006D6F000042C60C
:10EED0000432FACAFECAFECACA7A00000000203C08
:10EEE00006101716167E1616171700006E6F000014
:10EEF000336200F4545FF404FE1212FE00000000BE
:10EF0000380F0005053F05340F21213F0000726FC7
:10EF1000000044C40824FCA620CC407E50DC000045
:10EF20000000701C08077F03037F0949497F000028
:10EF3000746F00006444203CFCC64848FE68784C6E
:10EF400000000000301E04467B1F027F2929297F14
:10EF50000000786F000040C40C643CFE1464347EF2
:10EF60003C6400000000201C04007F151515555559
:10EF70007F0000007A6F000066C40CFE7E8AAAAA99
:10EF8000EAEAAA8E00000000701C663F12523E0F93
:10EF900011523E1600007C6F000060440C10D45CDF
:10EFA00054D6545CD4140000000020380640575555
:10EFB000557F555557500000846F0000604408C0CD
:10EFC000F4B4ACA0AEBCF448000000003018062039
:10EFD000273C3424343C27200000886F000046C4BE
:10EFE00008E8F8ACB8C8F8DED0F000000000701EE9
:10EFF000007F0A4A7F00201F1F600000896F000009
:10F0000064C410F49494FC90F81ED07000000000CA
:10F01000301E101F121A7F08201F1F6000008C6F07
:10F02000000042C408FE4848FE08FC44C6420000F6
:10F030000000301C4437050517643F007F000000C6
:10F040008D6F0000468C00A8A8BCA8A8A020FC20BA
:10F0500020000000300C203F32121F1101233F001E
:10F0600000008E6F000044C408D4545E54D41018BD
:10F07000CC4200000000301C06233E223E376031A7
:10F08000180C00009C6F000044CC08F00CE064F405
:10F0900064E404FC00000000301C007F10170D3FEA
:10F0A0000D5F407F0000A16F000044C40CC0405CB5
:10F0B000D414D45C5CC000000000301E006535151F
:10F0C0000D7E0D1D35250000A76F000020444880EF
:10F0D000BCB4BEB4BEB4B4BC00000000603806408E
:10F0E0004E4A6A4A4A7A4E400000B36F000040C45C
:10F0F0000C00F858E8FEE85848F800000000603CB2
:10F1000004486B29381D1829684B0000B66F0000B1
:10F1100040C40804F45474767454F4F400000000FD
:10F12000701C00405F5B5B5B5B5B5F400000B96F26
:10F13000000060442C30F8D6F4B4DCB4B0D0000049
:10F140000000301C04780F3036363636367000003A
:10F15000C06F0000332680FCD6D5FCE0FE8AE8783C
:10F16000000000003807301C27223E20100F0F300F
:10F170000000C26F000060C400FC24A4FCA6E4FCF4
:10F18000A4A400000000301C701F21157F053F7FE4
:10F1900015270000C96F0000244C08FC24FC60F80F
:10F1A0005E50FC5000000000301C003F090F007F43
:10F1B00024243F240000D16F000044CC08E828FE3E
:10F1C000E810FCA63CEC00000000301E12190F7F76
:10F1D0000D40271F10270000D26F0000448C40789C
:10F1E000C0FE4844F4DC14F400000000300C44631A
:10F1F000371F0761371F106F0000DE6F000060448B
:10F200000C00FCFCCCCECCCCFC8000000000203CF0
:10F2100006486F3D1D0F0D7D0D0F0000E06F0000D3
:10F2200040C48C84B4B4B4B6B4B4B4840000000058
:10F2300060180421352D1B577D1D1D310000E16F25
:10F240000000604404186A6A0AFE0A6A6A1A00002A
:10F250000000301C003D7D057D077D05457D0000DB
:10F26000EE6F00004084C8F0FE909CDE90DEF894C3
:10F2700000000000601C047F7F486A3A1F1A2A6A57
:10F280000000EF6F000040C40C447CA47C00CC3430
:10F29000247C00000000301C04067F2D2D2D3F2D06
:10F2A0002D2500001170000020444C407CEC6C6C5B
:10F2B0006CEC7C4000000000301E022D273F517F87
:10F2C000193F270D00001A700000448CE8A8BEE822
:10F2D0006870DC4E58F000000000780C0B0A7E0BC2
:10F2E000194B7F184B7F00001B70000044CC04ECCE
:10F2F000ACACAEAEACACEC0400000000701C3C0F3B
:10F300007F053F1F730F0D7F2000237000004444D2
:10F310002CB0F85EB4C4CC347CCC00000000701C6F
:10F32000445555557F407F555551000035700000BC
:10F3300022660414F7DED4FFD4DEF51400000000CA
:10F34000180F002A1A1F0A0A1F1F2A2A00003970E4
:10F35000000046CC08D058D8D456D4D848D00000A5
:10F360000000701C047F0B0B7F0B7F0B6B3F0000BA
:10F370004C70000060440C0474D47E04F45E547439
:10F3800000000000301C06067F3535353F35353529
:10F3900000004F700000440C9CACECACBC04F4DCEE
:10F3A00014F400000000300C30577D0D17402F1F63
:10F3B000102F00005E70000044CC88DCDCDCCCFC4C
:10F3C000CCDCCC9800000000300E202D2E7E2F2C9F
:10F3D0003F0A4A7F00006B70000080E0300000FEB2
:10F3E000CE0000C07010000000003010180C0701A3
:10F3F00003060C18103000006C70000080E0000064
:10F40000E00000E00020C0800000000001000000DB
:10F41000010000010100000100006D700000048483
:10F42000E40404FCFC0404C4640400000000602143
:10F4300030180C07030E1931206000006F700000B7
:10F440007800FF201802020202FE02020200000001
:10F45000301E07060C002020203F000000007070C6
:10F4600000000808E87E888808E80808C808000046
:10F470000000180E036023380E070C1B20600000EC
:10F48000757000000022AA2A2AAAAA2A2A2ABE00E7
:10F4900000000000203311180C07070C181331303E
:10F4A000000076700000F000FE6030404040FE40FA
:10F4B000404000000000701E0718202020203F2040
:10F4C00020202000787000009098C84466A4B43CC6
:10F4D0006440C08000000000606C2630180F0718E0
:10F4E0003C26606000007C700000F000FE40306050
:10F4F000B81E101010F000000000601C070C100077
:10F5000000034640703F00007E7000003808880805
:10F5100008EAEC08088888380000000060233110F1
:10F520000C07070C1233206000007F700000F00011
:10F53000FE6010E00000FE0000E000000000601E21
:10F540000F18003F20203F20207F00008070000027
:10F550007800FE300222F27A2EE622E0000000005F
:10F56000300F070C2633190C2320381F000085703C
:10F570000000003EAA2A2AAAAA2A2A2ABE000000BF
:10F580000000303211180C07030C0A131030000071
:10F5900089700000F000FE4030F0F0101C1010F0F8
:10F5A00000000000601E0708703F03010101010315
:10F5B00000008A700000F000FE6010603E0AE8085B
:10F5C000083800000000701E070C4020180F030EC2
:10F5D000306000008E70000000504C60309E923011
:10F5E000306C440000000000203613180C07070C94
:10F5F0001A1331300000927000007000FE6010E0BD
:10F600003800FE00186000000000300F03042030B6
:10F6100010180B040301000094700000F000FE605D
:10F62000101010FE1010F00000000000301E07182F
:10F6300061311907071D316100009570000038FE27
:10F64000FF380808E82B2EE8080800000000380FF3
:10F65000030C301E0700001F3030180096700000A9
:10F660007800FF3008F40404FF0404E40000000004
:10F67000300F070C080302023F2222371000997056
:10F6800000009090B8E8C4D6F624341C04000000B2
:10F690000000416D2730180F071814362160000054
:10F6A0009C700000F000FE70184848FCFE484808B6
:10F6B00000000000301E07080202023F7F02121EF7
:10F6C00000009D70000070FCFE7060F0D84E46D8BF
:10F6D000F06000000000301F0708001F3F242427AF
:10F6E00023180000AB700000F0FCFE701010D07604
:10F6F0001C90D01000000000701F07180021392D49
:10F7000027213C300000AC700000F000FE6010FCCF
:10F7100024242424E40400000000301E070C003FD1
:10F720002222222223200000AD700000404CC8F8A5
:10F73000484E4EC848484C4000000000180C476036
:10F7400026301E0F183C62400000AE7000007800AA
:10F75000FF3818F8EF24E4E404FC00000000300F48
:10F76000070C081F3F212125263B0000AF70000039
:10F770007880FE3018FEF21212F202FE0000000045
:10F78000380F030C083F07020223203F0000B1702E
:10F7900000000010D85C565250545CD83000000075
:10F7A000000040682531190F0F11312D64600000F1
:10F7B000B3700000F080FE7004E42424FC2424E4F0
:10F7C00000000000701F0F18007F0C0701474C7FDE
:10F7D0000000B7700000F000FE6010101010FE1066
:10F7E000101000000000301E070C002121213F21D5
:10F7F00021210000B8700000E000FE6050701EF093
:10F800009090909010000000601E07181000007F7C
:10F81000040404040000B970000000C04040407EB1
:10F820007E4848C8C80800000000603B02027A0217
:10F83000023A22031B700000BB700000F000FE6063
:10F840001484F49C8484848404000000601F0F18D6
:10F8500016037F202020207F0000BC70000078FE6F
:10F860003E1894F49E97F484848400000000380FBE
:10F87000060C180E20203F0006180000BD70000086
:10F88000F000FE6030FC04040404FCFC00000000F6
:10F89000601E071810311D01010119710000C070B0
:10F8A000000038FE7F1884B4A486FE82B28A00006D
:10F8B0000000380F070C000020301F00000000007F
:10F8C000C1700000F0FCFC7000FC8484F48486802D
:10F8D00000000000301F0D18001C44407F000C3851
:10F8E0000000C2700000F080FE7000202C3820382C
:10F8F0002E2000000000301F071820222222222282
:10F9000022200000C3700000F000FE609084C464F8
:10F91000747CCC8000000000301E070820222222C8
:10F920003E2222222000C8700000C464DC9C94F4B3
:10F930000400F800FCFC00000000643406037100C1
:10F94000007005041F630000CA700000F000FE6034
:10F950001090969CF0989E9000000000301C070CC0
:10F96000000404047F0404040000D8700000F000C8
:10F97000FE701010FE1010FEFC1000000000701F42
:10F98000071862321B02020B33620000D9700000BC
:10F99000F000FE703030BEE8C8A8980800000000F3
:10F9A000701F071C017F222222227F010000DB70D2
:10F9B0000000F0FCFE7010F01010FE10F0F00000DF
:10F9C0000000701F0F18202322223F223B730000EB
:10F9D000DF700000F000FE6030FC4444FC4444FC56
:10F9E00000000000701E0718107F28272326287F9C
:10F9F0000000E4700000F000FE60504848FEC86857
:10FA0000584C00000000701F071C020307454545C5
:10FA10007D0D0000E6700000F010FE6010F414147C
:10FA2000DC14F4F400000000301E070C00673018EE
:10FA30000F1037670000E77000003898FF18046463
:10FA4000273E34744E6200000000380F030C211171
:10FA50001F01013F21310000E8700000F0FCFC3084
:10FA60002078FE40FE30188C00000000701F0F1838
:10FA7000040405047E0505050000E9700000F0FCA3
:10FA8000FC306070584C4E58706000000000701FD1
:10FA90000D1800723A26222A32620000EB70000034
:10FAA0001094C40094D43C9C7C1490F0000000009E
:10FAB00042712C20110E0F11302A67410000EC70AA
:10FAC0000000F0FCFC7010FC242424E4A43C0000A2
:10FAD0000000301F07141C0708113222470C0000D9
:10FAE000ED70000088C8FE484848C8FE0808F800C5
:10FAF000000000006434070074060331010017663B
:10FB00000200EF700000F0FC60705056D47CCC4CCA
:10FB10005E5000000000601F0C10063F02027F02D2
:10FB2000223E0000F770000038FEFF388CACA4A520
:10FB3000A6A4A48C00000000380F032C30180F017D
:10FB4000003F20381800F97000000484F4D4D4D6A3
:10FB5000D6D4D4F484040000000060300008380ECD
:10FB60000773010130600000FD7000007000FC7040
:10FB70009090DC7EE878D88000000000301F0718E5
:10FB8000101515157F1515110000097100002222AE
:10FB9000FEA2A2BEBEAAAAAAAA2200000000301895
:10FBA000031A020A1A022A223A1E00000A710000F1
:10FBB000F080FE60107C545454547C7C00000000A3
:10FBC000601F0F18080909097F0909090800107149
:10FBD0000000F000FE709494F4BC9494F48400004F
:10FBE0000000701E0F18107C242424247C3C00008C
:10FBF00013710000E0FCFC7020B0988CE688903017
:10FC000000000000301F0D18007C242426277C00F3
:10FC1000000015710000F0D0FE7010F82C26F43CA6
:10FC2000E40000000000701F071862331A0E0F1A5C
:10FC30003362000016710000F0FE6030F00C88A402
:10FC4000648404FC00000000300F0C007F06010FEC
:10FC50000845467F000018710000404454D4745E8B
:10FC6000545454D454400000000060320101710328
:10FC7000013505073161000019710000F0FE7C704C
:10FC80008888E8888EE8B88800000000301F0C18CB
:10FC9000007E222222227E3E00001A710000C868E7
:10FCA000FE3828C84838FE3828C800000000406CDC
:10FCB0002620180E1E30292C6240000026710000FC
:10FCC0006038FC2E2828FE2C282828080000000078
:10FCD00060380F05750507750505356400002F713F
:10FCE0000000F000FE7010E0A0BEBEA4A4E400007E
:10FCF0000000701F0F18080B0A3E7E0A0A0B000056
:10FD0000307100007080FE6070B09C4E88A89880B2
:10FD100000000000301F0718107F24242424247FB3
:10FD20000000317100004040CCA0301C1E30A068A3
:10FD300044400000000032190F050B2113180F0E6C
:10FD40001A310000367100002058DE96741C1090A5
:10FD5000FEF0161400000000663203017004023148
:10FD600000011B66000045710000F0FE6030FC24BD
:10FD700026C03C047C4000000000701F1C187F0956
:10FD8000096127193F6300004A710000F0FCFC7014
:10FD90001898A8A8AEA8A81800000000301F0608F0
:10FDA000202F2A2A2A2A2F2000004C710000F0FC64
:10FDB000FC7030F8A8AEA8A8F87800000000301F4A
:10FDC0000D18222A2A3E3E2A2A2200004E710000E7
:10FDD00008E86A6E68E808E80E08F8080000000005
:10FDE000603F0105750700310404376000005C7155
:10FDF0000000F000FE60107C54D45454547C000089
:10FE00000000301E070C2A223E22233A2E22000038
:10FE10005E710000B8ACA6B4FCE0303CCAC87808FB
:10FE2000000000006434040477070476030336649A
:10FE3000000064710000F0FCFC700808FEA8A8A88F
:10FE4000FE0800000000701F0F182424140C7F0C03
:10FE50003424000066710000FC2424FC3038EE28B5
:10FE6000E80888F800000000673A0203700001719A
:10FE700005041F61000067710000FE1212FEFEF211
:10FE8000DA4E4252D2CE00000000331D0101390388
:10FE9000031A02020F330000687100007000FE7048
:10FEA000107C54547C54547C00000000701F071CCC
:10FEB000017F212127193D6500006E710000A0A47B
:10FEC000A4E4FCFEA4B4BCACA4200000000061309B
:10FED0000F0A7A0A0A7A0A0F37600000727100006E
:10FEE00010F8FE20BCF474F474F4BC200000000090
:10FEF00040692D31190E0E11382C644100007371C8
:10FF00000000F0FE701010FE1010FC2424FC000015
:10FF10000000300F1C103F11117F3F02427F000094
:10FF20007871000070FC703000F8A8A8AEA8A8B8DE
:10FF300000000000301F0C003E0F7F083F3F487F4D
:10FF400000007A71000078FE7E3826EC00FE2AAAB6
:10FF5000AABE00000000300F0628101F102F242515
:10FF6000232400007D710000F0FC6030F8A8A8AEEA
:10FF7000ACA8A8B800000000701F0C781F104A7FC2
:10FF800018124C7F000084710000F000FE7010FC1D
:10FF900054565654FCF800000000601E0708380153
:10FFA00079434541293900008A71000018FCB6B038
:10FFB000FCD800FE28A4A430000000002017010592
:10FFC000370300770504346600008F71000008ECE9
:10FFD0002CEC2CFCFCAC6A2AE80800000000482D40
:10FFE0000D0D6D0F0F6D0D0D2D480000947100006B
:10FFF000F000FE7018586888CE2868D8000000000D
:02000004080EE4
:10000000301F0718043E3F2524257E060000987106
:100010000000E0FCE030FCC45460C43C84FC000000
:100020000000701F0C10007E2A2A3E2A2A7E000043
:1000300099710000FE027ACE4A7A00FE1212121E58
:1000400000000000331A02033A02001B02020A33C6
:1000500000009F710000025A5BDBDA9A34F47F845F
:10006000FC0000000000311D0703300603310000D2
:1000700019230100A0710000F0FC4070CC5464FC16
:10008000445424FC00000000301F0C18007E2A2B72
:100090002B2A7E3E0000A8710000FC5EDADA5ACE00
:1000A00048284808FE080000000041692531180E64
:1000B0000E10212D65400000AC7100005454FC7EF0
:1000C0005454303CCE8878080000000064370105A5
:1000D00037030436030336640000B3710000F0FCFC
:1000E000FC70C07E6A6A6AEA7EC000000000701F71
:1000F0000C1041652D35353D6D450000B571000092
:10010000F0FCFC70C84878CE4CF848C800000000ED
:10011000301F0C187F021F12121F437F0000B9719D
:100120000000040C6CECEC6E6E6CEC6C6C0400006B
:100130000000412D0D0D6D0D0D6D0D0D2D410000BB
:10014000C371000070FC7C5870DEE43C10FEF21CB1
:1001500000000000301F0668360330261370093394
:100160000000CE710000F0FC7C30C8F8785C487864
:10017000E8D800000000701F0C182037457D3D05B1
:1001800017200000D4710000F000FE7030A4FC6461
:10019000FE62BA2000000000301F0718017F2A2AE3
:1001A0003F2A3E3F0000D57100004444E41EDE5467
:1001B00054DE04E4C4440000000064360700770401
:1001C000047700071C660000E071000070FE6030DC
:1001D000FC44F4F6E4D444FC00000000300F0C5062
:1001E0006725150E0C3424670000E5710000F0FE51
:1001F000C070E03C34F4F4343CE000000000701FB8
:100200000C1025351D7F7F1D35250000E77100008E
:1002100038FF303826E0A89B5CE8EE1800000000AC
:10022000380F0628181F1422292F23230000EE71EF
:10023000000018FE980CB4B6B4B418FEFE98000086
:1002400000004344642D353535353F6D6441000071
:10025000F97100005A56AE7A1EA25A56AEFA3A26E4
:1002600000000000203413180C07070C181631206A
:1002700000000672000070FE40305C7EEA6A6AEAA6
:100280007E7E00000000300F0C182527597D3D1997
:10029000272500001D72000060FE6030647C647CD5
:1002A00074667E6200000000701F1C107F2B3B6F85
:1002B000025A7F02000028720000E0BEBAE0BE3E93
:1002C000BEBEA2BABEE000000000544D6D3D253E0A
:1002D0003D243D2D4D5400002A72000000F8FC041E
:1002E00004FCFC06027EE20000000000180F000083
:1002F000001F1F000000071C10002C720000F8FCFB
:1003000004FC36FE00FC84FC84FC000000003F037B
:10031000003F000718372424646600003072000094
:1003200000243CF4E42C3C24243E2A20000000005D
:1003300061315D676D3D35353D6D61410000317264
:10034000000060A4BCB4E4ACB4A4B4BEA2600000DD
:1003500000006030186F2D3C34343C2C60400000AD
:100360003572000064745C54745C5476525E726042
:1003700000000000607F2B2B3F67021A52423F02B1
:1003800000003672000030180C6680000080E60C19
:10039000183000000000301018080D07070D08186D
:1003A000103000003772000088C8CC4E70303072B8
:1003B0004E4CCC8800000000000101017F7F01113C
:1003C000111F00000000387200009098CC4E703071
:1003D00030724ECC88900000000000017F454547F8
:1003E00047454547477000003972000068ACA4A635
:1003F000F878D8F866242C280000000000476A6AC4
:100400002F2D37121B0A060200003B720000202429
:1004100064BC1818181C94662000000000003010FE
:1004200010190B060E0B1910103000003D72000061
:100430000868687808FCFE08E868F8080000000012
:100440006027361D0C07070C1D36276000003F7221
:10045000000000003C3C20202020FEFC00000000AA
:1004600000000061311F030101017F3F0000000017
:100470004772000000FCFC2020203C3E2020202071
:1004800000000000701F0302020202027E7E0000D4
:10049000000048720000FEFE909F1000FEE2A222C3
:1004A000A263000000001F00003F303E27301B0EFB
:1004B0001B3000004C720000FC20203E20F8A8AC4D
:1004C000FEA8A8F8000000007F01017F080A0A09C1
:1004D000087F080800004D720000FC203E3C2028E8
:1004E00068A8FEE82868000000003F01017F04655D
:1004F000251C0F143464000052720000FC203E3CA6
:1005000008FE88BEA8A8BE88000000003F01017F49
:1005100024341C3F7F1C3424000056720000FC2051
:100520003C3E00FCA4A4A6E4E4BC000000007F0163
:10053000017F380F7F15157F557F0000597200002D
:1005400000725A424242C2C2FE42424200000000D1
:100550001018080C060321203F00000000005B7209
:100560000000C0701C101018FE10101010100000B9
:1005700000000202020202037F02020202020000E5
:100580005D7200203E0AFFFF8880FF60203018085F
:100590000000000001013F3F00001F3020202038F4
:1005A00000005F7200000090F89C96D2D0909C985A
:1005B000B000000000000A0B0808087F7F08080848
:1005C00008080000617200407C14FE10104040409A
:1005D000FE4040400000000002027F032120202056
:1005E0003F2020202000627200003888E8A8888E12
:1005F000EC88888888380000000004050404040C96
:100600007F04040404040000667200203E08FF8892
:10061000AC2426FE321391900000000003013F003D
:100620000203033F212121380000677200407C1043
:10063000FE105060FC161090F01000000000020246
:100640007F034160301F0E1F306000006972002080
:100650003E08FF88E8388F7808F818F80000000096
:1006600003013F010022110C2720381F00006E7289
:1006700000003038FC1210101E384A8C8CC8000064
:10068000000010161312127F7F12121212100000B7
:100690006F7200007C10FE1010101010FE10101071
:1006A0000000000004067F02027E7E222322227EBA
:1006B0000000727200007C10FE1090F03C20FE20C2
:1006C00020200000000006027F03222222223F2277
:1006D0002222000075720000C464E454544CCE5CC5
:1006E000547464C400000000090E0B0A0A3F7F0A1C
:1006F0000A0A0A09000079720000F810FE1040484A
:1007000048487E48C8480000000006027F000002FA
:100710000E1242423F0200007A7200007810FE1072
:10072000E4E424FC24FC24E40000000002027F0333
:100730007F7F23202023227F00007E7200407810DC
:10074000FE108494F4BC9494F48400000000060627
:100750007F03007C242424243C3C00007F720000A2
:100760007C10FE1010F89C90FE909090000000000D
:1007700002027F03007E3E2222223E7E0000807223
:10078000000000FE0A5A7A6A6A7A4A6A9E8E00005F
:1007900000001C070C0A0B0A1F3F0A0A0A08000087
:1007A00081720000D45434FE3252103C3C80FC7EF6
:1007B0000000000010161312127F7F121212121086
:1007C0000000847200007820FE2080C8C8B8BEA84F
:1007D000C8C80000000006027F03003E12125E40FF
:1007E0007F0000008A7200007C10FE300028A8A85C
:1007F000FE28A8680000000002027F034465361C42
:100800000F14346400008B7200007810FE1000FC9E
:1008100054545454FC000000000002027F0364376B
:100820001D05051D376404008D7200003E88FF8899
:10083000322EE2AAAAFFAABE0000000001013F205A
:100840003B0F1832222F222200008F7200407C14AE
:10085000FE1000F8A8A8AEA8A8B800000000020387
:100860007F013E0F7F083F3F487F000092720040AB
:100870007C10FE100474545656547404000000009A
:1008800006027F037F011D15151D417F00009F7229
:100890000000745454DC0C6C6E6AFA6AEE6000005E
:1008A00000001019171514157F15151515110000E6
:1008B000AC7200004040404040FEFE40444C584076
:1008C00000000000602030180E0301071C3020607B
:1008D0000000AD72000020321E8CFEC2000000003D
:1008E000000000000000040623213F070000000074
:1008F00000000000AF720000118EDEF300FEFE0269
:100900008282FE7E000000002221301F001F3F2057
:10091000202020380800B0720000329EFE821010A5
:10092000FF1010F000000000000022213F27301EC1
:100930000300003F20381800B4720000329EFCE231
:1009400040424242FE424242400000002321381F02
:10095000000000003F0000000000B67200001860B8
:10096000FEFE404040FEC0444C5000000000040623
:100970003F7F60300E07070C30600000B772000048
:100980001B8EFEC300FC04040704040400000000E6
:1009900023213F233C070000000000000000B87244
:1009A0000000329EFE8300FA828282E2FE80000016
:1009B000000022213F03040404042424381F000003
:1009C000B9720000329EFEC21010FC3FD012161009
:1009D0000000000023213F1F180E03001F10101CF1
:1009E0000000C1720000138EFEC36070EE63E0EC85
:1009F00038600000000022213F2F301C0F001F3FF5
:100A000020380800C2720000301EDEF300828282AD
:100A1000FE828282000000002223301F101010107E
:100A20001F1010100000C3720000129CFE820042D2
:100A3000C2FE4242FE0E0000000023213F031010C0
:100A40001F1010101F100000C4720000138EFEC390
:100A5000C07800FFFF00F0180000000023213F0FC6
:100A600030180E03010718300000C8720000129EF3
:100A7000FE8200FE0202FA02FEFE000000002221B9
:100A80003F032037180F030813330000CD72000016
:100A9000128EFEE230FC1714F404FCFC000000008F
:100AA00023213F07001F31212124273B0000CE7264
:100AB0000000329EFEE200FE2222FE2222FE000004
:100AC000000023213C0F000301013F01010300004E
:100AD000D0720000329EFCC200FE02FE0202FF0144
:100AE0000000000022213F3F3E03303F101C033E28
:100AF0000000D27200001BCEFE00E424FF24FEFFA3
:100B0000243C0000000023311F20311D07013F3F1E
:100B1000090F0000D77200001B8EFEE330EE272481
:100B2000E40404FC0000000023213F070007020248
:100B300023203C0F0000D9720000329EFEE200FE2E
:100B400022222222FE00000000001331381F101F55
:100B5000111111111F101000DE720000341CFC84F2
:100B6000B888888A8C8888B80000000046437F0FC8
:100B7000000040407F0000000000E0720000329E54
:100B8000FCC202FE52D252527E000000000023211D
:100B90003F0F303F3011170E13310000E17200009B
:100BA0001A8EFEC344649405069474640000000029
:100BB00023213F072030110F0E1B30200000E87268
:100BC0000000128EFEC288E8E8887FF8CB6E000035
:100BD000000023213F07101F0130180F3B30080091
:100BE000E9720000129EFE825C44444746F4445C75
:100BF0000000000023213F0300010324203F0000E8
:100C00000000EC720000128EFE83F8F808FFFF0867
:100C1000F8F80000000022213F033131111F1F119D
:100C20001D390000ED7200001B8EFEE384B4A4FFAA
:100C3000FF84B4840000000023213F2F30180C07EC
:100C4000030C18300000EE720000129CF600FCFE4F
:100C500002F212FE12F20000000023311F201907D9
:100C6000000F003F080F0000EF720000128EFEE23E
:100C700030382C27272C38300000000022213F0F6D
:100C800021393F33111519210000F07200001B8E2D
:100C9000FE81989E93F29A9EF0F08000000023213E
:100CA0003F070222223F020207030000F172000008
:100CB0001ACEF62022E6001010FF92140000000069
:100CC00023211F00101F0C341F010F380000F27287
:100CD000000036BCEE0404F40CC060FE20E000000E
:100CE000000046633F02433F0047407F0007040087
:100CF000F3720000129CFE2230382CE3262C383090
:100D00000000000022213F111905213F01010D19AA
:100D10000000F47200001B8EFE83407F44A4FF4C51
:100D200044620000000023213F131212121F1F1201
:100D300012120000F7720000329EFEC200DE525214
:100D400052525EDE0000000022213F0F003F0505E9
:100D50000525253F0000F8720000129EFE83FEFE6E
:100D60009292FE9292FE0000000023213F13121285
:100D7000121F1F1212121000FA720000129EFCC203
:100D800008A8A8ABAEA8A8080000000023213F0FC8
:100D9000003E121212123E1E0000FB720000129E54
:100DA000FE82C86CBE8B083A6C480000000022210D
:100DB0003F272633171D191733200000FC7200004F
:100DC000128CFE8200FC94979694FCFC00000000BC
:100DD00023213F03203F1010070C1E320000017337
:100DE0000000329CFE0226E6FEA200FC00FF00008E
:100DF000000023213F0407033F010027203F00009C
:100E000003730000128EFE2230382CA7262C98B0D7
:100E10000000000223213F0110171011161C1310AF
:100E200000000A730000128EFE8200FE92919292E0
:100E300092FE0000000023213F2330180F001F3FC7
:100E4000203800000E730000128EFEC220A4BFA442
:100E5000A4BFA4A40000000023213F0F003F1414EE
:100E600014143F1F000013730000329EFC82007EAA
:100E70004AFEFE4A7E3E0000000023213F1319096E
:100E8000073F3F070D1900001573000034B8E4C494
:100E9000E43C20B80EE808180000000046633F4319
:100EA000437E080F407F001F000016730000128C65
:100EB000FEC280BEAAAAAAAABE800000000023210A
:100EC0003F071F3F14141414143F00001773000051
:100ED000128CFE826464545C4F54F4640000000081
:100EE00023213F03001F09092F203F0000001B732F
:100EF0000000129CFE02101292FA7E1612100000E0
:100F0000000026213F101E121E121E121E1E00007F
:100F10001C730000138EFEE322EA6A7E7F6AEA2ACF
:100F20000000000023213F07003F050505253F0085
:100F300000001D7300001A8EFE82C4747C47C63404
:100F400064C40000000023213F030202023F3F026D
:100F5000020200001E730000139EFE13585854F343
:100F6000F65C58580000000023213F01003E121398
:100F700013123E1E000021730000128CFE82029E9E
:100F8000F2BE929E929E0000000022213F03222189
:100F9000121E0C0603000000227300001A8CFE08CB
:100FA00088FF8888FE1212FE0000000023211F0027
:100FB0001F080F3F1F01213F000025730000128E04
:100FC000FCE280BEAAAABEAAAABE0000000023219D
:100FD0003F0F003F3030170C16220000297300002D
:100FE000128CFE0200FE2AAAAA2A2A3E0000000055
:100FF00023213F032325253F3F25252500002A7374
:101000000000339EFEE224A4E4FFA4BCACA20000D6
:10101000000023213F0701013F1414143F1F00006B
:101020002B7300001A8EFEC2C4C45FC4C45F44C4E4
:101030000000000023213F073F1F121F1F12123F15
:1010400000002C730000129EFEC23EAAAABEBEAAD9
:10105000AA3E0000000023213F07003F05050525AB
:101060003F0000002E730000F414D49F74F4F410B9
:1010700090FF121C000000003F05051F253F3F3870
:101080000F030E30000031730000129EFE8290525A
:1010900076BAFA1672300000000023213F07121AB8
:1010A0000E3F3F0E1A12000034730000129CF6200F
:1010B000F8FE907252D25E500000000023211F0003
:1010C0003F3F23321E0F1A22000037730000E82E24
:1010D000FC28FEEAE820A0FE2428000000007F2B68
:1010E0002928293F7F301F031E700000387300003D
:1010F000129CFE02C0FED2525E5252DE0000000080
:1011000023213F301F013F151515153F000039738E
:101110000000128EFE0224D45C7F7F4CD424000099
:10112000000023213F011017151515151710000099
:101130003E7300001BCEFE4370DF55555D51DF70DE
:101140000000000023213F00003F050525253F004A
:1011500000003F7300001B8EFE0108EA2A2F2F2A91
:10116000EACA0000000023213F050C3D3F33170D64
:10117000153200004D730000128EFEC212D2DED373
:10118000D2DED2120000000023213F2F20131E02C6
:101190001E3E2330000050730000198EFEC10AEA83
:1011A000AEABAAAEEACA0000000023213F0F080B35
:1011B0000A3E3E0A0B0900005273000034B4FCBE24
:1011C000B4B4102CEEE8B8080000000065652435C2
:1011D0001D0E0F15372664650000577300003CFC98
:1011E000C600FCD4C474D4F4C4C400000000467328
:1011F0003F3C07673F0447390F3100006073000030
:10120000128CFE406CF4BCA7A4BCF46C000000007F
:1012100023211F00100F223E1E020B1000006C73D2
:1012200000203CF8C4F02EF43CE0A41CA43C0000D8
:10123000000042733F3F053F453F0B097F09000017
:101240006D7300001BDEE3F494FF94F4FE135EF66E
:101250000000000023301F0C073F0620371F1837FF
:1012600000006F7300001A8EFE007696F6FEDEF523
:1012700095F40000000023213F243D053D071F2574
:101280000D3500007E7300001A8EFE823AEAAFBA76
:10129000FAAFAABA0000000023213F07033F1A1A41
:1012A0001F1A1A1A000084730000080888E8381E04
:1012B0000C88C848080800000000003131393D376B
:1012C0003311101C38200000877300000828A8087C
:1012D000B8FE6CB808A83808000000000B0909091E
:1012E0000B7F7D090B09090A000089730000024287
:1012F000424242FEFE424242420200000000101002
:101300001010101F1F101116141000008B73000016
:101310000242424242FEFE424242420200000000BD
:1013200010101010101F1F101010101000008E73DE
:1013300000004242FE424202020202FE020202009B
:10134000000018080F0C04002020203F00000000BF
:10135000917300004242FE424200FE0202FEFE0085
:101360000000000018080F0C341C0700001F3F3855
:1013700008009673000088F8F88880E03E0E88F830
:10138000080000000010101F1F086930180E030726
:10139000386000009B73000022FEFE2200FA9A8251
:1013A00082E2FE8000000000080F0F040404040421
:1013B0002424381F00009F73000044FCFC441030BC
:1013C000F0161CD0F01000000010101F0F08602055
:1013D000311F0E1330600000A273000022FEFE22B7
:1013E00020784EC24047DC70000000000C0F07045C
:1013F00020180E0320301F000000A973000042FED9
:10140000FE424042C24242C2424200000000080F77
:101410000F2434180F00003F20301000AB73000081
:1014200084FCFC8484E0FE121090F0101000001088
:10143000101F0F086820311F1E3320600000AE739C
:1014400000004444FC4404484848FE484848000022
:10145000000010080F08000202027F02121E0000A6
:10146000AF73000022FE222282C262FAFE22C282F2
:10147000000000000C0706040101003F1F000001EE
:101480000000B07300002222FE2202FE02FAFA02DD
:10149000FE0000000000180C0F0424111C071F2080
:1014A00021380000B273000044FC44446030182C22
:1014B0004618306000000000101F0C0800011911D0
:1014C000394F03000000B373000022FE226230FE99
:1014D00023207FFE32160000000004070602003FB2
:1014E0000000001F30380800B773000044FCFC44C3
:1014F000040000FEFE10101000000000101F0F0876
:10150000007F21212121217F0000BA73000010D823
:101510006C2E88F878082868580800000000404AB7
:101520004A4A4A7E7E4A5A6A4A420000BB73000019
:1015300044FC4444F8F88888FE88A8B800000000FD
:10154000180F0C683F61233C183C23600000C073F7
:10155000000044FCFC4400F0101E161010F00000C7
:101560000000101F0F08007F21212121217F000092
:10157000C273000042FEFE4202F21212F202FE02AA
:1015800000000000180F0F0C0007020223203F008C
:101590000000C873000084FC841010FE10F0FC04EE
:1015A00004FC00000000100F08301F23381F3F10FC
:1015B000103F0000C973000062FEFE6200FE9292BE
:1015C000F2929E9E00000000080F0F04203F301092
:1015D000131E30380000CA73000042FE4240FE4233
:1015E000FEFEFE42FEFE40000000080F0C203F0001
:1015F0003F3F3F003F1F0000CD73000044FCFC4410
:101600002090D84C2688103000000000101F0F08D2
:101610000064243213190C020000CF73000084848C
:10162000FC8484040404FC04040400000000101082
:101630001F18282121213F2125292000D0730000D7
:1016400044FC444400101010FE1010100000001064
:10165000101F080821313D2731353D710000D1733D
:10166000000042FE42421010FF10F01296D000001F
:101670000000180F0C24300E33183F2721300000D3
:10168000D973000044FC44441010FE1010FEFC10FE
:1016900000000010101F080862321B02020B3362A8
:1016A0000200DE73000088F8F88820303CEEC8B8ED
:1016B000180000000000180F0F0C067F23222222C2
:1016C0007F020000E073000044FCFC44407C1410E6
:1016D000FE10101000000000101F0F0821110D0750
:1016E0007F0719312000E573000042FEFE4202FE32
:1016F000FE121212FE0200000000080F0F04080F75
:101700000F0D0D053F040000E773000022FE2222AA
:101710000498FF00FFFF980C00000000080F0C2445
:1017200033190F001F3F213B0000E973000084FCC8
:10173000848418CC62444444C44400000000101F58
:101740001808017F000040407F000000ED7300009A
:1017500084FC8484F000FE0404FC04040000000007
:10176000101F180023382F21213F21212000F27360
:10177000000062FE62020ED2BA9AD292928E0000ED
:1017800000000C070400040404043F0404040000E7
:101790000374000044FC444410D09010FE90D450D8
:1017A00000000000101F1808180846477F070C307B
:1017B000000005740000C4FCFCC400F8282A2C2892
:1017C000F8F800000000101F0F08007F21210F19FA
:1017D000352500000674000044FCFC4400FC242471
:1017E000FC2424FC00000000101F0F2C24252525BC
:1017F0003F25252520000974000084FC848488C8C6
:10180000F89E8CA8E88800000000101F1848201ED1
:10181000003E00007E4020000A74000084FC8484A6
:10182000F484FC84FC04E43C00000000101F183029
:101830001C477F007F10101F00000F74000042FE45
:10184000422226E8243C27F4242400000000080F4C
:101850000C30181F1121212F2121200010740000AD
:1018600044FCFC4400E43820BE20ECE400000010FE
:10187000101F0F08602F301C17102F6F00001A74F4
:10188000000042FE4242FEFE5252F252525E000000
:101890000000080F06141F033E121312123E000030
:1018A0001B74000022FE2222AEB29AC2C29AB2AECD
:1018B000000000000C070606080C031F1F030C188D
:1018C00000002274000022FE2222B2D2CA3EE2624E
:1018D000F21200000000080F0C04090C27231F005F
:1018E000030E08002574000022FE2222F86848EF4B
:1018F000EAAAAADA00000000080F0C341F20180E14
:10190000023E203000002674000044FCC444C0C8DD
:10191000A8B89EA8A8C800000000101F0808003E34
:1019200012125E407F0000002874000042FEFE425A
:1019300002BE2A2AAA2A3E0000000000180F0F0C3F
:10194000243F32121F3F223100002A74000044FC61
:1019500044440808FE484848FE0800000010101FD4
:10196000080864341F05050D376400002C7400005E
:1019700044FC444498E848CECC4848D800000010C5
:10198000101F080861320E033F44447700002E7494
:10199000000044FC4C441848484A4C484818000091
:1019A0000000101F1808311D41417F010D3100005A
:1019B0003074000044FC444490CC40BCBE704CC425
:1019C00000000010101F08086C26301F0F38266218
:1019D00000003374000044FC445490FED09090FE0C
:1019E000F01000000008080F0C0C037F000D037FAF
:1019F000030E0800347400002A2A3EAAAA6062AAD4
:101A0000AA3E2A2A00000000020705050405273423
:101A10001D0503030000357400004A4A7E4A4A420D
:101A20004A4A7E7E4A4A00000000101F121212022B
:101A30000F1F121213180000367400002AAABEAA43
:101A4000AAA2AAAABEBEAA2A00000000001F322233
:101A5000222323222222233800003C74000044FC6D
:101A6000444400E828282E28E8E800000000101F61
:101A70000808301D45417F010D3100004174000010
:101A800044FC44447CFEAAAAAAAA82FE00000000EC
:101A9000181F0C0C007F2A2A2A2A3F3F0000557489
:101AA000000042FE4202FE92929E9292929E00009E
:101AB0000000080F0C003F040424130E1E31000028
:101AC0005774000088F88888A4BCE4BCA4B6BEA003
:101AD00000000010101F0868304E673A323A666006
:101AE00000005974000084FC84841876409CE60849
:101AF0003C6200000000180F08087F3F312D2D3B8D
:101B0000217F00005A74000084FC841010FE101025
:101B1000FC2424FC00000010101F08083F111F784F
:101B20001F02427F00005B74000084FC848408C8AC
:101B30005E48E85EC8C800000000180F0C0C622365
:101B4000120F071A336300005C74000084FC848465
:101B500090B8A8A426A830F000000000101F1808B4
:101B60007F0A4A7F005F407F00005E74000044FCF3
:101B700044045C5C50D0DE50505C00000000101F3C
:101B800018087E7E027F027E427E00005F740000A5
:101B90004A4A7E4ACAC24A4A7EFE4A4A00000000B9
:101BA0002C36101E3E2D2526331A061800006D74A3
:101BB000000044FC4444F888A8AEFCA8E8E8000013
:101BC0000000101F18781F007A2A2F2A3B390000C6
:101BD0007074000044FC4444F8F828EC7E28F8F8BF
:101BE00000000010101F080860311D0F7F5D55793F
:101BF00000007674000044FC4444847444DCD44601
:101C00005E4800000000101F08083A22223F3F22D1
:101C1000227A00007774000088F88888E4BCE4AC7D
:101C2000BCA6BEEA00000010101F0868305C673ACE
:101C3000323A664000007E74000044FC444404C410
:101C4000DED4F4D4DEC400000000181F0C0C404A9F
:101C50004A4A7F4A4A4A00008074000084FC848417
:101C600080FC9090FE90909C00000000101F080ADD
:101C7000037F2A2A3F2A2A2A00008174000084FC5C
:101C80008484F8F828DCDEB808F800000000101F93
:101C9000180831037B424E432A330000837400004E
:101CA00084FC848408E8C8EEACD8E8E800000000B2
:101CB000180F08087E121A17135A527E00008774F4
:101CC000000042FE4208F94EC838A7E42464000030
:101CD0000008080F043C27303F3F1D3F2121000032
:101CE0008B74000044FC444410D45C56545CD4D43F
:101CF00000000000101F0808101715157D15171794
:101D000000008E74000022FE2222FE7E62DEDE7261
:101D100062DE00000000080F0C06222E1F1B1A1E98
:101D2000322200009074000044FC443C3CE43C201F
:101D30001CEEF81800000010100F083F3F3F111272
:101D40007F25257F00009C74000084FC8484A8A863
:101D5000BEE8E8BEA8A800000000101F1808472F22
:101D60003A0F0F1A2F4F00009E74000044FC4444A9
:101D7000949CFE9E90DEBC9600000000101F180888
:101D8000482A2A1F1F3A2A4A0000A7740000FCFCB8
:101D90005454DCC0A4BCE6E4BCA400000000404BEA
:101DA0004B4B4B7F7E4A5B7B4A420000A87400008D
:101DB00044FC44A0B87C74D45434344C000000106B
:101DC000101F082024170C7F0C1F15240000A97475
:101DD000000044FC4404F05070FEB4B49470000061
:101DE0000000101F08781F252D5F5F391D3100008E
:101DF000BA74000080FCAAA8FCFCFCFCA4ACFC802B
:101E000000000000414A4A4A4A7E7E4A7A6A4A41B4
:101E10000000D274000044FC4444761E7454D6344E
:101E20007E9400000000101F08086F2F211D012163
:101E30002F6F0000DC74000000FCFC0404FC0406AE
:101E400002FE820000000000180F00001C1F080E98
:101E50001C010F180000DE740000FCFC04FC1EFED8
:101E6000504CC8FE4848000000003F003F371C3778
:101E70000C1E332023660000E074000068784E5882
:101E80006808F80CFC04FC040000000001474565EC
:101E90003D711F203F3C313E0000E274000074544D
:101EA000547C547480FCFC04FE02000000003545A4
:101EB0007D3D1D243F203F3C393F2000E37400005E
:101EC000F88EE888FCFC04FE88EA8CF8000000002C
:101ED000643F04743F3F383F74047F040000E4749F
:101EE0000000B4F4B6B4F4B404FCE43CFE02000018
:101EF0000000153F252D1F0D3E013F34383F2000C7
:101F0000E67400000202C2FEA2222222E2020202C3
:101F10000000000000303F21303116103F202038F3
:101F20000000EE74000010184C6650484050644C9D
:101F300018100000000001713F252D3535053D7951
:101F400041710000EF740000FE0232E2FA0202FE6C
:101F50009212F202000000001F14171113103E3FEE
:101F600011123F201800F4740000B08C97A68C1258
:101F7000E2FE9212F20200000000000C183603008C
:101F80003F3013123F201800F674000088FE88FCD2
:101F9000FB8AE2FE9212F20200000000380F003FBE
:101FA0003F003F3013123F200000F7740000A0B242
:101FB0009690ECA3B38E9AB2AEE20000000000301F
:101FC0003E23262E0A023E2020380000FF740080A7
:101FD00088F88E8CF88804FC2424E40400000000B7
:101FE0007E2222227E3E707F23247F4030000475B3
:101FF0000000FA8E8AFE8AFA02FE9212F2020000B5
:10200000000012121F1A121A3E3711123F20180038
:102010000D75000084F4D4DEF4D4D4F4DED4F4845A
:102020000000000003207A2E263636067E424063EA
:1020300000000F7500006CFC5C5EDCFC0428A494BE
:10204000D2400000000003637B4F5B7A2A0B3A42C8
:1020500042620000117500007C577C74577C02FEC0
:102060009212F202000000001F1F15151F003E37DC
:1020700011023F20180013750000FCECACACEC40E2
:10208000545CF6F45C540000000002623E263636D2
:1020900036263E4242720000187500001010FEFC09
:1020A00010101010FCFE10100000000000007F3F18
:1020B000212121213F7F000000001975000088E8E0
:1020C000888888E8E888FE0A0E0800000000007F83
:1020D0002424247F3F000F3C607000001A7500002C
:1020E0000808FEFEA8A8A8A8FEFE08080000000038
:1020F000023E3F333A2622262F3B220200001C7567
:1021000000404444FC464210FE101010FE10100027
:1021100000007E2223227E007F2121217F000000FB
:102120001F75000060381E1010FEFE1010101010F9
:102130000000000020212121213F3F2121212120D9
:102140000000257500407C10FC1010FC9494FC9459
:1021500094FC0000000011111F194922321E434255
:10216000623E00002875000000FE222222FEFE22B0
:102170002222FE0000000000380F0101013F3F0154
:1021800021213F0000002975000000FE929292FE7E
:10219000FE929292FE00000000001C070000000F5B
:1021A0001F101414171800002B75000004E4A4A4D9
:1021B000A4FFFFA4A5A6E60400000000003F04045D
:1021C000043F3F0424243F0000002C75000000E47D
:1021D000242C34F4F43C2C24E00000000000007FA8
:1021E0000909097F7F0949497F0000002D7500001A
:1021F00012F22A2A26FEEE26262AEA120000000003
:10220000301F0505051F1F0525253F0000002F7500
:1022100000000C643434744E56446414240C0000E2
:102220000000007F1515157F3F1555557F000000F4
:1022300030750000FEFE424242FEFE424242FEFE79
:10224000000000003F1F1010101F1F1010101F3F34
:1022500000003175000000F0101010FEFE1010108C
:10226000F00000000000007F2121213F3F212121BB
:102270007F0000003275000000FE222222FEFE22B6
:102280002222FE000000000000030101013F3F0187
:1022900001010300000033750000F8F8484848FECB
:1022A000FE484848F8F800000000070F0404047FC7
:1022B0007F0404040F0700003575000000F88888CB
:1022C00088FEFE888888F80000000000000F0404E3
:1022D000043F7F4444444770000037750000007E8F
:1022E0004A4A4AFE7E4A4A4A7E00000000002131E6
:1022F00011190F03012121311F0000003875000062
:102300006038EE2724E42424E40404FC00000000E8
:1023100000000F050507052527203F0F00003A752F
:102320000000FE42FE42FEFC040404FCFC04040027
:1023300000001F080F080F070020203F1F000000AB
:102340003B750000E20202F292F2F292F20202E225
:10235000000000001F101017141717141710103F5B
:1023600000003E7500000098A4C2889CE6C098BC9E
:10237000E60000000000007F2424243F3F242424A2
:102380007F00000040750000007E4A4A4A7E7E4A77
:102390004A4A7E00000000002131190F01010101AD
:1023A0003F010101000045750000FC24FF24FC22D0
:1023B000B2F22AE626E00000000003013F010126F8
:1023C00033180621381F000048750000FC44FC4407
:1023D000FC00FCE42426A2E2000000001F080F0815
:1023E0000F7E4F21371C376000004B750000FC84C6
:1023F000FC84FCC0F89E1010F010000000001F08C4
:102400000F080F6120130E1F316000004C75000093
:10241000007E4ACACA7E7ECACA4A7E000000000008
:102420000222111F020000003F01030200004E754E
:102430000000FC84FC84FC2020A0FE202C2800004E
:1024400000001F080F082F30180F030F186000003E
:102450004F75000080BEAAAAAABEBEAAAAAABE80C4
:102460000000000000103F10101003060C1A13307B
:10247000000054750000FC84FC84FC447840FE405D
:102480005C44000000001F080F080F0202027F02D8
:102490000202000059750000C0FCC45672C0C47C22
:1024A0001C84E47C00000000007E3E2A2A3E3E2A76
:1024B0002A2A7E0000005A750000404858CC6E68F9
:1024C00048CCCC4858400000000002037F2B2A3E35
:1024D0003E2A2B7F030200005B750000FC84FC8415
:1024E000FC20B08C460C1020000000001F080F08D4
:1024F0000F60252612190C0400005C75000008A866
:10250000A8F8F8EEACB898C8880800000000007F72
:102510002B2A2A3E3E2A2A2A7E00000065750000EA
:10252000FC44FC44FC3018BEC8E838080000000039
:102530001F080F080F077F2222223F3E0200667508
:102540000000FC84FC84FC4048487E484848000069
:1025500000001F080F080F2424243F242424000017
:102560006A7500002024BCB464FCFC64B6AE202074
:102570000000000003037F2A2A3F3F2A2A3F3F032F
:1025800000007275000028A8E82C2CEAEA2C68A844
:10259000383000000000007F2A2A2B3F3F2A2A2AD9
:1025A0007F00000074750000FC84FCFC88A8A8FC77
:1025B000AEA8A8A8000000001F080F0F380C070ADB
:1025C00052427F02000078750000FC84FCFC80A46D
:1025D000A49C9E94A4A4000000001F080F0F0000FC
:1025E0001E0A4E407F3F000079750000FC84FCFC11
:1025F00098F868C8CEC848D8000000001F080F0F20
:1026000063331E07007F446720007F750000D0F809
:10261000F6D8E89EFC90BCD298E0000000003C2A6E
:102620002A3E2A7E233E386E4270000083750000E9
:10263000FC44FCFC20A8B8A8AEB8B8A80000000074
:102640001F080F0F405755557F5555570000867589
:102650000000725252DE007A76767E767E4200006C
:1026600000000A2F2A1F202F2B2B2F2B2F2F00008B
:102670008B7500000404C40404FCFC0404243C0C1A
:1026800000000000301E0F18103F3F2121212120A3
:1026900000008F750000C404F48C844868784E48AC
:1026A00068C8000000003F101F1848301F007F005E
:1026B0007F40200091750000CE74D4525A08A22A9F
:1026C000EA3A36E200000000231A0F0A12321F18FD
:1026D0003F3222220000927500003060F80808089E
:1026E0000E0C0808080800000000623B0F00000004
:1026F0000000000000000000947500001820FC2479
:1027000024242527E424242400000000331F07008C
:10271000002020303F0000000000967500003820A7
:10272000FC042424E7262424E40400000000331FD2
:10273000070000003F0008080F0000009775000028
:102740007040F80848484E4C48C84808000000004F
:10275000623F07000040407F0100000000009975C3
:10276000000018B0FC44F49C9596949494140000D6
:102770000000331F0300382C2623212120380000BD
:102780009A7500003060F80888E87E4CC8C80808D0
:1027900000000000663F0F602330180C071C3060FB
:1027A00000009D7500003060F80888080EEC0808ED
:1027B000888800000000623F07003F20203F202063
:1027C0003F3F00009F7500003060F80808C84E4C7D
:1027D0004848484800000000623F0702023F2222AA
:1027E000222222220000A075000018B0FC1414144C
:1027F000F7969494941400000000311F0330180FD2
:10280000030020201F000000A17500003060F808C0
:1028100028A8AA6E6828080800000000663F071074
:10282000094723194F41711F0000A375000038208C
:10283000FC444444C7FE4454744400000002331F67
:102840000320301C071F3F2020380000A475000023
:102850003060F808E8282EEC2828E808000000007E
:10286000321F07003F222223222223380000A575B1
:1028700000003060F80888C86E3C68C8880800000E
:102880000000623F0741211E0000007F00010000A0
:10289000AB7500003060F88888682E2C28E888889E
:1028A00000000000623F0741672E32323A6E6640F8
:1028B0000000AC7500003820FC04F49497D6D49442
:1028C000949400000000331F231C0730180F2020B1
:1028D0003E0F0000AE75000038B0FC84C4E4B79E23
:1028E000B4E444C400000000331F0100003F202472
:1028F000242730180000AF7500003820FC04F4D401
:102900009794D414F40400000000331F073C1718F8
:102910000D070C101F300000B07500003060F84843
:10292000484848EE4848484800000000243E0F2030
:102930002424243F242424200000B175000038A062
:10294000FCC4F45C5756D414F4F400000000311FAA
:1029500003001F32222223282F390800B2750000FD
:1029600070F8F808E8282EFC2828E8680000000025
:10297000621F613C4F632739192F63400000B37514
:1029800000003060F84848E84E4E48E8E84800004B
:102990000000663F0700007F2424243F7F000000E2
:1029A000B47500007040F82828282E2C2828E82824
:1029B00000000000663E07001F09090F4F407F001E
:1029C0000000B57500007040F88888E8EE0CE8E873
:1029D000888800000000263F073F3F3F3F111F3F10
:1029E00021301000B87500003060F808E8282E2C5F
:1029F0002828E80800000000263F07202F29292961
:102A000029292F200000B97500007040F8888848F7
:102A10002EBC6848888800000000663F07004A6AAC
:102A20002D24121A0C010000BC7500007060F8889B
:102A3000C868BE2CA8E8280800000000663F07040C
:102A40000412272D2B4206040000BD75000018B0AB
:102A5000FC04F4F497969494F40400000000331FEF
:102A600007203F3F242424243F200000BE7500009F
:102A70003060F808C8784ACC484848480000000050
:102A8000623F074263321A0F0E1222620000C275C3
:102A9000000038FCFC24FC24E704F41414F40000C7
:102AA0000000331F111C17101F003F10103F0000C3
:102AB000C37500007040F8484848CE7C48484848F4
:102AC00000000000623F070032332E2622293830F2
:102AD0000000C47500007040F808C8784ECC484823
:102AE000484800000000663F07010000007F090918
:102AF00009090000C57500007040F82828282AEE52
:102B00002828282800000000663E0F007F110907D2
:102B10000D59517F0000C77500007060F808282823
:102B20002AEC2828282808000000663E07203F20BD
:102B3000203F222222222000C87500001830FC0409
:102B4000F49495F7949494F400000000331F073830
:102B50000F02023F0222223F0000C9750000706090
:102B6000F8082828AEACE868280800000000321FEA
:102B700007212525253C252525210000CA750000B3
:102B80007040F88888482E382848C888000000041B
:102B9000261F07202929293F292929200000CD7532
:102BA000000070F8FC14545456FC545454D40000E3
:102BB0000000623F014627351D0F1D25755D000091
:102BC000D27500003060F84848786ECC48784848A4
:102BD00000000000623F07080A0A0A7F0A0A0A0882
:102BE0000000D47500003060FC84A4A4A6FEA4A458
:102BF000A4A400000000623F070404142444447F9E
:102C000004040000D57500007040F808E8A8AEACD8
:102C1000A8A8E80800000000623F07007F22222EDB
:102C20001A3A2F640000D67500003040F828A82812
:102C3000EE2CE82828A800000000663E2F20272060
:102C40003F203F2827210000D87500007040F82859
:102C5000A8A8AEACA8A8A82800000000261F07203E
:102C6000273C2424243C27200000DB7500007060F2
:102C7000FC0494B4D6D4F4B4B48400000002721FEF
:102C8000033F7F0A0A7F0A4A6A3F0000DE750000A0
:102C90007040F82828A8AEEC28A8A828000000005A
:102CA000623F07017D24242724247D010000E27572
:102CB000000038F0FCA494F49786E4E404F40000E7
:102CC0000000331F030C073F03020727203F0000CB
:102CD000E375000018B0FC14949495FE94949494B9
:102CE00000000000311F031C043E20222430041881
:102CF0000000E47500003040F808E8E80EFC08C861
:102D0000E80800000000321F27212424253F252544
:102D100024250000E67500003060FC145454F6567B
:102D20005454D41400000000263F07027A2B2B2AAB
:102D30002A2A3B3A0000E77500007060F8882808EE
:102D40008ECCE808488800000000623F0771190037
:102D5000432037180C030000E875000038FE7ED2CF
:102D6000527A5353527A52D200000000310F0021A0
:102D7000321A0E0322321E010000EA75000070F8BC
:102D8000F888C8E8BEACE8A8880800000000723FD8
:102D9000036427341C0F1C3427640000EB7500000B
:102DA00070FC7C84240426E4242424E40000000035
:102DB000721F007F1809073F074D407F0000F07524
:102DC00000007040F8086808CEFC88886808000099
:102DD0000000663F074A6F21180E18396D43000046
:102DE000F17500007060F8484848FE0CF848484803
:102DF00000000000623F070909097F007F090909F7
:102E00000000F475000030F8F8C878C84E4CE82887
:102E100028E800000000623F0362320F1A227F2080
:102E2000207F0000F97500007040F808E8A8AEECBB
:102E3000A8A8E8E800000000623F0764251D05051A
:102E4000057D05050000FC7500007040F808E8A845
:102E5000AEECA8A828E800000000623F07007F2031
:102E60002E2B2A2E207F0000FF75000070FCFC44F2
:102E700054D4D6F6D4D4544400000000621F034555
:102E80005D5D3635343C654500000076000070FC21
:102E90004444D4744646C474648400000000621F35
:102EA00060380F427E031132640100000176000099
:102EB0007060F82828E82E3C28E828280000000048
:102EC000623F070A0B09097E0B09090A0000037615
:102ED000000070F8F8A8A8E8EE2C2828A828000020
:102EE0000000623F0125171E49673F030C300000B8
:102EF000057600003060F808C8786ECC6878C8089D
:102F000000000000663E0F101715157F15151710ED
:102F100000000A76000070FCFC84F41486969494F9
:102F2000F48400000000623F03037F004E2B1E1E4E
:102F30002A6A00000C76000070FC24A4A4F4A6A465
:102F400004E404F400000002721F20130E7F0E132D
:102F5000004F407F00001076000070F8F8E8E8A805
:102F60000EFC28A8E8E808000000623F014727346B
:102F70001C0F1C34274700001576000030FCFCF4C1
:102F80009494F606949494F400000000663F007F49
:102F9000121212622E3A3E6600001776000070E0B0
:102FA000F888A8E8AEFCA8E8E8A800000000361FF2
:102FB000232E2A2B293C292B2A26000018760000D4
:102FC00070FCFC4454E4C6FE44E454440000000099
:102FD000621F01455D7C3635342C6545000019764D
:102FE000000030FCFC1434F4D6F4D4F434040000B3
:102FF0000002721F01212F2B2A3F2A2B3F61000064
:103000001B76000070F8F8A8E8F8AE2CE82828E84D
:1030100000000002721F2119037B414E49621A31E0
:1030200000001F7600003060FC04F45456565454DF
:10303000F40400000000623F477C7D457D457D45EE
:103040007D7C40002076000070F8F85858E86E3C0F
:10305000C8F8584800000000623F03027F151515AC
:10306000557F3F0300002276000038FE02F2325AFC
:10307000F3427A0A7A4200000000390F311F01251D
:103080003F21171D1F330000247600007060FC8470
:10309000F494D696F43414F404000000623F030163
:1030A0007F2A2A3F2B2B7F0000002576000038FE68
:1030B000FE12525ED372525E521200000000311FA7
:1030C00011192D2725253D252525000026760000F0
:1030D0003060FCE4745406F41454F4E4000000007E
:1030E000623F03456D3D3537357D6D4100002976E2
:1030F000000070FCFC242474A6E4A47C24240000BA
:103100000000623F03027B2B2A2A2A2B7B0200004D
:103110002A76000018B0FE02FACACBCECACAFA025A
:1031200000000000311F05041E2A2B292E263C0416
:1031300000002B76000030F8F8A828E8CEFC28F82C
:10314000E82800000000721F3119071D007F253F8D
:103150003F2500002D76000070F8F818D858FE5C66
:10316000F85858D800000000621F03683B0B4B7BE7
:103170000B0B3B6900003076000070FCFCE4F4545B
:1031800056F65454F4E400000000621F01282B4F4F
:103190004F7B0B192D2800003376000030FC04947F
:1031A000D494F614B4D4D4F400000000621F044494
:1031B0005A56352D2B12160400003476000070FC90
:1031C000FC445474565E5474545400000000721F42
:1031D00001101F1B1B7B1B1B1F10000035760000FE
:1031E00070F8F8C878E8EE2C68A8E828000000001D
:1031F000721F03223707467E0607372600003876FF
:10320000000030FCFCA4F4A4E606F49494F400005E
:103210000000623F007E0A2A3E1F366A6A3E0000B6
:103220003C76000070FCFC14D47C5654547CD414BE
:1032300000000002321F00486B2B1B1F3B2B6B68EA
:1032400000003E76000070FC04F4D4F4C6F6B4E44A
:10325000E48400000002721F007F090F30754D5D8D
:10326000653700003F76000070FC04F414D4F604C7
:10327000F4D414F400000000721F004A5B792E2879
:103280003A39494A00004076000070FCFCA4A4FCD6
:10329000A6A6A4FCA4A400000000623F03403F35A2
:1032A000151F15353F4000004376000030FC04F444
:1032B000D4F4A7B6FC54F49400000000390F003F8A
:1032C0000407262B2B3F2B2A00004C76000070F8B9
:1032D000F80808785E5C5878680800000000663FCF
:1032E000033F2525273C2725257F00004D7600003C
:1032F00070F81818F8184E78C828E8280000000060
:10330000621F01111F39330E19223F22000054762B
:10331000000070FC44545474565E547454440000CD
:103320000000721F20180777475F4767176000008B
:103330005676000070F878E8A8A8EE2CE838A8A81F
:1033400000000000621F301F7C243C0A0A7E0B0A2A
:1033500000005C76000070FC7CF454545664F41455
:10336000748400000000721F300F3A0F1F28263AA5
:103370003E6600005E76000070FC24A4A4F4A6A6BD
:10338000E4B4E4A400000000321F201B0E7F0B50A9
:103390002F1C102F00006376000070FCC4E49CF426
:1033A000B60474C4647400000000721F202F2A2F1A
:1033B0003F080A7F0A0A00006B76000030FCFCD44C
:1033C0007454D616D47454D400000000621F503FC9
:1033D00016163F507F3F203F00006F76000070F8C8
:1033E00078F87838FE08F838F8F800000000321F46
:1033F0000C3C3F3B3B3F3F3B3B20000078760000CE
:1034000080D474744CC0C64C5C6450C8000000008A
:10341000426222321A0F0F0A1A12326200007B76C1
:103420000000C454B4B4ACA4A6ACB8B470C80000D6
:1034300000004040477C644444745C4740400000C6
:103440007D76000000F01010181E10101010F00013
:1034500000000000007F21212121212121217F0066
:1034600000007E76000002F2F212121E161212F214
:10347000F20200000000003F3F1111111111111F55
:103480003F0000008276000000FCFCA4A4A6A6A4D5
:10349000A4A4FC00000000000C0C0C7F4C4444442D
:1034A00044467606000084760000F0101E10F040BE
:1034B000709E101010F0000000003F1111111F004D
:1034C00000014340781F000086760000007C7C48A5
:1034D00068E83C7C48484C600000000000007F2900
:1034E00029292929293F7F0000008776000000FC58
:1034F000A4A4A4A6A6A4A4A4FC0000000000202A62
:103500002A2A2A3E3E2A2A2A2A20000088760000FB
:10351000F88C8EF800FCFCE42426E2620000000037
:103520001F08080F603F60331E1C336000008B765D
:103530000000007C5454D456545454547C00000071
:103540000000090D0F0B097D3D090B0F0D0900004F
:103550008E760000F09C9EF080C8A80A0C38E8C85F
:10356000000000001F08080F6020311E1C1320609F
:10357000000091760000F09C96F09C9C90909E90AC
:10358000909C000000003F10101F007C4444444405
:103590004477000093760000F09C96F080BC9C90ED
:1035A000FE909090000000001F08080F007E22226D
:1035B00022223E7E000096760000F88C8FF8008C68
:1035C000A4A4A7A4A48C000000001F0404072010DA
:1035D0000E03003F2030180099760000C878FE28BE
:1035E00048807C2424E426200000000000007F2A7C
:1035F0002A2B2A2A2A3F3E000000A4760000F88CDD
:103600008EF820ACFC64FE72BA20000000001F0897
:10361000080F017F2A2A3E2A3E030000AE760000F2
:1036200000F888888888FE888888B818000000001C
:10363000380F6061233C18183C2361600000B176AC
:103640000020302E2734EC00FCC4447F44DC000012
:103650000000121212123F303F21130C1F310000E4
:10366000B27600002CE43CA4242CF89888FE88B89C
:103670000000000013030A7F02623F432E183E63DE
:103680000000B4760000D87C9A387C90F88888FED8
:1036900088B80000000064271B1A26705F61371885
:1036A0003E610000BF76000000F80808F80808F83E
:1036B0000808F80000000020203F20203F20203F85
:1036C00020203F202000C27600002024242424FC57
:1036D000FC242424242000000000203C24253D2537
:1036E000243C24243C200000C57600000078484893
:1036F00048FEFE484848780000000000203E222294
:103700003E23233E22223E200000C67600001018F1
:103710001896F0101010F678103000000000203DD0
:1037200025243C24253D25243C200000C8760000AB
:1037300004C47C5CD4D4F4043C24E06000000000A9
:10374000233C24253D24253C25253D200000CA7628
:1037500000001090925C101010505CD69090000009
:103760000000213F3E223E22223E22223E21000036
:10377000CD7600002024A4E4643E3E24E4A424206A
:1037800000000000203D25253D25253D25253D2027
:103790000000CE76000040787C44C4FEDEC4447C49
:1037A000404000000000223E3E253D24243D273FAE
:1037B0003E220000CF760000485848686E78E8AE98
:1037C000ACEC6C2000000000427A4A4A7949497901
:1037D0004B4A7A430000D0760000888888FEC848AB
:1037E00000FEFE18302000000000203E22223E2273
:1037F000223E22223E200000D176000000FC00FE86
:10380000FE40701E2848880800000000203E22224A
:103810003E22223E22223E200000D27600002030AE
:10382000D0585C56565C58D8103000000000203C40
:1038300025253D25253D25253C200000D47600008A
:10384000C4643C463484F4F484641404000000002E
:10385000203C26273D25243C25253F220000D67606
:1038600000000028282E28F8F8282E28280000001C
:103870000000213D25253D25253D25253D21000034
:10388000D7760000848C4800988EC8786888B8186D
:1038900000000000213E22233F22223E22223F211F
:1038A0000000D87600004040F848485C684848F876
:1038B000404000000000427B494878494B784A4B21
:1038C00078400000DB76000080F82828E8081EF821
:1038D000CAEC388800000000437C7C457D45457D6E
:1038E00044457D410000DF760000FCFC9494FC80A0
:1038F000FC545454FCFC00000000203C24243C25D3
:10390000243C24253D200000E5760000FCD49052A4
:1039100030FCFC708494D4FC00000000213D242481
:103920003C25243C24243D210000EE76000000FECE
:1039300022222222222222FEFE0000000000003F5E
:10394000111111111111111F3F000000EF7600003D
:10395000FE9292FE0002020202FE0202020000003B
:103960001F04040700002020203F00000000F17623
:103970000000FE9292FE40424242FE42424240001D
:1039800000001F040407000020203F00000000008A
:10399000F27600000838B8A8A8AEACA8A8A8A80875
:1039A0000000000000007F2A2A2A2A2A2A3F3F001E
:1039B0000000F47600000404E4A4A4BEA6A4A4E4D9
:1039C000E4040000000020203F2A2A2A2A2A2A3F55
:1039D0003F200000F876000010D0FE901010FC444C
:1039E000444444FC0000000006017F0103027F22E2
:1039F0002222227F0000F9760000FC2424FCC8C8A3
:103A000008FEFE08C8C8000000003F11111F07078C
:103A1000043F7F444F6F0000FC760000FE9292FE50
:103A200060784EC24047DC70000000001F040407AD
:103A300030180F0120301F000000FE76000000FC4F
:103A400024A4A4A4FCBCA4A6A22000000000701F13
:103A5000007F2A2A2A2A2A2A7F00000001770000F4
:103A6000A0B08C84C0FEE0A0949C983000000000C0
:103A700000007F2A2A2A2A2A2A3F3F0000000477D2
:103A80000000FE9292FE02FA0202FE1212F2000002
:103A900000001F040407000101012121391F00005B
:103AA00007770000FC2424FC80E03800FE0038E0AA
:103AB000000000003F09090F202030301B0C0700D8
:103AC000000008770000FE9292FE383808E8FF08F0
:103AD0000838000000001F04042730180E031F20C0
:103AE000203808000977000000FE12D252525E52C0
:103AF0005252DE00000000001C07003F151515158E
:103B000015153F0000000B770000405454D47C5C36
:103B1000545456525240000000000406037F2D2DDD
:103B20002D2D2D2D7F0000000D770000FC2424FC9E
:103B300000FC1464C4C47404000000003F09090FB1
:103B4000003F282C23232628000019770000FC249E
:103B500024FCC0E0D8CE405870C0000000003F09EF
:103B6000090F007E222222227E0000001A77000028
:103B70005058565454547E5454544440000000004D
:103B800000007F3535353535353F3E0000001F7765
:103B900000000404F454545E565454F40404000029
:103BA000000048682F3B0B0B0B0B3B2F68480000B5
:103BB00020770000FE9292FE00FE9292F292929E78
:103BC000000000001F040407303F1010131F3030A6
:103BD00008002277000090C8D664341C007C44544E
:103BE0005C602000000000007F3535353535353FFD
:103BF0003E00000026770000FC2424FCE000FE408C
:103C000040FE4020000000001F09090F3F303F1018
:103C1000103F2038000028770000FE9292FE2026F8
:103C2000262E32A2E320000000001F0404073018F3
:103C3000183423212020200029770000FC2424FCB4
:103C40000098D83A1C985818000000003F09090F46
:103C50002031393733311C3000002D770000FC242F
:103C600024FC404848487E484848000000003F097E
:103C7000090F202424243F24242420002F7700002F
:103C8000FC2424FC809CB080FE80BC8400000000EA
:103C90001F09090F301806037F070C100000357745
:103CA0000000FC2424FC0090B8ECEE281800000072
:103CB00000003F09090F4064222F19190F0300006B
:103CC00036770000FC2424FC00FC1494F4F49414D3
:103CD000000000003F09090F003F28282F2F282847
:103CE00000003777000020A8EEECB8BCAEA8ECEEE0
:103CF000A8200000000001017F2A2A2A2A2A2A7F00
:103D00000001010038770000FC2424FC0090D81644
:103D1000D0141830000000003F09090F080B0909F2
:103D20007F09090900003A770000FE9292FE08B868
:103D3000FF00FEFFB00C000000001F040427331D2D
:103D400007000F3F203908003C770000FE9292FEEA
:103D500000FE5252D2527E7E000000001F04040773
:103D6000003F1010130E1B31000040770000406828
:103D700068EE687868686E68684000000000080EA9
:103D8000077F3535353535357F0000004177000038
:103D9000FC2424FC303C26E4343CE0E0000000003D
:103DA0003F09090F0145457F05050F0701004377CE
:103DB0000000FC2424FC80985C961034589000008D
:103DC00000003F09090F4864273B1A3E26400000C7
:103DD00047770000FC2424FC10D05C50F05C567047
:103DE000000000003F09092F22130A0E7F02223E25
:103DF000000050770000FC24FCFC086848FCFCC86C
:103E00006808000000003F090F0F1109057F3F0DF2
:103E10001931000051770000FC24FCFC6070584E02
:103E20004C583060000000003F090F0F202E202367
:103E30002638272100005A770000FE9292FE00FEED
:103E400052527E7E5252000000001F0404371E139F
:103E500012121F1F121200005B770000FC2424FCCA
:103E60004454547C7E545454000000003F09090F10
:103E7000007F151515557F00000061770000FC24B8
:103E800024FC20E42424FC24E620000000003F0958
:103E9000090F052725253F2527250000627700000B
:103EA000FC2424FC60F85E5054FC505000000000DC
:103EB0003F09090F007F2424243F24242000637736
:103EC0000000D070FEFE3454845C7474DC84000006
:103ED000000000007F3535353535353F3E000000A8
:103EE00065770000FC2424FC00F8A8ACFEA8A8F824
:103EF000000000003F09090F080C0E0B087F08089E
:103F0000000066770000FC2424FC20A8E83C3EE882
:103F1000A828000000001F09090F2125243E3F2486
:103F20002425200068770000FE9292FE00FE929108
:103F3000929292FE000000001F04040730180F0147
:103F4000003F203808006B770000FE9292FE22AA04
:103F5000AAAAFFAAFAF2000000001F040427380EE4
:103F600010303F24242400006C770000FC2424FC43
:103F700000340404B404321A000000003F09090FA1
:103F800031190D077F071931000079770000FC24F3
:103F900024FC404848FE48785844000000003F098F
:103FA000090F02037F2929297F0000007D77000087
:103FB000FC2424FCD0F4BC8C86BCF4D000000000AF
:103FC0003F0A0A0F64341C0F0F1C342400007E7754
:103FD0000000005C54545EF4F45C54545C00000037
:103FE000000011151517153D3D1517151511000089
:103FF0007F7700003888E868A8EEECAC6C6C8C38F1
:104000000000000002027F3737363637377F030261
:104010000000807700005474BCFC1C3498DE666499
:10402000DC8400000000003E7F3535353535357FB6
:104030003E00000084770000FC2424FC8888BE88B1
:1040400088BEBC88000000003F090B0F3F7F24267C
:104050003F24247F000085770000FC24FC4044FCC2
:10406000C640E0FE80E0000000003F090F080E7F20
:104070000362380F1F3000008C770000FC24FC2006
:1040800028A8683E3EE8A820000000001F090F2174
:104090003D253D253D253D3D00008D770000FC245C
:1040A00024FCF8FCA4FEFEA4A4FC000000003F09D0
:1040B000094F62662A33333A666200008E77000049
:1040C000FC2424FC18A8A8AAFCA8A838000000001A
:1040D0001F09090F007A2A2A2F2A7A0200009177F5
:1040E0000000FE9292FE06FAAAAAAAAAFA06000008
:1040F00000001F040407321A0E02030A1A320000DD
:1041000092770000FC24FC24A4A4EEA4A4EEA4A4B2
:10411000000000001F090F007F180F041E47487F92
:1041200000009F770000FE92FEFE3AAABEBEAABE25
:10413000AABA000000001F0407071A0E22321E024E
:104140000A120000A0770000FC2424FC70D4585010
:104150005E50DC70000000003F09090F202B2A2A66
:104160003E2A2B280000A277000084F4D4DEF4D489
:10417000D4F4DED4F4840000000003007E3636362A
:104180003636367E00030000A5770000F86C38FE56
:10419000ECFE909C6E68B8880000000000007F353F
:1041A00035353535357F00000000A7770000FE92D9
:1041B00092FE18FEA7A4FFFEA4A4000000001F08A2
:1041C000080F201F02320333023A0000A9770000D3
:1041D000FE9292FEFE3ACA4AEA6A5ACE00000000F7
:1041E0001F04043F0F3E3F0B0F0B3B3F0000AA771D
:1041F0000000FC2424FCD4F4BCA4A6BCB4780000C9
:1042000000003F09090F20273C24243C2720000000
:10421000AC770000FC24FC6064BC242C3426BE6017
:10422000000000003F090F06271D0F030F097F093B
:104230000000B0770000FC24FC10F4949CF4F0FE25
:1042400010F0100000003F090F101F121A7F60339A
:104250001F210000B3770000FC24FCF894D45CD646
:10426000D45CD4D4000000003F090F4F4B4F4D7F6A
:104270007F4D4F4F0000B5770000FC2424FC905682
:1042800030FCFE3856D0000000003F09090F663FA1
:104290001E061E127F120000BB770000FC2424FCC7
:1042A000F8FCEABACA8EA8E8000000003F11111F0E
:1042B0007F017636363636720000BD7700002CFC62
:1042C0005C5EDC2C1434DCDEF41400000000010120
:1042D0007F3737373737367E00010000BF77000061
:1042E000007EDADA5A3CFC7E5A5A7E00000000005A
:1042F00006037F2D2D2D3F2D2D2D2D210000CD7757
:10430000000080FEFA7A7EFCFC7E7A7A7E00000055
:10431000000040484F7E2E2F2F2E7E5E444400002A
:10432000D77700008082FABABABEBABABAFA8280E7
:10433000000000007D7F5F5F7F41417F5F5F7F7D89
:104340000000DB77000080848494B4A4E4F49C8CA7
:1043500084800000000010180C4643417F000006D6
:1043600003010000DC77000044D4F45CCC4030183A
:104370006EC83060000000080C437F01010001019D
:10438000613D07000000E277000060301E0A08F877
:10439000F8080808080000000000412121111D074D
:1043A000070D113161610000E37700000090F8BC57
:1043B000969090909C98B0200000000045652434B1
:1043C0001C0F0F1C342464440000E5770000B88EF5
:1043D000F8F8888880FC040404FC000000006038C1
:1043E0000F070C18103F1010103F0000E777000077
:1043F000B08EF88888E424243C0000FC0000000013
:10440000301E070C100342423E00007F0000E97797
:104410000000B88EF8988880FC242424E40400006E
:1044200000002018070C18003F2222222320000041
:10443000EB770000B88EF8888024E4743C64E620B2
:1044400000000000301E070C10613D0E003E7F0191
:104450000000EC770000B88EF88880F8E880FEC095
:104460007CC000000000301E070C212424253F24BE
:1044700024240000ED770000B88EF8888804F41436
:10448000141414F400000000301C070C0820253917
:1044900021392D212000EE770000B88EF888809415
:1044A0005434FC34529200000000301E070C024AC3
:1044B0006E3B323A26620000F37700000282E2FA95
:1044C0004E4242424242C2020000000203013F3F0C
:1044D0001010101010103F000000F6770000C2FE10
:1044E00042C2C200FE0202FEFE0000000000011FE8
:1044F000080F2F1C0700001F3F380800F877000046
:1045000084FC8C8484848484FC8484848000000003
:10451000033F10101F0000007F0000000000FD7727
:10452000000084FC8C848480E03C1610D070000075
:104530000000033F101F1F6120310B060300000025
:10454000FE770000C2FE46C20200FE62C202FE000A
:1045500000000000013F080F301E070001013F303E
:104560001800FF77000082FE86828200F8080E0C99
:10457000080800000000033F101F7F3F07000000F5
:104580000000000000780000E2FE22E20222B27A7F
:104590002AE622E000000001011F080F0036190C76
:1045A0002721380F000001780000E2FE22E202C25B
:1045B000FA8282E2FE8000000000011F080F000264
:1045C00002022222380F00000278000084FC8C8452
:1045D00084C07000FE0030E000000002033F101FA6
:1045E0001F612030170806020000097800004054BF
:1045F000545454FEFE545454544000000000121A07
:104600007E3E2A2A2A2A2A2A7A0200000C780000F2
:10461000E2FE42C230FF1012FE3E02FE0000000128
:104620001F1F080F0007321E0720301F00000D78E3
:10463000000084FC8C8484E03E10D01090F00000D8
:104640000000033F101F0060300E071C30600000A8
:1046500011780080E2FE26E2027A5A42C2FEFE4251
:1046600000000000011F080F00180C26213F1F004A
:10467000000012780000C2FE42C200FF2020FF604E
:10468000301000000000011F080F003F18081F3005
:104690002038000014780000C2FE42C2C242FEFE72
:1046A0004242FE4240000000011F080F0F301F0071
:1046B00000003F00000016780000C4FC0484444859
:1046C000C87C4E48484800000001033F101F00000E
:1046D0000911396F030100001778000084FC8484FD
:1046E0000088F81EC8C8080800000000033F101F1B
:1046F000080909097F3F0909080018780000C2FE6F
:10470000828200C80808FE0808C800000002033FB3
:10471000101F000704047F44447F00001A78000043
:10472000C2FE42C202FEFE02FA02FEFE00000000CD
:10473000011F080F2030190E073E203900001C7899
:104740000000C2FE42C202FE12E2F21AFE000000A7
:104750000000011F080F380F0C07030C1F38000062
:104760001D78000084FC848404101010FE101010CA
:1047700000000000033F101F0121392F23213D714C
:1047800000001F78000084FC8C84E4301CF09090C2
:10479000909010000000033F101F1F00007F0404D2
:1047A0000404000023780000C2FE86823838E80A3C
:1047B0000E08883800000000033F101F00007F42F1
:1047C00042414170000025780000C2FE42C202FC56
:1047D00046467EE2434000000000011F080F003FF4
:1047E0001010180F38300800267800007878407EC6
:1047F00048483C7E484844640000000011191D7F71
:104800002B29292929297901000027780000C4FCD7
:104810004C44C4000000FE10101000000001013FD5
:1048200008080F3F7F212121217F00002978000007
:1048300084FC848480C848FE48FE4878000000025A
:10484000073F101F63321E03027F121E00002C78E8
:10485000000084FC84840410D0161C10D0100000CA
:104860000000033F101F20202F28203E232000009F
:104870002D780080E2FE62E22224263E32A2E3226C
:1048800000000000011F080F3018183422212020DA
:10489000200030780000C2FE42C2020A7202FE020C
:1048A0007A1A00000001011F080F000101013F01F9
:1048B000010100003478000084FC8C8404F09090A6
:1048C000FE9090B000000000033F101F701F633681
:1048D000183C2760000037780000C4FC4CC404F08A
:1048E0009090FE9090F000000000033F101F000F1A
:1048F00004047F04040F000038780000E2FE42C286
:1049000002FEF212FAFA12F2000000001F3F080F36
:10491000003F23202F2F222300003978000084FC41
:10492000848408883E08083CC80800000000033F53
:10493000101F6020331C1C33216000003A780000F7
:10494000E2FE22E202FE0A0AFA8A8A8A00000001D6
:10495000031F080F380F301C0320301F00003B7866
:10496000000088C868388E4878EAAEBC98C8000055
:104970000000131A1A7E2E2A2A2A2A2A7A020000F6
:104980003C78000084FC848444E0B08C8698B0E0DD
:10499000000000003F7F101F404040407F404040EB
:1049A00000003E78000084FC848404FC8484F48449
:1049B000868000000000033F101F101844407F0055
:1049C000043800004078000084FC8484047840406F
:1049D000FE40407800000000033F101F003F2020F1
:1049E0003F20207F00004578000084FCC4C40450B0
:1049F0005050FE50505000000000033F101F202474
:104A000024243F242424200047780000C2FE42C210
:104A100002F848CCCF7808F800000000033F080FE8
:104A2000003F28262323243F00004C78000084FC0C
:104A30004CC4843018BEC8E8980000000002033F50
:104A4000101F0F027F2222227F3F00004E780000BD
:104A5000E2FE42C242FE42FE42FC00FE00000001B5
:104A60001F1F080F3807003F0023203F0000507829
:104A70000000C2FE42C202FE0ACA4ACA0AFE000082
:104A80000001011F080F003F00070223203F000024
:104A900052780000C2FE42C202F292FE12FE12F2F0
:104AA00000000001011F080F003F11101011113FFD
:104AB000000055780000E2FE42C202F2FA0AEE0A55
:104AC000FAFA00000000011F080F0033130C07085A
:104AD0001B33000056780000C2FE42C2002868085E
:104AE000FE086808000000013F3F101F6121190FF8
:104AF000071D3161000057780000C2FE42C2024C1F
:104B0000273E34744C6400000000011F080F21315F
:104B10001F07013F213100005D780000C2FE46C240
:104B200002E2ACA0BFA0ECE600000000011F080FED
:104B3000003F040404243F1F00006A780000C2FE06
:104B400042C22626FE2320FF22AC00000000011FE7
:104B5000080F02233F21190F1F3008006B78000057
:104B6000C4FC848400C8E8B88E88E8C8000000014E
:104B7000033F101F603F0F003F007F4000006C7834
:104B80000000C2FE46C202FA4A4AFE4A4AFA000041
:104B90000000011F080F20331D1F171131210000D5
:104BA0006D78000084FC84840C081E08C89C1C08D6
:104BB00000000000037F101F01017F41414141417E
:104BC00000006E78000084FC848464F82E26F43C97
:104BD00024E000000000033F101F601F05057F4513
:104BE000457F00007778000084FC84844460584C42
:104BF0004658706040000000037F101F40464C4044
:104C00004E704E4300007C780000E2FEE2E2FE12AD
:104C100012FEFE1212FE000000011F1F0F3F1F2197
:104C2000213F3F01213F000087780080E2FE42C221
:104C300008AC2425E624242C00000000011F080FE6
:104C4000380F0C183F212121000089780080E2FEF6
:104C500022E202FE424A7E4A42FE00000000011F9C
:104C6000082F1C07000F092F203F00008C78000040
:104C7000C4FC44C404545454D4547C400000000286
:104C8000033F101F10111A4C7F0C1A3100008D7851
:104C90000000C2FE46C2C25E7E6A6AEAFE7E000074
:104CA0000000011F080F0702060A223F1F02000032
:104CB0008E78000084FC84840488F8880EE8E80874
:104CC00000000000033F101F040504047F040405D6
:104CD000000091780000C4FC44C404F8A8A8FEA811
:104CE000A8F800000002073F101F08080E0B087EFE
:104CF000080800009378000084FC8484C4F0FC96CB
:104D000090FC909000000002033F101F00007F24E1
:104D1000243F2424000097780000C4FC848418E811
:104D200048CECC4848D8000000013F3F101F6332F6
:104D30001E033F644477000098780000C4FC84841C
:104D400000F888FE88FE88F8000000023F3F101F30
:104D5000446714070417346700009A78000084FC45
:104D600084848488F8888EC8F88800000000033F97
:104D7000101F007E7E2222223E7E00009B780000D3
:104D8000C4FC8484445454547E54545400000000A1
:104D90003F3F101F406F21311F312F6F00009C7863
:104DA000000084FC84844058DC76505CD8500000BD
:104DB0000000033F101F01456E2A35140909000049
:104DC0009F78000084FC848408FC88BCB8A8BE8856
:104DD00000000000073F101F24341C7F7F1C342478
:104DE0000000A178000084FC848400D4D4D4FED4D4
:104DF000D45400000000073F101F041F14145F5418
:104E00007F170000A3780000C2FE42C202BEEAAAD9
:104E1000AAAAAABE00000000011F080F010F0C0E75
:104E20000B2C281F0000A578000084FC848400F867
:104E3000A8A8AEA8A8B800000000033F101F3C0FB0
:104E40007F083F3F487F0000A77800009494FCD47F
:104E5000D440FCA4A6A4FCFC00000000121A7E2E84
:104E60002A2A2A2A2A2A7A020000B0780000C4FCE2
:104E700044C49012FC1010FC129000000002033F8A
:104E8000101F21273F20203F26210000B17800007D
:104E9000C4FC8484F0F0505050FE12D40000000096
:104EA0003F10105F3F011F492F1F7F613000B27814
:104EB0000000C4FC44C4C0C87848CC6858C800008E
:104EC0000001033F101F001F01017F111F0F000091
:104ED000B378000084FC8484445CF0505ED0505C65
:104EE00000000000073F101F201F4527180F3C63DC
:104EF0000000B478000084FC848408C8A898FEB838
:104F0000E8C800000000033F101F202F2B2B2B2B85
:104F10002F200000B978000084FC8C840418A8A815
:104F2000AEA8A81800000000033F101F20202F2A61
:104F30002A2A2F200000BE780080E2FE22E202FE34
:104F40004AFA4A4AFA4E00000000011F080F1C07E7
:104F5000313F111F1D370000C1780000C4FC44C45C
:104F600090F01CD0907C16D0000000023F3F101F34
:104F7000312D2F70313D27380000C5780000C4FC6A
:104F8000C4C400E83828AE2838E800000001033F18
:104F9000101F4061390F494979010000C9780000AC
:104FA00084FC8484C4E4DC5CDCDCE44000000000BD
:104FB0003F3F101F26351D3E7E1D35250000CA7857
:104FC0000000929A9ABEAEAAAAAAAABABA82000011
:104FD00000080C3F13121E080C3F1312123E000073
:104FE000CB780000C2FE42C202282EEC382C2E28BC
:104FF00000000000037F101F30594F477D7D45455D
:105000000000D0780000A0FC64B6FC1038EEA2E6E8
:105010007E100000000013127A3F2B2A2B2B2A2A25
:105020007B030000D4780000C4FC44C4108C6838B2
:105030006848FE4800000000033F101F25351C0C87
:105040007F0C15240000D578000084FC848424A8FB
:10505000E8683E68A82800000002033F101F407D5A
:10506000457D457D457D0000D978000084FC848421
:105070004468B8480E98B86800000000033F101F4D
:10508000080D7D23271D39270000E8780000FCFC6F
:10509000A464F464A6A464FC64A4000000203F039C
:1050A000120A7F2E2A2A2A2B3A3A0000EC780000B6
:1050B000ECACAEEEACEC38EEE2E2FE10000000002C
:1050C00013127A2E2A2A2B2A2A2A7B030000F2782E
:1050D000000084FC8484109244FC34343434000096
:1050E0000000033F101F24351C0D7F0D1525000007
:1050F000F478000084FC8484C0F4BCACA6BCB46822
:1051000000000000033F101F40477C6444744F4080
:105110000000F778000084FC848490547C30FE30DA
:1051200054D000000000033F101F443B1A061E121B
:105130007F120000FA780000C4FC848428A8BEA86E
:10514000E8BEA8A8000000023F3F101F402F3A0A07
:105150000F1A2F6F00000179000084FC848460F82E
:105160005E50F6F4505000000000033F101F603FF7
:10517000057507770535000005790000C47CC40C6F
:10518000785E5878F0FE10F0000000023F101F1902
:10519000497D0F09201F1F60000013790000C2FE27
:1051A00042C202BEB6B6BEB6BEBA00000000011FC3
:1051B000080F202F2B2B2F2B2F2F00001E790000E4
:1051C00084FC848424345E54545E54340000000013
:1051D000033F101F202F1B577D051F23000024793C
:1051E0000000C4FC44C440F4DE7414FED434000057
:1051F0000001033F101F223755457D05152600008D
:105200003479000084FC8484142414DED4FEDCD4BD
:1052100000000000073F101F201D001F3A4F7A0FAB
:1052200000003A7900002022222222E2E2222222F9
:10523000222000000000180E0320203F1F00000362
:105240000E1800003B7900001010109CF030000098
:1052500000000000000000000402037F03060400B9
:105260000000000000003C790000101096F83000AB
:1052700000FE000000000000000002017F010302A8
:10528000003F2020203800003E7900001090DC70A4
:1052900010404040FE4040400000000203017F01FA
:1052A000222020203F202020200040790000109262
:1052B000D6F010FCFC848484FCFC00000002030196
:1052C0007F01031F3F20202020390000417900008A
:1052D000101096D8701000FC04C4BC0C0000000034
:1052E00006037F7F0306007F1010110E0000467931
:1052F00000001012DEF010848484FC84848400009A
:10530000000003017F014220180F030E30600000EF
:10531000487900001090DC701000F84C4CC44644F2
:105320000000000003017F01223F0700007F000012
:105330000000497900000888EEB808F0F000FEFE91
:1053400040400000000203013F01233F3F203F3F58
:1053500020202000537900001096D4301010FE90C9
:1053600090969C9000000000033F7F03301E632353
:105370001C1C27600000567900001090DC7010FCA7
:10538000FC444444FC000000000003017F01223F74
:105390003F2222223F2020005779000088CBEE9840
:1053A00000FC4446FEC2434000000000013F3F01B4
:1053B000203F1018180F303008005A79000010965E
:1053C000DC3060301EF090909090000000000303ED
:1053D0007F030000007F0404040400005B790000E8
:1053E0001010DC7010101010FE10101000000000E3
:1053F00002037F030261392F2321397100005C7998
:1054000000001096D43010101010FE101010000084
:105410000000033F7F03007E222223223E7E000005
:105420005D7900001092DC3000FC8484848484FC6C
:105430000000000003017F0162301F01007F407007
:1054400010005E7900001010DC7000F09090FE906B
:1054500090F00000000002037F03020F04047F04A9
:10546000040F00005F79000000BCA8A8A8BEBEA879
:10547000A8A8BC00000000000424140444647C04B8
:10548000041424240000607900001096D430149491
:105490009494941404FC0000000003037F03001F95
:1054A00008080F40407F000062790000088BEEB8CA
:1054B0002838CF04FC04D41C0000000001013F0187
:1054C000010721203F0001070000657900001096C8
:1054D000D43000909E98F0989E9000000000033F0A
:1054E0007F03040404047F040404000067790000BF
:1054F00088CBFE180830FF00FEFFB0180000000047
:10550000013F3F2132190F001F3F213310006879FE
:10551000000002BAAAAABEAAAABEAAAABA0200009B
:10552000000032120A02223E1E020A0A1212000073
:105530006D79000010C8D6F4B48C869CE4F49C0409
:105540000000000021331A0A427E3E020A1A33018B
:1055500000006F79000010129E7010C040407E4421
:10556000C4C40000000002037F03426F20180F3004
:105570002F4F0000777900001096DC3088A8A8FC37
:10558000AEA8A8A800000002037F7F03301C070A12
:105590005A427F020000787900001096F43080BCF7
:1055A000A4A4E4A4BC9C00000002037F7F037F7FCF
:1055B000180F034C487F00007A7900001092D43015
:1055C0000008FE484848FE0800000002033F7F0331
:1055D000442437050515376404008079000004F47D
:1055E0001474747676747414F40400000000682B4C
:1055F0003B0B4B7B3B0B1B3B2B28000081790000B6
:1056000048287E38284048387E7E28480000000020
:1056100064251545457D3D05051525440000847923
:1056200000001094DC3000545454D4547C400000EA
:105630000002037F7F0302110A4C7F0E1A31000023
:10564000857900001096D43000F09E90F09C96F082
:1056500000000002033F7F03080B0A0A7F0A0A0BBF
:1056600000008A7900001096F4305454FE54C47C33
:1056700004FC00000000033F7F034464351E0F1448
:10568000256500008F7900001096D870107474544E
:10569000545474740000000002037F01037F292921
:1056A0003F29297F00009A7900001096DCB0105045
:1056B0005E50F05C565000000000023F7F03721203
:1056C0001272137202720000A779000088CBFA9858
:1056D000026AEA6A6FEAEA0A00000000003F3F003F
:1056E000013D252525253D3D0000B379000010969C
:1056F000F43004B4F4B6B6F4B4B400000000037F90
:105700007F0314157F2D2D1F356D0000B979000022
:1057100000F4F49494FCFC9494F6F2000000000071
:105720007E7E1212121F1F121A727E3E0000BA797C
:105730000000007E4A4A4AFEFE4A4A4A7E000000B5
:1057400000003F3F0909090F0F090D313F1F0000FD
:10575000BB79000008E8E8C8D8AEACD8C8E8F808BB
:10576000000000007E7E021A1E13131E1A427E3EA7
:105770000000BD7900001008D898F45E56F498D85F
:10578000081800000000007C05353D17151D754503
:105790007C000000BE79000048484848CCFCFCC4AE
:1057A000444444400000000010180C06017F7F01B3
:1057B000060C18100000C0790000C84AEABA9AFE28
:1057C000BE9B396948C8000000002030180F030054
:1057D000002322321E000000C179000024A4FCE452
:1057E000A62080F81E8000000000000006037F0055
:1057F00001383F1110111F380000C379000088CA1A
:105800004A2A1A7E7E1A2B6BC888000000002020CE
:10581000301F0101011F3F2020380000C679000021
:1058200024A4FCA420848484FC848484800000005C
:1058300006017F01030000007F0000000000C9791D
:10584000000090B4B4B4B4FCFCB6B6B2F290000060
:1058500000002032120A067F7F060A123320000061
:10586000CB79000024A4FCA622E07000FE00C0302A
:105870000000000006037F010160380E030E38604F
:105880000000CD79000024E4FCA620F01010FE10EA
:1058900010F00000000806037F01020702027F02E9
:1058A00002070000D179000024A4FCA6200044884F
:1058B0000800FE000000000006017F01030C0C043C
:1058C00004067F060000D279000024A4FCA620E094
:1058D0003000FE0018600000000006017F014160FA
:1058E00020301B0C07010000D579000024E4FCA245
:1058F00020FE4040FCFC60300000000006037F01F9
:10590000203F10101F3F20380000D879000012F20D
:10591000FED180E0F9FBC6707EC2000000000701E6
:105920003F0133181F3F212038030000DF790000BA
:1059300024E4FCA42000FC444444FC0000000000DB
:1059400006017F0121203F2222223F200000E3792F
:10595000000024A4FC2220888888FE888888000013
:10596000000006037F0112180E037F030C180000CD
:10597000E479000024A4FCA620147404FC0474142C
:105980000000000006017F01030101017F01010108
:105990000000E67900004454D4D4745E5654D4D444
:1059A000544400000000026325151D7F7F0D14354F
:1059B00027020000E77900004CCCFC4640F0F010D4
:1059C000FE10F0F00000000006037F014121311DB0
:1059D000070F31610000E97900004CC4FC444078B5
:1059E0001C10FE101010000000000E037F01632148
:1059F000110F071D31610000EB79000024E4FCA6C3
:105A0000202020E0FEE42C200000000006017F01A1
:105A1000130C07017F01071C0000ED79000024A48E
:105A2000FCA620F01808FE08080800000000060385
:105A30007F0122310D077F01111F0000EF79000067
:105A400024A4FCA62220FC04040404FC00000000A2
:105A50000C037F0103603909010119710000F0791D
:105A6000000012D2FED31038CF04FC04E48C0000F6
:105A7000000007013F00010701203F000007000070
:105A8000F879000024E4FC2228888888FE88888829
:105A90000000000006037F01007E222222227E3EBB
:105AA0000000FB79000028ECFCA6A0D0D86CEE78B2
:105AB0001800000000000E037F034064262F191910
:105AC0000D030000FD79000024E4FCA6203CA0E0CA
:105AD000BEA0A0BC0000000006017F004363213689
:105AE0001C0C06010000007A000024FCFE22405439
:105AF000D47CCC4C565000000008077F7F03063F43
:105B000003027F02223E0000027A000024ECFCA681
:105B100020F8282A2C28F8F8000000000E037F0344
:105B2000007F21210F1935250000037A000024A4ED
:105B3000FCA62054744474C6FE0A0000000006034C
:105B40007F01070444447F0504040000067A000036
:105B500024A4FCA6227C7C4444447C7C00000000FD
:105B600006017F01037E22222222227E00000B7A80
:105B7000000024A4FC26203C3C242424243C0000D7
:105B800000080C037F03222929293F292929200005
:105B90000D7A000012F2FF9110F296909F9094F609
:105BA0000000000007013F01003F04040424243FDB
:105BB00000000E7A000022E2FEA3A0F88B8E888CF3
:105BC0008FF80000000407013F0021301E03003F52
:105BD00020301000147A000024E4FCA6209098A63F
:105BE000E68890300000000006037F0138007C4208
:105BF0004C6329380000177A000024A4FCA620F882
:105C0000A8A8FEA8A8F80000000006037F010A0A61
:105C10000A09087F080800001A7A00006CE4FC6694
:105C200060F0FC9094FC9090000000080E037F034D
:105C3000027F7F24243F242400001E7A000024E4F5
:105C4000FCA620FC9494FC9494FC00000000060345
:105C50007F0122121A067F0E1A320000207A0000FD
:105C600024FCFC2620FC8494FC9484FC00000008A6
:105C70000E7F7F43380F1E12125E407F0000237A92
:105C80000000F02EE63CEC40484CFCFC4440000098
:105C900000002F292F292F080C077F7F071C0000E9
:105CA000337A000022E2FEA3084C4B4A4A4EF80029
:105CB0000000000007013F111D013D232521151C97
:105CC0000000377A000024E4FE22207CD4547CD4E7
:105CD000D47C0000000006037F014565263B1A3E88
:105CE00026610000397A000024E4FE2204F4545CAA
:105CF0005654F4040000000806037F03682F3B0B92
:105D00000B1B2F6808003B7A000024E4FEA224B499
:105D1000840CB484B29A000000000E037F01007F5F
:105D200024242024247F00003C7A000044FCFC460C
:105D300018A8A8E8AC282818000000000E7F7F02F1
:105D400035165A4D7F190F1800003D7A00002CECD3
:105D5000FC2428E8F89E786A6CA8000000000E0376
:105D60007F01007D35353535357D00003F7A0000F7
:105D700024E4FC2224F494969694F4040000000891
:105D80000E037F037F3F1D15151D417F0000467ADE
:105D9000000024E4FCA2207CD454D654D47C00001F
:105DA000000006037F034255742E2B3F14090000A8
:105DB000517A000024FCFE22404474447E645C441A
:105DC00000000000073F7F01007F2D35353D217F1A
:105DD0000000577A000032F2FFB1027A6A6AFF6A65
:105DE000EA7A0000000407013F0018013D23252145
:105DF000111B0000707A00006CFCFC6404B4F4B663
:105E0000B6F4B4B400000000063F7F0314157F2DE4
:105E10002D1F356D0000747A000070101090101660
:105E20001C10901010700000000060301C07000073
:105E30000000030E38600000767A00000CA4B494D1
:105E4000DCC786849414240C000000002030101C51
:105E50000F0100003F2020380800777A00009CA442
:105E6000A4948CE7868494B4A41C00000000003045
:105E7000101C07012020203F07000000787A000056
:105E8000384868A8D88E8C98A8A848380000000028
:105E900002626321361C180C060300000000797AA8
:105EA000000018286858584E4C5858E8E818000068
:105EB0000000000C0E0A0A0A4A4A4A6B3B00000026
:105EC0007A7A00007888C848280E0C2868C8883874
:105ED0000000000021232222223E3E2222222220F4
:105EE00000007F7A000018C8E8A8988E8C88A8A8BF
:105EF000C8980000000020262734141C4C447F045E
:105F000004040000807A00009CA4A49484C6C69473
:105F100094B4A49C00000000000E0808083F7F48CD
:105F200048484E600000817A000038C84828188E22
:105F30008CA8A868483800000000426222321A0784
:105F40000E1A332262620000837A00000CE43414DB
:105F50001487868C9494A48C00000000011F1919EA
:105F60002930180F20203E0F0000847A00001C24E6
:105F700024D4F486849494B4A49C00000000040605
:105F80000300007F1414141414000000867A00002B
:105F90005CE4A4B494C646545464641C000000003D
:105FA00060321232724B4B4A464642400000887AB9
:105FB00000001C24E41414060614D434241C00002D
:105FC000000026373C363961311F4741791F0000F8
:105FD0008D7A00009CE4A4949486869494B4E49C06
:105FE0000000000020301F101000064744447C0CC5
:105FF0000000917A00001C64E4F49486869494B4C2
:10600000E41C00000000023B2222223F3F22222209
:106010007E020000927A00001C647454CC46445CFA
:10602000D474641C00000000202A2B2B2A3E3E2A38
:106030002B2B2E200000957A00000CA49414CC0683
:1060400004CC1494E40C000000002C24351E07003E
:10605000003F2324243C0000967A00001C24F4D442
:1060600084C6C48494B4A41C00000000027B3A2AB5
:106070002A2B2B2A2A2A7A020000977A00001CA4D5
:10608000B494C4E6849494A4E45C00000000007F0F
:106090002436373E2A3E32207F000000987A0000E6
:1060A0009CF4D4D4CCC6C4CCD4D4F49C000000005E
:1060B000180A3E3E2B2A2A2A2A2B7B0000009C7AB3
:1060C00000003CE474544CE6E44C5454F42C0000BE
:1060D0000000001D1515157F7F1515151D0000000A
:1060E0009D7A00003C24F4544C46465454F4243C1D
:1060F000000000007C7C2535150F0F1535457C3CD4
:1061000000009F7A00003CF474545446464C5454AA
:10611000F43C00000000301F312D29293D29292998
:106120007F000000A07A00002CE4E4D4D4C6C6D4DA
:10613000D4F4E42C0000000068292B1A1A7F7F1A7F
:106140001A2B29280000A57A00009CA4F494940638
:10615000C6545454E42C0000000064341F1434442A
:106160002F383F404F600000A67A00008C94B4ACFA
:10617000ACF6F4ACACB4B49C00000000484A6C2D02
:106180002A180E18282829480000A87A00002C7424
:1061900054D44C66644CD454742C000000000101AB
:1061A0007D3535353535357D01010000AC7A00008F
:1061B0008CA4F4D4C4A6A4C4D4B4A48C000000005D
:1061C000007E1616563E003E00407E010000AD7A6D
:1061D00000009C94F4D48CE6E48CDCF4949C0000E5
:1061E00000004A4A7A796D2B2B39396A4A4A0000F5
:1061F000B37A00000CE454D4CC06C64CD454E40C5E
:10620000000000003C073E273B2C3F303F383F3822
:106210000000BF7A0000DC74D4D49CC6E6DCD4D481
:10622000743C000000003F10131C4A5F5B5B7F5B07
:106230005B420000CB7A0000101050D010161C10EA
:10624000D0D01010000000002020202F2C20203C57
:10625000272020200000D67A0000F8FC00FC000473
:106260009CE4E4B49C00000000004444447D4447A6
:1062700047447C4C45450000D97A000050D01ED0E0
:1062800050000000FE101010100000001017180F32
:10629000083F7F212121217F0000DE7A00001212B9
:1062A000D25E525353525ED21212000000002020E0
:1062B000331A0E02023E222320380000DF7A00004B
:1062C00010D2525E525352525E52D2100000000061
:1062D0002027351D0D05053D252527300000E07AD6
:1062E000000010D4545C545656545C54D410000032
:1062F000000010171515153D3D1515151710000058
:10630000E37A0000D0161CD010905C9610345890A0
:106310000000000010171F194864263B1A3E664013
:106320000000E57A000010D4545C54D6D6545C5476
:10633000D4100000000040575555557F7F555555E6
:1063400057400000E67A0000D0141CD010E828283E
:10635000FC2828E80000000011171E0B28110D076B
:106360007F0719310000ED7A0000D0141CD0107C9A
:10637000D4545454547C0000000011171E0B0A1F03
:10638000191D1759513F0000EF7A0000D01614D0A4
:10639000909C90909E90909C0000000011161E1BF7
:1063A000187E027F037E427E0000F97A0000701E94
:1063B000FBF808683C0F08F8080808000000000017
:1063C0003F3F00000020203F00000000FA7A00005C
:1063D000701C1E780808780E187808080000000065
:1063E0002021212121212121212121200000FD7AAC
:1063F0000000304E587848F8DC4E587848080000C5
:10640000000002020242427F3F020202020200003A
:10641000FF7A0000304C587848F8DC4E587848082D
:106420000000000004040404047F7F040404040446
:106430000000037B0000182EAEBC243C2C262CFC54
:1064400004040000000008080B0A0A0A0A0A4B4369
:106450007A1E0000047B0000305C4ED8C848584EBD
:10646000C8584808000000006222320F03020202EE
:106470007F0202020000067B000030CE487848F818
:10648000DC4E4878C80800000000003F62424243EA
:106490004342424247300000087B0000182C28F895
:1064A00028383CEE281808080000000060301C67FF
:1064B000632439191927236000000A7B000010CEDD
:1064C000C85848D8D84E48F8280800000000701F67
:1064D0000100007F7F0000031E7000000B7B0000A6
:1064E000182E243C24FC2C262C3CE4040000000044
:1064F000016525351D0F050505050F0100000F7B02
:106500000000309C6E78C8C858CEC858C8C8000073
:1065100000000331180643301C4740403F0700008D
:10652000117B0000309C8EB888F8D8CE5878480887
:1065300000000000626222121E07070A1222626235
:106540000000147B0000104E487848F85C6E383824
:10655000280800000000080B0B09097F494D4D4D2C
:1065600045340000157B00001806E43C24ACAC2741
:1065700024FCE40400000000202037100807053C3C
:10658000202723300000197B0000308ED8B888F80F
:10659000DC8E98B888080000000021212424243FC4
:1065A0003F242424242000001B7B0000309E88B858
:1065B00088F8DC8E98B8880800000000007F24244A
:1065C000243F3F2424247F0000001E7B0000180687
:1065D0008CCC643C0C26CC9C040400000000000120
:1065E0007D2525252525253D7D000000207B0000FB
:1065F000B09E8AB888F8DC8E98B8888800000000C1
:106600002020223E202020303E2220200000247B1B
:106610000000382E28B8E8783C2E2838E80800001A
:106620000000027F27252424242525257C00000046
:10663000257B000098ACA6BCA4A4B8A6A43CE404A6
:1066400000000000003C3E1212121E1E40407F005F
:106650000000267B000098C7E41C445C4E474CFCBD
:1066600044440000000001013F0000030C20203FD3
:1066700000000000287B0000B08E88B888F8DC8E0F
:1066800098B888880000000010181C16117F7F1130
:10669000161C181000002A7B0000301CCE784878A9
:1066A000584E58F8C8080000000020202F2929293A
:1066B0002929292F2F2000002B7B000030CEC8581D
:1066C00048F8F84E58780808000000006023321A95
:1066D0000E7F7F0222223E0600002C7B0000182C39
:1066E000263C24E4F826243CE40400000000602753
:1066F00035150D7F3F0525253D0C00002E7B000044
:10670000300ED87848D85C4E5878484800000000D1
:1067100002030000007F0909090909080000317B14
:106720000000108C68784858584E5878C8C8000047
:10673000000003013E1212121E5E40407F00000066
:10674000337B00004847EC4C44CC0EE72C2C24E46F
:1067500000000000301C2720381F003F1010103FA1
:106760000000387B000018E62C3C24242C262C3C0E
:10677000242400000000007F40404F494949494F10
:10678000404000003A7B0000B08C98B8E8D8DCEEBE
:1067900048584808000000000464262223371E32AF
:1067A0007A4A476300003C7B0000B09C8E98E888E2
:1067B00098AEC8D88888000000006030180F11100B
:1067C0003F3C2426233000003E7B000018674C1C11
:1067D000444CFE774C5CC4C400000000311F1F1005
:1067E0003826232028282F230000457B00000CE6B4
:1067F000332E22F2F423222E220200000000213147
:10680000110F0301013F212121390000477B0000C6
:10681000704EC8784878DCCE5878C8480000000030
:1068200030101F1818087F7F202335180000497B7F
:106830000000184E4E5C44F4FC464C5C44040000DE
:10684000000005050D1D350545457F0505050000C2
:106850004B7B000008E6A4ACE44C4E47FC4C44C41F
:1068600000000000380F02223F20300F2320381F85
:1068700000004C7B0000988C865C64343C66449C31
:1068800084840000000021282929293F3F29292943
:10689000282100004F7B00008CC7F69E828AF6C339
:1068A000D6FEE2420000000001013F003010190F47
:1068B0001C3623380000507B000018E624BCA4BC22
:1068C000ACA6ACBCA42400000000003F202A2A2A69
:1068D0002F2A2A2A28200000517B0000382EE73C6E
:1068E00024E4EC2724ECE40400000000080C0F244E
:1068F000341F0301061F3F201000527B000018EEDA
:106900002EBCA4B4ACA6AC3CE40400000000007FA4
:10691000003E3E1212125E407F000000547B0000D9
:10692000300C8EB8C868784E88B80808000000009F
:1069300003017D2525252525257D01030000567BA6
:10694000000038262E3C24FCFC262C3C242400008D
:106950000000202F3111097F7F0911392F200000FD
:10696000587B0000908EC8F88818D84E5878C80810
:1069700000000000084C7F3F04007F1010103F0013
:1069800000005A7B000018EE445C445CECC64C5C92
:10699000248400000000080B0A0A0B7D3F0B0A0A42
:1069A0000A0B00005B7B0000D8CC06FC24A4ACA63C
:1069B000E4BCA4A40000000003331E07001F000075
:1069C0007F101F1F00005D7B000018CEC6BCB4A462
:1069D000ECE6849C840400000000020A0A4A4A7F14
:1069E0003F0A0A0A0F020000607B000018ECE61C58
:1069F00004847C46445C44C400000000211F1F1135
:106A0000033112164C487C1F0000627B0000908E00
:106A1000E89888D8584EC85848C800000000084C6C
:106A20007F04063F62424342426700006E7B0000E3
:106A3000705C4E7848C8D84E48D8484800000000DE
:106A4000282C2727283F3F2C26272C280000717B45
:106A5000000098C674DCC49CEC764C5CC444000016
:106A60000000017F001F1F63311E1C172160000002
:106A7000727B0000188CA6EC84E4ECC6E4BC8404B1
:106A800000000000007F0A0A0A0A0A0A4A7F3F0043
:106A90000000757B00009CD6F39E02AA26E3F69EBA
:106AA000929200000000221E1E1330272427272464
:106AB00024240000777B000098C6E4DC04444CE604
:106AC0004C5CC4040000000003007F0062221A0F27
:106AD0000E3223620000797B000038ACA6BCE4F4DF
:106AE000B8A6A4BC24040000000032120A0E1B3A0F
:106AF0000A4A7E0A0A0200007B7B00000CEEABAE65
:106B0000AAFAFEABAAAEEA0A0000000020233E1A51
:106B10001A3F33222222232000007E7B0000180E21
:106B20008EDC643C3C46CC9C8404000000002121A7
:106B30002C2921272D21392C21210000807B0000C8
:106B4000988C461C54445846445CC4C40000000061
:106B50007F7F001F1F1515151F407F3F0000857B9D
:106B6000000018E6ACBCA4FCECA6ACBCE40400003D
:106B70000000484B2A3A0A0B0B0A7A0A0B0800005D
:106B80008D7B00009886EC9C84FC2C262CBC242455
:106B90000000000044667F02067F4F41415F494F7D
:106BA0004000907B000088D4D6DCD4F4FCD6D4DC42
:106BB000D48400000000007E7E1A1A1A1A5A5A7EE7
:106BC0003E000000947B0000304E98B888B89CCE00
:106BD00098B888880000000023321A083F7F2424D8
:106BE00024243F7F0000957B00003826FCFCA4BCD9
:106BF000ACA6ACFC24240000000048682F1F0A0A41
:106C00000A1A3A2F68480000977B000008E6FC5CEF
:106C1000545C5C565C5CF40400000000486B3B1F55
:106C20000F0B0B0B7F0B0B0800009C7B0000D84662
:106C30004E5CC4746CC64C5C44C40000000020224E
:106C40002525243C3C242525272200009D7B00008F
:106C5000988CE69C8484F886849CE4840000000080
:106C60004C4C7F0404007F2424247F000000A17B7F
:106C700000007866A4BCA4B4B8A6A4BC24E40000B8
:106C8000000000007F2A2A2A2A2A2A2B78000000E6
:106C9000A27B00007C96D39E929A9C93929E9272C5
:106CA0000000000022311E0C07011F3F202427385E
:106CB0000000A67B00008CB3B2B6B2FAFEB3B2B647
:106CC000B2920000000020202F31111D0511113F4C
:106CD0002E200000A77B000030CC48784868D84CB4
:106CE0004878484800000000007F686B6F594F5992
:106CF0005D6F69480000A87B00004846F44C0424FE
:106D00006CE6ACFC64240000000044663F021015F1
:106D100015157F1515150000A97B000018EEA4BC01
:106D2000E4B4ACE6A4BCE4E4000000004044662AFD
:106D30003B32121A0A0602000000AA7B000018CC9F
:106D4000467C64C4C866745CC4040000000010176C
:106D50001515153F3F15151517100000AB7B0000EA
:106D600098AEA6ACA4F4F8A6A4BCE484000000008D
:106D7000603D01390D7F7F0519017D000000AC7B6E
:106D80000000584E4CF4C45C4C46EC5C444400009B
:106D9000000019093D7F2525252525257D010000B9
:106DA000AD7B0000584C467C44444C46645C4444F3
:106DB00000000000007F0B4B4B7F001F40407F0016
:106DC0000000B17B0000B08EF8B888B8DC4E58786F
:106DD00048C80000000018067F0704007F29292901
:106DE000297F0000B47B000018CE4C5C44545CF654
:106DF0004C7C644400000000781F3D15155D603731
:106E00001C3C47710000B87B000098A6ACACA4FC09
:106E1000ACA6ECFCA484000000000404067E2B2B2E
:106E20002B2A2A2A7E000000C17B000018ECE6BC59
:106E3000A4B4BCA6A4FCE4040000000040575756CC
:106E4000567E7E56565757400000C67B0000180CF1
:106E5000667C64646866E43C040400000000212D44
:106E60002B2B17577D3D0D1F33210000C77B0000E2
:106E700018E6A4BCA4BCBCA6ACBCE40400000000A2
:106E8000701F7E0A0A7E0A0A3E4A7E3E0000CC7BC4
:106E9000000018CCE69C84A4BCA6A4FC848400005A
:106EA0000000037F3F486E2B3A1E1A2A6A4A0000F0
:106EB000D17B0000086C666C64E4EC66646C64046E
:106EC00000000000017D3F23331B0F13332F2D01E2
:106ED0000000D37B00009886E4DC84FCEC86CCFCCC
:106EE0008484000000004A4A7B796D2B2B39396B72
:106EF0004A4A0000D97B0000382EA6BCA4B4ACA638
:106F0000A4BC2424000000003C7C053D2D2D2D2D2B
:106F10007D457C3C0000DA7B0000F8ECA6BCA4FCBC
:106F20002CE6ACB4A424000000003F3F282A2A3FEE
:106F3000203F2A2A2A280000DD7B000018666CFC0E
:106F4000F46C6CF6FC6C64040000000011113F1B33
:106F50001B1F1F5B5B7F3D110000E17B000008FCF5
:106F6000F6BCB4B4BCB6B4FCF40400000000120AD1
:106F70006F67332B2333276F0B1A0000E57B00006C
:106F800028A6ACACE4BCACE6ACBCA4240000000079
:106F9000682B2A3A1B7E7E1B3A2A2B680000E67B70
:106FA000000018E6243CE4FCBCE6243CE4040000B9
:106FB0000000007F6A6B6B2A3E7B4B4A4B600000EF
:106FC000EA7B000018EC26BCA494FCF6D4DCD48444
:106FD00000000000701F603F42321B0F3C444563BD
:106FE0000000EE7B000018E604FCE404CC76C45CF0
:106FF000444400000000203D24273D25253C242753
:107000003C200000F17B00003826EC3CE4FCFCE670
:107010002CFC242400000000007C05153D17151DE4
:1070200075457C000000F77B00009CB3A68EA29EF5
:107030007EF3767E92820000000030181F10392BFC
:107040002B2F2F2B2B280000FC7B00000CF3130EA2
:10705000F25A5EF3161EF2020000000021213118E0
:107060000D01013D212121380000FE7B000018EEBA
:10707000A6BCE4BCACE6ACB4E40400000000601EB6
:107080000A1A7262273A3B6F42620000077C0000D6
:1070900048C6744C44846CC6445C44440000000000
:1070A000701F42723E4467351F1D356500000B7C22
:1070B000000008E6F6DCD4DCDCD6DCFC840400004E
:1070C0000000203B2B2A3A2A293A2B2F3D2400008E
:1070D0000C7C0000D8CEE6FCC4C49876445C44C462
:1070E00000000000271C7F3F1C1761300F1C31601F
:1070F00000000F7C000018EEA6BCE4BCBCE6ACBCF3
:10710000A4A4000000003C0F627E6B2A2A7F5A4A2A
:107110004A630000167C0000E806E61CE4640CC626
:10712000642C2424000000003F292D273F25213F07
:1071300001017F0100001F7C000018D6DCDCF4DCBC
:10714000DCF6DCDCD41400000000202E2E2C2C7C7D
:107150007C2C2C2E2E200000267C000018ECA6BCD7
:10716000E4A49CE6E4BCC4040000000042434F7A5F
:107170006A4A4A6A7A4F43420000277C0000A8AE60
:10718000A6FCA4A4ACE6F4ACA4A400000000405FFC
:107190003535151F1F1535357F4000002A7C00004E
:1071A000ACAB6AFEEAAEAEAB6EFEAAAA000000006F
:1071B000013E3E2A2A2A2A2A2A2A3E000000387C3A
:1071C000000058E64C5CE45CCC464CFC44C4000037
:1071D0000000683F0B0B2F683F632F193F630000CF
:1071E0003F7C0000186E461CE47C6CE6FC74F4A442
:1071F0000000000021331E1017331317537B17179D
:107200000000407C00004CF3F24EF29EDE83D6BEBE
:1072100092F200000000223F1F013E3E2A3E3E2A1D
:107220003E3E0000417C0000A8A6F4ACA4ACCCF625
:10723000BCECE48400000000371C7F0C1F534F2F70
:10724000381E206F00004D7C00005C56FB565282B9
:1072500096FB9296FA9200000000190F3F070D006E
:107260003E2A2A2A3E3E0000737C0000808CB880B3
:1072700080FEFE80A0B88C80000000003010080660
:10728000037F7F03060810300000747C000060203C
:1072900060901ACCCC089070206000000000223270
:1072A000120B067F7F060B12322200007B7C00004F
:1072B0009090945830FEFE3058D690900000000018
:1072C000456424341C0E0E1C3424644500007C7C70
:1072D00000005CD0FE584CF00000FE0000F0000002
:1072E00000000C077F06003F20203F20207F000089
:1072F0007D7C00002EE0FF382E828282F29A8E8200
:10730000000000000E033F03020020203F000000A9
:107310000000897C00002EE0FF3826705CC64047E4
:10732000DC700000000006033F0322301C07202011
:107330001F000000917C00005CF0FE5844FC040437
:10734000FC0404FC000000000C077F03003F6141C7
:10735000414141731000927C00005CF0FE784C10BB
:10736000D0161C10D010000000000C077F03202056
:10737000272C203E23200000957C00005CC0FE509E
:107380004CF0101C161010F0000000000C037F03DE
:10739000067F21212121217F0000977C00005CC015
:1073A000FE605C00FC444444FC00000000000C0350
:1073B0007F0126203F2222223F202000987C0000CF
:1073C0005C40FE405C400000FE1010101000000009
:1073D0000C037F03067F3F212121217F00009C7C3D
:1073E0000000606C4848487C7C4848C86C600000DD
:1073F0000000242435160C7F7F0C16352424000051
:107400009D7C0000B8A0FEB08CFC2424E42424243D
:10741000000000000C077F06641F60380F41613FC9
:1074200000009E7C00005CF0FE5C44E424FC24FC34
:1074300024E4000000000E077F06007F2C23202795
:10744000247F00009F7C0000027ACA4A7ECACA7E5E
:107450004ACA7A020000000032121B0B063F3F06A8
:107460000B1B12320000A27C0000C04C482090CCC4
:107470006E386848D898000000002424371E0C7F1E
:107480007F0C163524240000A47C000000FC84EC52
:10749000F4F6F4F4EC84FC000000000002020E0E8E
:1074A0000A0A4A4A4A7A0A020000A57C0000E4243B
:1074B0003C08F8FCF0D8E464243C000000004141A2
:1074C0007F180E7F03060141413F0000AA7C0000A7
:1074D000505054B8307E7E30B854505000000000F8
:1074E0004869293F190909193F2929480000AE7C3C
:1074F00000004CD0FE504CF8F8282E28F8F8000078
:1075000000000C037F03067F7F21271D3D2500001F
:10751000B17C00008856042094643C84847C18303C
:10752000000000006524351E0C7F3F0C16372464D4
:107530000000B27C000020B8D8DE74348454646447
:107540005C8C000000006524351E0C7F7F0C1E370C
:1075500024240000B37C00005CD0FE5844F49494D2
:10756000FC9494F4000000080E077F4364273A3E21
:10757000272262430000B97C00005CC0FE584CC862
:1075800078C88EE8F888000000080C037F02050523
:1075900004047F0404050400BC7C0000D05430FEC9
:1075A000307C5480788C700C00000000463B1E023A
:1075B0001E127F130F3807380000BD7C000078E0F2
:1075C000FE78481848484E484838000000000C072C
:1075D0007F06301D45417F010D390000BE7C004013
:1075E0005CFCFE5C405454547E5454540000000033
:1075F0000E3F7F06007F7F1515557F3F0000C17C41
:10760000000078FEFE784058DC7650DCD850000050
:1076100000080E3F7F06014B6A2B3512090100005E
:10762000C57C000058D0FC58409454BCFC1C54301D
:10763000000000000C077F062424140C7F0C142487
:107640000000C77C000078FEF07C70FC22E4A4A45B
:10765000BCA0000000000E7F0306007F47253C0F02
:1076600034640000C87C00005CFEFC5C44743C6434
:107670007C54544C000000000E7F3F06007F15151F
:1076800015557F3F0000CA7C00002EFFF82C88FEB5
:10769000FF88FEFE12FE00000000073F01031F08E6
:1076A000082F1F01213F0000CC7C00005CFEFE5C27
:1076B0009C9C767C84FE8C90000000080E3F3F0668
:1076C000017E2A2A2A2A7E3E0000CD7C004058FEF8
:1076D000705C90F01C90907C16D0000000080E7F2B
:1076E0000706313D3F38313D37380000D57C00007A
:1076F0007CF0FE5840505E58F0585E500000000884
:107700000E077F0362120272037202720000D67CBF
:10771000000078FEF05C40F8A8A8FEA8A8E8800069
:1077200000080E7F07663F037A2A2F2A2A7B000073
:10773000D77C00005CD0FE505CF8F85C5E58F8F82E
:10774000000000001C077F034625351D0F35276408
:107750000000D97C00405CFE705C8C98504C487EE8
:107760004848000000080E7F0306301F102F29290B
:10777000292F0000DC7C0000FCFC9474FC5486D4AF
:1077800074FC5494000000007F01682A2F187E18B2
:10779000182F28680000DF7C00005CFEFE5C04F40B
:1077A00054FE54FE54F4000000080E7F7F06007F54
:1077B0002B2B2B2B2B7F0000E07C00405CFEF84C39
:1077C000FC445456FE54F444000000080E7F03624B
:1077D0003F2215597F091D240000E87C000078FE37
:1077E000F058E4243C9C9CF4949C000000080E7F1C
:1077F000070641613F27243F24370000EF7C00004B
:107800005CFEFC5C386A6A6AFE6A6A3A0000000044
:107810000E7F3F06017D057F057D457D0000F87CDC
:107820000000002030B8EC62203018C0800000005A
:10783000000020331B0343637F010919312200003C
:10784000FB7C000000446474DCC444269282020085
:107850000000000020321B0B427E3E020B1B332433
:1078600000000A7D0000444444ECF47636346C4455
:107870004444000000004024351747477D05163674
:1078800064080000207D0000445454D4D47E7E540B
:10789000D4545444000000004024351747477D0568
:1078A000143624480000227D0000642424A4647E51
:1078B0003EA4A42424640000000040253517474559
:1078C0007D04141624480000277D0000383C00FC8D
:1078D000C0446CB4347C4C4000000000402C351790
:1078E00047477D051436244800002B7D00007C7C32
:1078F000407EC8E8287EC8484C6000000000402850
:107900003D1D4F6F3D0516362C0800002F7D0000F1
:1079100000BEAAEAEABEBE6A6A2A3E000000000073
:1079200030121A0B233E1E020A1B120000006E7D4D
:107930000000945C7624FCCC407CC4447C7C000039
:107940000000202C351747477D0514162428000019
:10795000777D000024B4FE149484743E6404FCC05B
:107960004000000040683A1F4E4A3A09182C28008F
:107970000000A67D00008484FEFEB4B4B4B4FEFE14
:10798000848400000000422A3B1E4F4F3A0A183DF3
:107990002B020000AE7D0000E07C26A4E43C98DED3
:1079A0007474DC8400000000402C351747477D05C7
:1079B0001416242800003B7E000080FC9474FC34E4
:1079C00056D474FC74D4000000003F07682A1E4F90
:1079D0007E0A0B1C2C080000417E000068FEACFCF7
:1079E000ECFC98CC7674DC840000000040282A1F50
:1079F0004F4E7A0B1B2C2C080000477E0000CE72E5
:107A0000CEC2534D12DAF6B2EBC1000000001D11D8
:107A10001F1F111D1925213F041D0000827E00003B
:107A200008FEF6FCF4F4FCF6F4FCF404000000009C
:107A30000A46363E5F5E32163A3E560A00009B7E8C
:107A40000000286CFCBCBCFCBCBCBCFCAC2800002E
:107A50000000703F5F3F3F10213F4F3D0B3800005B
:107A60009F7E0000C0E0F0CCC46000000000000079
:107A7000000000002426371712120000000000004A
:107A80000000A07E000060F8EE623000FC00000004
:107A9000FE0000000000131B1B0B09040706020276
:107AA0003F000000A17E00006058C660008484840E
:107AB000FC8484848000000026273212120040409B
:107AC0007F0000000000A27E0000E078CE60200869
:107AD0000808F808080800000000262737121220BE
:107AE00020203F2020200000A37E0000E0F8CE6090
:107AF000002020202020FE20000000002637361223
:107B00001200034640603F000000A47E0000607841
:107B1000CE6030808484FC8486808000000026371C
:107B20001212120000007F0000000000A57E00007D
:107B30006070CCE060609C96909090100000000017
:107B4000262725321220784C464140700000A67E40
:107B500000006078CE600060BC16101010F00000CD
:107B6000000026273632120000014640781F000030
:107B7000A77E00406058C6300404FC84447CC4C026
:107B8000000000003613120B781E63331E1C376092
:107B90000000A87E000030BC67300888C8FF0818C5
:107BA000F80000000000131B090939180F03020236
:107BB0001F301000A97E00006058C67000F8F80859
:107BC0000E0C0808000000003613120A781F00008F
:107BD000000000000000AA7E00006078CE60300443
:107BE00084848484FCFC00000000262726323200B6
:107BF0007F40404041710000AB7E000030AC6338F4
:107C000000E232C2FE0202FE00000000131B09095E
:107C100029311C0720203E0F0000AC7E0000605878
:107C2000C67000484848FE48480800000000361763
:107C30001412020202027F02121E0000AD7E00003A
:107C4000E0F8C6600084848484848484000000009A
:107C50002637171212303C2731303C700000AF7EBF
:107C600000006058C66000E80808FE0808C8000068
:107C7000000026273516120704047F44446F2000B5
:107C8000B07E000060D8C63000FE4040FCFC6020A2
:107C90000000000016131A0A203F10101F3F203862
:107CA0000000B17E000060F8E63000F01000FE0039
:107CB000186000000000131B0A0B283010180B047A
:107CC00003010000B27E000030AE633018FE127275
:107CD000E21A02FE0000000013131B09093F0C0703
:107CE0000126203F0000B37E000030AC633010F866
:107CF00008E8FF8808F80000000013131909093F7D
:107D000007010023263F0000B57E000060DCE6305E
:107D100000FCFE0000FE00000000000012130A3A02
:107D2000380F033E0F030F380000B67E004060D8C6
:107D3000C6704060F00C0618B0600000000016131A
:107D4000121A08003F22232121180000B77E0000EC
:107D500030AC673020705EC24047DC70000000002D
:107D6000131B190929301C0720201F000000B87EB2
:107D7000000030BC673000FE46425EFE434000001B
:107D8000000013131B09093F3010100F3038080092
:107D9000B97E00006058C6601030F0161C90F010DC
:107DA00000000000361712126020311F0C132060F3
:107DB0000000BA7E000030AC67300008C8F84F48B9
:107DC000C8C800000000131B190938180F00202034
:107DD0003F010000BD7E000060D8CE60008484FCBE
:107DE0008484FC1C000000001613120A20203F238C
:107DF00020203F200000BE7E000030AC67304042B3
:107E00004A5AFA6E46C200000010131B19090900F5
:107E100020203F0003010000BF7E00006078CE609C
:107E2000002030FEF09494900000000026373712B6
:107E3000106121311F3844620000C07E000060786C
:107E4000CE602010FE101010FE101000000026273B
:107E5000321212007F2121217F000000C17E00002C
:107E600060D8E63020FC2020FE20FE20200000000C
:107E700026371212123F2020272427200000C27E1E
:107E800000006078CE601010FE9090969C1000006C
:107E9000000036371212701C47233C1C276000007C
:107EA000C37E000060DCE63028E83C2EE8080808C5
:107EB000000000003613120A311D41417F010D39C7
:107EC0000000C47E0000E078CE602000FC44444402
:107ED000FC00000000002427351652407F44444433
:107EE0007F400000C57E00006078CE6020F090905A
:107EF000FE9090F00000000026273616120F0404B2
:107F00007F04040F0000C67E00006078CE6020FC75
:107F10008484FC8484FC0000000026272232127F27
:107F200020203F20207F0000C77E0000E058C66070
:107F300000FC04040404FCFC0000000026371712B7
:107F400072311D01010119710000C87E000060D866
:107F5000CE6020301CEEC8E8180000000000263774
:107F6000361212031112262461030000C97E00009C
:107F700060F8CE6040E0B88E88E8B8880000000065
:107F800026371612002424242424247F0000CA7ECD
:107F90000040605CC670004C7840FE405C440000CD
:107FA000000026371212040404047F0404040000B5
:107FB000CB7E000060DCC630C848FEFC48FE487836
:107FC000000000003637121243321F02027F121ED9
:107FD0000000CC7E000060F8EE30007C4040FE40A7
:107FE00078780000000026371212003F20203F2042
:107FF000207F0000CD7E0000E078CE602084643CCD
:108000000484C47C0000000026371712127E3E2232
:108010002222227E0000CE7E00006058C66084844A
:10802000DC746474DC848000000036171212080AC5
:108030000A0A7F0A0A0A0000CF7E0000E078CE60BC
:10804000A084C464747CCC80000000001617171252
:10805000202222223E2222222000D07E00006058D0
:10806000CE6000E0F8CE405070C00000000036172F
:108070001212127E222222227E3E0000D17E0000B9
:1080800070DCE0005050FE50F8FCE41C00000000E2
:1080900036171202643F07043F7F101F0000D27E94
:1080A000000030AC67308888E888FFE88B6E0800F5
:1080B00000001B090909101E0330181F3330080087
:1080C000D37E0000E0DCC67000888888FE8888883F
:1080D0000000000036331212127E3E2222223E7E23
:1080E0000000D47E000060D8C6604868784E4858CA
:1080F0006848000000002637121201090F4949495B
:1081000079010000D57E000038FE73180064273E18
:1081100034744E6200000000131B090921110F0185
:10812000013F21310000D77E000060DCE62098CCC2
:1081300072444444C4440000000026371210017FFA
:10814000000040407F000000D87E004060DCE63048
:108150006070584C4E5870600000000026171212D4
:1081600022323E26222A32620000D97E0000605868
:10817000C6704060704C4E586040000000002637CA
:108180001612007E222222227E000000DA7E0040AB
:1081900070DCC67020F8CE48C8C808F8000000009F
:1081A00026331212001F0F094F4F603F0000DB7E85
:1081B0000000E0D8C6309098CC766474CC80000083
:1081C000000026371612001E12127F121212000033
:1081D000DC7E00006078CE6020309CEEC8E8B808F5
:1081E0000000000026331212013F3F2222227F3F6F
:1081F0000000DD7E00006078EE6020F02C2EE83874
:10820000E8E00000000026273212123F42424342BB
:1082100043730000DE7E000070DCE63088C8B80AD8
:108220000CB8E8C800000000361312124020331EBC
:108230001C3320600000DF7E000030BC63384064E7
:10824000F45D47D474C4000000001313190920180A
:108250000F00003F20380000E07E0000E0D8C6603C
:10826000F4F494FCFC9494F40000000026371252BD
:10827000632F3A3F232262430000E17E002030AEAC
:10828000633800F29C909F9094F600000000131356
:108290001B09003F04040424243F0000E27E000088
:1082A000E0F8CE600080BCA4A4A4BC9C0000000048
:1082B00026371612007F0A0A0A4A4A7F0000E37E28
:1082C000004060DCC62080D45434FC3456D000001A
:1082D00000003613121240211F070147443C0000E2
:1082E000E57E0040605CC670043404C434043A087F
:1082F000000000003637121241652F39193D230165
:108300000000E67E0000607CE6309098CC766474D5
:10831000CC80000000002637121222324A427F022F
:108320001A320000E77E0000605CC66000FC405826
:10833000C0FE504C0000000026371212103F2423CC
:10834000212F23260000E87E000060D8EE20D0D444
:108350005CF0505C76700000000016131A0A331AA5
:108360000E7F0212121E0000E97E00006058C660F7
:10837000405454547E5454540000000026371212C6
:10838000406F21110D31216F0000EA7E000060581E
:10839000C660404848FE6868584400000000261740
:1083A000121202037F2929293F3F0000EB7E0000C3
:1083B00060DCE63020A8E8283E68A8A000000000A5
:1083C000263712124D652E3B3A2E26610000ED7EB7
:1083D000000060D8CE202028A8A8FE28A8600000B1
:1083E00000003617120A4465361C0F14346400006E
:1083F000EE7E0000E0D8C660C0C8E8B8BEA8E8C8F5
:108400000000000026371212003E12125E407F006C
:108410000000EF7E000060F8CE609090FCFC00FE53
:108420009090000000002637161204047F7F007F22
:1084300004040400F07E00006078CE6020E0A0A07C
:10844000BEA4A4E4000000003617121A080B0A0AA2
:108450007E0A0A0B0000F17E000060D8C620C44CE2
:1084600050407E4058CC000000003613120A7F00B6
:108470001F09094F407F0000F27E000030EC6310BE
:1084800000BE2A2AAAAA3E3E000000001B090909D4
:10849000203F32121F3F22310000F37E000060585F
:1084A000C67000DC5454F4545CC000000000263751
:1084B0001412001F0A0A7F4A4A6F0000F47E00006F
:1084C000E0D8C66040F0FC9094FC90900000000062
:1084D00026273612107F7F24243F24240000F57EB7
:1084E00000006078CE6000F8A8ACAEA8A8F8000044
:1084F00000002637121A003E02027F02223E0000D0
:10850000F67E000060F8CE60C45C64447C4476CAA9
:10851000000000003613121A60212739193D276028
:108520000000F77E000030EE7210FE12FEFEFE121A
:1085300012FE00000000131B09390F213F3F1F01ED
:10854000213F0000F87E00006058C67000FC849453
:10855000FC9484FC0000000026273272380F1E12A3
:10856000125E407F0000FA7E000060DCC42030BC58
:10857000ECF898FC7C300000000036171612017DE4
:10858000242425257D3D0000FB7E0000E0DCC63074
:10859000809498FC9E989C90000000003633121244
:1085A00006037F424A4E43320000FC7E000060F822
:1085B000C660001848484E4848180000000026339E
:1085C0001212311945417F010D390000FD7E000076
:1085D00030AC6330082CA424E724242C00000000D5
:1085E00013191909301F0F103F2121210000FE7EB1
:1085F0000000605CC67018E828282E28E8180000E3
:10860000000036371212007F25252525257C000025
:10861000FF7E000060DCE63000545454D4547C40AB
:10862000000000002637121200110A4C7F0E1A318A
:108630000000007F0000E0DCE42054743C04D474AB
:108640003C4C000000002617167225191F63273DB9
:108650003D670000017F00006058C660103CC618EE
:1086600066103CC60000000026171612007F29295C
:108670003F29297F0000027F000060DCC660088877
:10868000BEA8E8A8BE88000000002627221210130A
:1086900012127F1212130000037F000060DCE4203E
:1086A00010FCFC10FC2424FC000000003617120211
:1086B000077F3F017F22227F0000047F000060DCF3
:1086C000C620F0F0505050FE12D4000000003617C3
:1086D000125A3F011F492F1F3F613000057F0000E4
:1086E000E0DCC62004E424F43CE424E400000000C0
:1086F00036371212007F203F253F207F0000067F83
:10870000000060D8C6303CBCBEBE988EA8080000F1
:1087100000002637121A406F201E7E404F60200056
:10872000077F000030AC673080BEAAAAAAAABE802C
:108730000000000013191909380E1C103F222222D4
:108740000000087F000060DC6000FC24FCC078FEB4
:10875000187000000000262712003F111F40203330
:108760001C070000097F004060D8CC3040DCD454A6
:108770005454DCDC0000000036171212101F1F05D5
:1087800005057F3F00000B7F0000605CC660585C01
:10879000547E7C545C4000000000263716124F6F58
:1087A000211D0D212F4F00000C7F000060F8CE60CE
:1087B00000FCA4A4FCA4A4FC000000002637321294
:1087C00038047C404640243C00000D7F0000E0DC83
:1087D000C6202024E424FC24E6200000000012131C
:1087E0001A0A052527253F25272500000E7F0000B2
:1087F00060DCC420F82426407C047C40000000009B
:10880000361712027F19096127193D6300000F7F97
:10881000000070CE7040F8FEF45454FC54F4000094
:108820000000261712007F3F473A3E2722430000F0
:10883000117F000060F8CE60F0FE20E4A4A4BCA08C
:10884000000000003613120A3F7F45241C0F3464D9
:108850000000127F000030EE723022E400FCA6A778
:10886000BCBC000000001B0B0921101F1027242492
:1088700024270000137F004060D8C630A4BCE4ACBD
:10888000B4A6BEAA000000003613127A305E673A22
:10889000323A6E600000147F000060F8CE60C0C8FD
:1088A0007848CE7858C8000000001613121A001F2E
:1088B00001017F11190F0000157F000060DCC63038
:1088C00090547C30FE305CD000000000263712123D
:1088D000024A6E33323E26420000167F000060DC02
:1088E000E63000F8A8A8AEA8A8B800000000261737
:1088F00012123E0F7F083F3F487F0000177F0000A5
:1089000070DCC66080FCACAC3CECACAC00000000A1
:1089100036171212007F2A2A2A2A3F3F0000187FAA
:1089200000006058CE304058DED454745C400000E3
:1089300000003617121A2125145B7E120F31000039
:10894000197F0000E0D8C66084B4A4FC84FCB49411
:108950000000000026371612007E2A2A2A2A7E7E70
:1089600000001A7F00006058CE6004F45454FE5496
:1089700056F4000000002637321204071D35457DED
:108980003F0500001B7F000060DCC630FEFE2AEAC7
:108990002AEAAA6A00000000361712321F050515E0
:1089A00045447F0500001C7F0000E078CE6020F485
:1089B000545C5E54F4040000000026371212682F45
:1089C0003B0B0B1B2F6800001D7F000038EE733837
:1089D00026E864765BDA5E6200000000131B09295A
:1089E000101F1425252F252400001F7F000070FC78
:1089F000E6300474545656547404000000003617D0
:108A0000121A7F011D15151D417F0000207F0000F7
:108A100060DCC630FCFCF454F65454F40000000052
:108A2000161712223F2129293F2929290000217FD9
:108A3000000060D8CE2008E8C8E8ACD8E8E800001C
:108A40000000263712127E121A17135A527E0000A7
:108A5000227F000060D8E62090925C10105CD690D7
:108A60000000000016171212213E223E223E223E36
:108A70002000237F0000F0DCE630282AFC28F82EB6
:108A80002AE80000000026171212251D7F057F1D11
:108A900015270000247F000060DCC63018F8E8A825
:108AA000AEB89898000000003613120A682F1F080D
:108AB000081F38680000257F00006058C620047435
:108AC000547C547C54740000000036371212243554
:108AD00005457D051D340000267F00006058CE202E
:108AE00000FE6AEA6AEA7EDC000000002637161201
:108AF00040652D35353D6D450000277F000060DC69
:108B0000C620207CD4547CD47C7C00000000263716
:108B10001212243D17477D04162C0000287F000008
:108B2000E0DCC4207CF4847C7CE4947C00000000C5
:108B300026371210455C3E37353C64450000297FDE
:108B4000000060D8C62018E8282EACE828380000BD
:108B5000000036131A0A037F007F2525257F0000B9
:108B60002A7F000060DCC420443434FC843C347C24
:108B700000000000263712124252552F2A151B0200
:108B800000002B7F000060D8CE6000EEB0ACFEA0ED
:108B9000AEF2000000003613121A2425150D7F1DB9
:108BA000352500002C7F000070CC6048487E4804CA
:108BB000F4DC14F4000000003617101E3E121E40B4
:108BC000271F102700002D7F000060DCC62088E8EA
:108BD000785C4878E8D80000000026371212203769
:108BE00045653D05172000002E7F00006058CE60CF
:108BF00048E86E78F86CEE48000000002617121264
:108C0000027A2B2A2B2A3B3A00002F7F000060DCDF
:108C1000E630F888EEC8F8ECBAF800000000361725
:108C20001212007E2A2A2A2A7E000000307F0000CD
:108C30006058CE6004FCECECFCECFCF4000000009E
:108C400026273612405F57575F57575F0000317F26
:108C50000000E0DCE6A09C20BCB4BEB4B4BC0000C4
:108C60000000361712623F306F565656575D0000AF
:108C7000327F000060DCE420E03C34F4F4343CE07B
:108C8000000000003617121025351D7F7F1D352589
:108C90000000337F000060D8E6304CDCD4DCD4DC4C
:108CA000D45C0000000032131A08187B3E26261AF6
:108CB0003B240000347F000070DC66107CD6547CBE
:108CC000E0FE90F01000000033131A41394F453D8B
:108CD000603B1F300000357F000060DC6410761EB2
:108CE0007454D6347E94000000003613120A4F6F7D
:108CF000211D05212F6F0000367F0000A0B09E8847
:108D000088F8F8888888888000000000003E2020CD
:108D1000203F3F2020207E000000387F0000B88EDA
:108D2000F88888880808F8F80808000000003E2045
:108D30003F103E3C20203F3F202020003A7F000093
:108D4000BC8EF88888001010FE10F00000000000B3
:108D50001E101F103E22321E070E13220000427FFB
:108D600000005E22FAA2A29EDEBEBAAAA25E0000A7
:108D70000000041D1414141F1F1414143C040000DC
:108D8000447F0000EC6C6E6E6C6C38ECE4E4FC101C
:108D900000000000093C2B2B2A3E3F2A2A2A7B098F
:108DA0000000457F00009CCEF88888F03030FEB48B
:108DB000B4F4000000001F101F107E3F080F497F11
:108DC0000D0A0000507F00009C8EF8888474DE74C9
:108DD00084745E74000000003E303F3E0E7F3535E7
:108DE000353F35350000517F0000FE1232E2FA1A9D
:108DF00032E2FA0A02FE000000003F080C07010AF6
:108E00000C072126203F0000547F0000FE02A2AA8A
:108E1000BAE2E2BAAAA202FE000000003F00000788
:108E2000040404040420203F0000557F00002E723B
:108E3000525A4AC2C24A4A52722600000000020236
:108E40000202023F3F02020202020000577F0000BE
:108E50001E9E92527E52525E52D25E1E0000000052
:108E6000213110111B0E0C06030100000000587F79
:108E700000005E5E52525ED2D25E52525E5E0000D2
:108E800000000C0C0402033F3F000206040C00002B
:108E90005A7F00000E3E72521E1212DE1212FE1E89
:108EA0000000000001013F101008000720203F00D3
:108EB00000005F7F0000405E52525EF2F25E52524E
:108EC0005E4000000000001E1E1212131312121E3C
:108ED0001E000000617F0000BCBCA4A4BCA4A4BC14
:108EE000A4A4BCBC0000000020203E2020203F2481
:108EF000242424200000627F00001E5E52525EF295
:108F0000F25E52525E1E0000000002323A3E16131C
:108F10001312161E32020000687F000020AEEAEA3B
:108F2000BEAAAAAEEAEAAE260000000001011F0AAE
:108F30000A1F3F2A2A2F21390000697F000006CE30
:108F40004A4A4E7A6A6E6A6AEE2600000000080BF2
:108F50000B0B0B3F3F0B0B0B0B0800006A7F000055
:108F60004E4E4A4AEE0A0AEE4A4A4A4E00000000B5
:108F7000090909093F00003F0909090900006E7F3E
:108F80000000202EAAAAAEFAAAAEAAAA2E2C000091
:108F9000000020203F3636363636363F202000008F
:108FA000717F000020EE6A6AEE7A7AEE6A6AEE2637
:108FB00000000000003F080A0B3E1E0B0A283F007D
:108FC0000000727F000080AEAAAAAEFAAAAEEAEA5A
:108FD000AE86000000000602023F1B1B1B1A1A1A75
:108FE0003E000000747F00008EAEAAAAAEFAEAAE80
:108FF000AAAAAE8E00000000301E06073B02021A2D
:10900000030A1E300000797F0000CE4EFA6A8EEA15
:109010007A4EFA4A4E4E0000000001003F01013F27
:1090200015151F15151500007E7F000000EEAAFA29
:10903000AEEAAABEFAAAEE000000000000003E1A46
:109040001A1A1A1A1A3E00000000817F00002676C4
:10905000E666762696D61616F606000000000F0D78
:109060001F0D0D0F05052525311F00008A7F00000B
:109070001090909C90F0F0909C9690100000000052
:1090800004040404047F7F040404040400008C7FAF
:1090900000000848484E48F878484E4A4808000002
:1090A0000000416131190D073F7F414141710000CE
:1090B0008E7F000008282A2E28F8F8282E2A280853
:1090C00000000000456525351D0F0D1D3525654542
:1090D0000000947F000008484A4E48F8F8484E4A7D
:1090E000480800000000623A02027A03033A2202B2
:1090F0001A7200009A7F0000545CF05C56406038A1
:109100004E1C30600000000064340F04040001199C
:10911000317D070000009D7F00004B4EF84F48FC5A
:1091200046427EE2434000000002321E0302023F3C
:109130003010180F383008009E7F000088A8A8AEB5
:10914000E8B8A8A8AEA8A88000000000084C464BCC
:109150004A7E4E4A4A7E464000009F7F0000909C17
:10916000F09E9080C46424744C8000000000223E75
:109170000702022022223E2222220000A17F0000BC
:109180004454545654FCFC545654544400000000BB
:1091900031111B486623190D193127630000A47F84
:1091A000000094D4FC94FCFC109C90F09C96000071
:1091B00000000C7F2222223E0404047F04040400E9
:1091C000A77F0000909CF09C9290D8761234589023
:1091D00000000000643C0F04044D263F1A3E266048
:1091E0000000AF7F0000949CF09E907CFC5454548F
:1091F000547C00000000643C0F04041F1D19175D1F
:10920000593F0000B07F000096FCF89E405CF05093
:109210005ED0505C00000004641F0704301F432729
:10922000180F3C630000B27F0000C8D8D8DED8F821
:1092300078585ED8D848000000000E1E1A5F7A06E3
:10924000622F3A7A47620000B87F0000047C747491
:109250007476767474747404000000003F4D7F12BD
:10926000177E17721F0D7F402000B97F0000E0F4C9
:10927000B4B6F4BCBCF4B6B4F4A40000000050567C
:109280005636361F1F36365656500000BC7F00003B
:1092900000FE06D676FEF6F6FE76D600000000004A
:1092A0001E032E1F0E0F08080F3E0F0E0000BD7F7D
:1092B000000012326202FE000232620282FE0000F0
:1092C0000000040622213F0404062221311F000071
:1092D000BF7F0000422A2A127E00422A2A127E7E86
:1092E0000000000022321A0F020202023F020202B4
:1092F0000000C17F000010186C6650484070664C3A
:10930000181000000000211715597F002113155176
:109310007F3F0000C57F0000C8487FC84812A2FEFA
:10932000029A82FE00000000311F0E1B1029282F18
:109330002129282F0000CA7F0000D01C98D0046487
:1093400004FC046404FC0000000033161F180844E9
:10935000427F0444427F0000CC7F0000422A2A1250
:109360007EC0E22A3A127E7E000000002021212FDA
:10937000212121313D2521200000CE7F00006038D1
:109380006E18300464FCFC3444FC00000000011939
:10939000394F0304467F3F04427F0000D47F00081A
:1093A0004F48FC4F083202FE023202FE000000026B
:1093B000321E03020626233F0022213F0000D57FF4
:1093C00000001010F8B8BCB6B6BCA8F81010000029
:1093D000000022261A527E3E22261A527E000000EB
:1093E000D87F000064243E744C609AF2FE9AF2FE2C
:1093F00000000000311F011F212129282725243FBB
:109400000000DF7F000022B6DED2BEBEE2B69A9A2E
:10941000BE3E0000000003013F1616161F1616166A
:1094200016100000E07F000052565ECA5E7E725643
:10943000DE4A5E5E00000000080E0B090B3E3E0B8C
:10944000090A0A080000E17F000044545454FE0059
:1094500000FE545454440000000021371D517F3E4B
:1094600021171D597F3F0000E57F00007034F4F4A0
:10947000747E747C7CF410100000000022261A53C5
:109480007F3D23371B537E3E0000E67F000004F43F
:10949000B4B6F4F404F40604FC040000000022173F
:1094A0001A527F0022161A5B7F3E0000E97F0000FF
:1094B000F8A8AAACA8B80464FC0464FC000000206E
:1094C0003F7F3F043F7F04467F04467F0000EE7FDE
:1094D0000000DA5A5A5A5AC20232FE1232FE000014
:1094E00000003F041F07243F02233F02233F0000E8
:1094F000F07F0000E8A8BEA8E83050D8C64C58F06D
:10950000000000000B0A7E0A0B18497F3F094C7FC0
:109510000000F17F00007C54D6547C0464C4FC2419
:1095200044FC000000001D177D1317014C467F44CA
:10953000467F0000F37F00007E5A765E7652D47636
:109540007272F68400000000111B0D293F10111BE0
:109550000D293F1F0000FB7F0000ACF4FCFEFAA0C9
:109560003444FC3444FC000000007F2A3E2A2A7E5A
:1095700004427F04467F0000FC7F000012FE6A6AFE
:109580007EE0F27E6A6AEE1E000000002A2B1B1F9E
:109590000B0B0B0B1F1B3B2A00000080004078E0E8
:1095A0007EF0486CB47CC4AC347C00000000380F02
:1095B000101F080F7F2D2D3F2D2D00000180000072
:1095C00040484848FEFEC86878584C4000000000FB
:1095D0000C06023F7F4C444446426030000003804A
:1095E000000040484848C8FE486878584C40000091
:1095F00000000202030707454545653D01000000E4
:1096000004800000D0545474FEFED4D4BCB494D072
:1096100000000000203A1A1A167E565555545C7800
:1096200000000580000040484848FCFE4868785823
:109630004C40000000000602037F29292929293F08
:109640003F000000068000009094D4D4FEFEB45485
:109650005C5C941000000000003C7C2D2D2D2D2D15
:109660002D2D7D0000000B800000D0545474FEFEB0
:10967000D4D4BCBCB4100000000042565656567EEE
:109680007E565656564200000C800000F2F212122E
:10969000F21E12F21212F2F2000000003F3F000030
:1096A0003F00003F00203F1F00000D800000027AB5
:1096B0000A0AFA8E0A7A0A4A7A0200000000212178
:1096C000253F1919191D17113121000010800000C4
:1096D000E424FC2CE424E4202020FE2020000000D0
:1096E0007F003F003F603F0147407F000000128045
:1096F00000000848484848FCFC4848484808000022
:1097000000002131190D077F7F070D19312100005D
:10971000148000002828FE2828888484E4F49C8C87
:1097200080000000190F7F070D0040407F3F0000C0
:109730000000158000002828FE28281010FE1010B8
:10974000FE1000000010190F7F0709623A0F020295
:109750007F020000168000002828FE2828C0700024
:10976000FE0030E00000000019077F074D60203048
:10977000170806020000178000009494FF949420BC
:109780002424FE323310000000000C033F030602C5
:1097900002033F2121390800188000002828FE28F4
:1097A00028808484848484840000000019077F0753
:1097B0000D20382E23203C70000019800000949466
:1097C000FF9494FEFE82FE8282FE000000000C07E1
:1097D0003F03041F3F202020203908001C80000088
:1097E0002828FE282800FC4444447C000000000097
:1097F000190F7F070D007F222222227E0000208089
:1098000000002828FE282860705C4E586040000048
:10981000001019077F070D007E2222227E00000023
:10982000228000002828FE2808C8485E48485EC8F4
:1098300000000000190F7F0D0042221E47427E06E5
:109840000000258000002828FE2828E438203E203B
:1098500038EC0000000019077F070D7F001F094F3B
:10986000407F0000268000002828FE28287C7C54A9
:10987000FC54547C00000000190F7F05097F111172
:109880001F195D7F3E00278000002424FE2404D0A1
:109890005C30FE305CD000000000190F7F0D0044EA
:1098A0005C37343C6C440000288000002828FE28E7
:1098B00028FE22EA2A6AAA6A00000000190F7F0522
:1098C000390F041505447F0500002980000028A8F1
:1098D000FE2800D4FEFCD4FED4D400000000190FF2
:1098E0007F0F087F0A0A0F4A4A3F00002A800000C3
:1098F0002828FE2808E82838AE2838E800000000AC
:10990000190F7F0D0961311F494979190000318014
:10991000000028FCFC28F8FC74FCD654F454000029
:109920000010197F7F2D3F131A7E2A2A2A7A000001
:10993000338000000202FE121212121212FE020204
:109940000000000008080F0909090909093F04047B
:1099500000003580000002FE9292FE02040404FC26
:109960000404000000000C0F0C0C3F040020203FFA
:10997000000000003680000002FE9292FE0200FE0F
:109980000222DE8600000000080F080C3F0C003F9A
:109990000008080F0000378000004868F8D84C4ED7
:1099A0004848D8F868480000000010101F1F15151F
:1099B00015153F7F10100000388000006070CC5EED
:1099C000504070584ED870400000000020203F35B5
:1099D00015151515157F101000003B800000FCFCCC
:1099E00024FCFC04E00000FEC0C0000000000F0FDB
:1099F000093F3F203F20203F202020003D800000E5
:109A0000FEFE92FE023808C8FF0808380000000079
:109A10000F0F0C3F04301C071F30203808003F8018
:109A20000000FCFC2424FC847000FE00C0700000D8
:109A300000001F1F09097F61301C071E30600000F5
:109A40004280000042427E565656565656FE4242CC
:109A50000000000031151D0D172131171D1D173194
:109A6000000043800000FEFE92FE02FC6464FF647E
:109A700064FC000000000F0F043F063F02020322B7
:109A8000221F000046800000FCFC24FC046030180B
:109A90004E183060000000001F1F097F08000919E0
:109AA000396D070000004A800000FC2424FC04F803
:109AB00004F600F808F8000000001F09097F086F8D
:109AC0003C0F007F080F00004B800000484868787A
:109AD0005E4E786A6C5C58680000000021213F2DC2
:109AE0002D2D2D2D2D7F212100004C800000FEFE0C
:109AF00092FEFE02FE82828282FE000000000F0FB4
:109B0000043F3F301C0600000E3800004D8000006E
:109B1000FE2222FE02B888888E8888B800000000E5
:109B20001F09097F080040407F00000000005280AC
:109B30000000FCFC24FC04404C44FC444640400033
:109B400000001F1F197F080C7E222322227E0000A6
:109B500054800000FCFC24FC04101418F0181410AD
:109B6000000000001F1F097F4C61311D071D31617E
:109B7000000058800000FCFC24FC047C54547E54FB
:109B8000547C000000001F0F097F0D010F0B494995
:109B9000791900005A800000427E16167E7E62AA65
:109BA000BA9ABE22000000001415130B0B3F3F05AC
:109BB0000C1A1310000069800000FC2424FC445C93
:109BC00054547E54545C000000001F09097F4C6F00
:109BD00021311F312F6F00006A800000FEFE92FECF
:109BE00002F8FB8E888C8BF8000000000F0F043FFA
:109BF000041C063E2324181C00007180000094DC25
:109C00007CDEDC5C909C7664DC840000000021211A
:109C10003F2D2D2D2D2D2D7F212100007F80000037
:109C200020A8A8A8A8FEFCA8A8A8F820000000006A
:109C300010121212127F7F12121212100000808076
:109C4000000020A8A8A8A8FEFCA8A8A8F82020002A
:109C5000000000000000007F7F0000000000000006
:109C6000838000001094949494FEFE949494FC10CD
:109C700000000000603E001C027F7F021C007E008E
:109C8000000084800000BEE8A8ACB020A8A8FEA810
:109C9000A8F80000000047341F24641012127F123D
:109CA000121200008680000000FC54545424A4A426
:109CB000FEA4A4FC20000000311F131D39080A0A6D
:109CC0007F0A0A0A000087800000701C96949C9806
:109CD000C8FEB4F4CC4400000000212D2D2D2D7FB2
:109CE0007F2D2D2D2F21000089800000F8F8888815
:109CF000683C2E68C888F8F8000000007F7F1018C4
:109D00000C07070C58507F3F00008B800000FEFEC0
:109D10001212FE1010FE3E1010F0000000003F0175
:109D200021213F301C072020301F00008C800000C4
:109D3000FEFE12FEFE00FE0202FEFE00000000001B
:109D40003F01213F1F301F00001F3F381800938044
:109D50000000043CBCA4A4A6A4A4A4A4A4040000E1
:109D6000000000007F0A0A0A0A4A4A7F3F000000FA
:109D70009680000000E4FC30203E3E2030ECE40001
:109D800000000000007F7F0505050545457F3F0079
:109D9000000098800000FEFE1212FE10D01010FE8F
:109DA000FE10000000003F0121311F000023203F72
:109DB0001F0000009A800000FE1212FEFE202020EC
:109DC000FF202020000000003F01213F1F10101045
:109DD0001F10101010009B800000FEFE1212FE04E7
:109DE0000404FC040404000000003F0121211F10B2
:109DF00010101F10101000009C800000FEFE1212B8
:109E0000FE000888C4663210000000003F032121D4
:109E10003F2021111808040200009D800000FEFE72
:109E20001212FE424242FE424242400000003F0106
:109E300021211F0000003F00000000009F80000063
:109E4000FE1212FE1012F232121212120000000064
:109E50003F01213F0000012121213D0F0000A08092
:109E60000000FE1212FE0022B27A2AE622E0000072
:109E700000003F01213F0026190C2721380F000068
:109E8000A1800000FEFE12FEFEA09E82829EBEA069
:109E9000000000003F01213F3F30131C0C1E332007
:109EA0000000A2800000FE1212FE004CCC4C7F4C41
:109EB000CCCC000000003F01213F2030131E0C1EBF
:109EC00033200000A4800000FEFE12FEFE48484839
:109ED000FF484848000000003F01213F3F30180F75
:109EE000030F18300000A5800000FEFE12FEFEFEEB
:109EF000FE427E4242FE000000003F01213F1F1F44
:109F00003F20202020380000A980000000F828A869
:109F1000A8AEACA8A8A8B80000000000380F007FC9
:109F20000A0A0A0A4A4A7F000000AA800000FEFED0
:109F300012FEFE0808F84F4848C8080000003F011C
:109F4000213F3F301E0320203F0F0000AB80000068
:109F5000FF1111FF04F40404FF0404F400000000E6
:109F60003F01213F000302023F2222370000AD8063
:109F70000000FE1212FE00F808E8FF8808F8000052
:109F800000201F21213F003F07010023263F000042
:109F9000AE800000FEFE12FE0808E82B2EE808083E
:109FA000000000003F01213F301E0700001F30303D
:109FB0001800AF8000002020BCA0A0BCBEA8A8A8AC
:109FC00028200000000000007F0A0A0A0A4A4A7F8F
:109FD00000000000B1800000FEFE22FE0808FE0E18
:109FE000C8E80808000000003F01213F101E071CC0
:109FF00017101E380000B28000000828A8B8A8AECC
:10A00000ACA8B8A868080000000000007F0A0A0A8F
:10A010000A4A4A7F00000000B4800000405056D435
:10A020007C7C484C5C5250400000000006023F7FA0
:10A0300015151555557F3F000000B7800000FE2222
:10A0400022FE40603E08E8080878000000007F0219
:10A05000427F0060301E071C30600000BA800000A4
:10A06000FEFE22FE08C84848FE4848C8000000001E
:10A070007F03427F001F00007F00101F0000BC8094
:10A080000000FEFE12FE0008FEFE08FEFF080000B3
:10A0900000003F01213F00311F01013F3F0100004F
:10A0A000BD800000FE1212FE101010D0FF901010A4
:10A0B000100000003F01213F30301C0F31071C30E1
:10A0C0000000BE800000787C00FC00C45C74647CEE
:10A0D000CC800000000000007F1515151555557F38
:10A0E00000000000BF800000FE1212FE00F8080809
:10A0F000FF0808F8000000003F01213F00030101B4
:10A100003F0101030000C0800000FE1212FE40402B
:10A11000FE50D8484642000000003F01213F002089
:10A120003F1011071C300000C1800000FE1212FE1B
:10A1300000C808FF08F8F8C0000000003F01213FF8
:10A1400022390F21203F01030000C2800000FE12CF
:10A1500012FE00FC2424FF2424FC000000201F0128
:10A16000213F000702023F0202070000C3800000F7
:10A17000003EAAAAAABEBEAAAAAA3E0000000000EB
:10A1800000003F0A0A0A0A2A2A3F00000000C48091
:10A190000000007C5454547E7C5454547C000000D5
:10A1A0000000003F7F1515151555557F3F00000035
:10A1B000C6800000FEFE1212FE00FE22222222FEB7
:10A1C000000000003F0121213F1013121212121350
:10A1D0001000CC800000242494B4BE8080BEA4A4CF
:10A1E00024300000000000007F0A0A0A0A4A4A7F61
:10A1F00000000000CD800000FC2424FC00FC04FCD6
:10A200000404FE06000000007F02427F7C07303F0E
:10A210002038073C0000CE800000FE1212FE607065
:10A220007C6720283860000000201F01213F003F8C
:10A23000111111113F1F0000D6800000FCFC24FC0E
:10A24000004C5840FE405844000000007F03427F0D
:10A25000040404047F0404040000D7800000FE12FC
:10A2600012FE30D84C26178C1830000000003F0139
:10A27000213F00243612190806020000D980000090
:10A28000FEFE12FEFE380EFFFC4C4C4C000000009F
:10A290003F01213F1F00003F3F0202020000DA8021
:10A2A0000000FE1212FE0082C272FE62C282000034
:10A2B00000103F01213F111110101F10101110004C
:10A2C000DB800000FEFE12FE00FE2222FE2222FEA5
:10A2D000000000003F01213F000301013F01010395
:10A2E0000000DC800000FE1212FE603C0E08FF0839
:10A2F0000808000000103F01213F101111111F112B
:10A3000011111000DD800000FE1212FE00FC444618
:10A310007EE24340000000003F01213F003F30103B
:10A32000380F30300800DE800000FE2222FE60F888
:10A330004E48C8C808F8000000007F02427F003F76
:10A340006242434B4C770000E18000008888FFFFA9
:10A35000888800FE222222FE000000001F1F08083D
:10A360000F2F1C070121213F0000E480000000FCAA
:10A3700000D87C76586CC0FCFC0000000000781F00
:10A38000007F1515557F003F7F701000E5800000AD
:10A39000C4643C24447C7C5454544C44000000006D
:10A3A00000007F1515151555557F00000000E7804A
:10A3B0000000FC2424FC1010FE10F4F4189000009F
:10A3C00000007F02427F60382F303F7F43710000E2
:10A3D000E8800000FE1212FE04E4BE87F484848448
:10A3E000000000003F21213F100C20203F000618F4
:10A3F0000000E9800000FFFF11FF404040FF44449F
:10A400004444400000003F01213F0000003F0302A0
:10A41000040C0000EA800000FE1212FE00F0101092
:10A420001F12F2F2000000001F01213F301F010146
:10A43000010103010000EB800000FE1212FE4062E9
:10A4400022321A3E2660000000003F01213F101119
:10A4500011111F1111111000EC800000C8786C6AF6
:10A460007858844C74345C4400000000007F292933
:10A47000151B1F152D497F000000ED800000FE1206
:10A4800012FE00FE22A2FE2222FE000000301F214A
:10A49000213F003F14131113143F0000EF80000010
:10A4A000FF1111FFA4B4BCAEA5ACB4A40000000021
:10A4B0001F01213F0000072424243C000000F080FD
:10A4C0000000FE1212FE02D25252FF5252720000DF
:10A4D00000003F01213F20311907070D153700000B
:10A4E000F1800000FE1212FE0046DCC07FC05C4618
:10A4F000000000003F01213F20300F01003F2038C5
:10A500000800F2800000FE2222FE0888E8B88EC80B
:10A510006808000000007F02427F406C2432191C52
:10A5200036630000F3800000FE7E12FE90988C5F80
:10A530006474CC80000000003F01213F00013F1106
:10A5400011113F1F0000F4800000FE1212FE00FEF9
:10A550000ACA4ACA02FE000000003F01213F003F34
:10A56000000F0427203F0000F6800000FEFE22FEC0
:10A5700080C868080E2868C8000000007F03427F7A
:10A580004060231E1C3761400000F8800000FE225E
:10A5900022FE30DC6E886808C8F8000000007F42A8
:10A5A000427F001F1613165C5F7F0000FA800000D8
:10A5B000FE1212FE405CC4745744C45C00000000EC
:10A5C0003F01213F0022371C0C1F11300000FC808E
:10A5D0000000FE1212FE80888AFC88FC8F88000032
:10A5E00000003F01213F30180F01003F0000000034
:10A5F000FD800000D8DC5250DC9000FE98888CE092
:10A60000000000007F7F0A4A7F3F007F4C44467273
:10A61000000002810000FE1212FE009FBCA4A4A64E
:10A62000A2B8000000001F01213F003F1F141414B6
:10A63000143F000006810000FC2424FC60F82EA6D4
:10A64000A4BCA4A0000000403F02427F603F007F06
:10A6500040484C67000009810000FE1212FE40488D
:10A66000C84AFAC66030000000201F01213F080ED2
:10A6700023203F01060C08000A81000080B4D4DCCE
:10A68000B09C9EB0FCD4B4A00000000001007F0A82
:10A690000A0A0A4A4A7F000000000D810000FE12EB
:10A6A00012FE20102826232C3830000000003F0125
:10A6B000213F00311D171115193100000E810000D6
:10A6C000FE1212FE0092948CEC8C9A900000000016
:10A6D0003F01213F001C06203F00061800000F81AB
:10A6E0000000FE2222FE00F808080EF8080800000C
:10A6F00000203F02427F301F2121213F2121000005
:10A7000010810000FE1212FE8484DC746674DC8406
:10A71000000000003F01213F00301F0000003F000B
:10A72000000011810000FE1212FE00EC2C4FCE3C06
:10A730000CEC000000101F01213F001F1413111624
:10A74000103F000012810000FE1212FE404658C069
:10A75000FFC05C46000000003F01213F180C0701CC
:10A760003F030E18000013810000FE1212FE188C29
:10A77000EC3CFF8C8CDC000000201F21213F0321DA
:10A780003F1010070D1000001481000044641404F1
:10A790007C86867C0414244400000000007F012590
:10A7A000170F0F1335417F00000016810000FE12C5
:10A7B00012FE607414141F949474000000003F0192
:10A7C000213F040424243F050404000018810000F4
:10A7D000FE1212FE088CA4A4A7A4A48C0000000002
:10A7E0001F01213F20301F03003F203018001A8135
:10A7F0000000FE1232FE48CC7F4840FE02FE000000
:10A8000000001F21211F0C0F0C0E083F0407000041
:10A810001E810000FC2424FC807860C0FEC078C04B
:10A82000000000203F01417F202424243F242424D1
:10A8300000002C810000FEFE12FE002A3A26BAE239
:10A840007F05000000003F01213F020222223F025B
:10A85000020200002F810000FE1212FE00E4A4A4F8
:10A86000FFA4A7E6000000003F01213F003F0202D5
:10A870003F02223F000031810000FE1212FE00F86C
:10A880008E8C888CFBF8000000003F01213F2030B7
:10A890001E03003F2030100032810000FE1212FE25
:10A8A00000FE9292D2D2929E000000003F01213F12
:10A8B0003C1F18273F1F0718000036810000FE12BA
:10A8C00012FE00DE5252F2525ECE000000001F0166
:10A8D000213F003F0C070326243F00003881000081
:10A8E000FE1212FE20B02C26A72C38B0200000004B
:10A8F0001F01213F10131610171C171000003E8176
:10A900000000FEFE12FE007C54D67F54547C0000F2
:10A9100000003F01213F04060505043F0404000038
:10A9200046810000FE1212FE00FC44FF44FF44FC7E
:10A93000000000003F21213F22331A03020B1A338B
:10A94000000048810000FE1212FE00AAAAAABFAAB7
:10A95000AAAA000000003F01213F003F3F0A0A2A47
:10A960003F1F00004A810000FEFE12FE2024BFA40B
:10A97000A4BEBE24200000003F01213F00003F1480
:10A9800014143F0000004B810000FE1212FE84F4FC
:10A990001CC7FEA4A4E4000000001F21213F003FCB
:10A9A00021311B0E1B3000004C810000FE1212FEF4
:10A9B00064F43C2EF72CF464000000003F21213F9A
:10A9C000000F05053F25273000005081000000FCE6
:10A9D00024E4F4246664A4F47424000000007C07DA
:10A9E000007E2A3E1E173A6A7E3E0000518100001A
:10A9F000FE1212FEFCFCC4FCA724FCFC00000000BC
:10AA00003F21213F3F03013F00273F1F00005381AB
:10AA10000000FEB212FE00484CFE00FF4848000055
:10AA200000003F01213F0202023F003F02020000FE
:10AA300054810000FC2424FC188868280E284898BB
:10AA4000000000603F42427F202222223E2222223A
:10AA5000000055810000FE1212FE8CFC24E4E6E4A6
:10AA600024EC000000001F21213F21110F031F3F94
:10AA70002437000059810000FE1212FE808CA4A52C
:10AA8000A7A4A48C000000003F01213F180C242043
:10AA90003F00061C00005A810000FF1111FF002C2E
:10AAA000A424E724242C000000003F01213F301F94
:10AAB0000F103F212121000060810000FE1212FED4
:10AAC00044D4F47E56D4D454000000003F21213FEA
:10AAD00023351D0F0F151523000065810000FE12A0
:10AAE00012FE00BE2A2AAA2A3E3E000000003F01B4
:10AAF000213F222525253F252525000067810000CF
:10AB0000FE12FEFED85854D213D418D8000000000C
:10AB10001F213F1F3F05253F002F201F0000698197
:10AB20000000FC2424FCC8E8A8383EA828E800005F
:10AB300000007F02427F7F7F0A0B3E0B487F0000B0
:10AB40006D810000FE1212FE80AEAAAEA0AEAAAECB
:10AB5000000000001F01213F0000072424241C00E6
:10AB600000006E810000FE1212FE007E52527E52E4
:10AB70007E7E000000003F01213F18063E20232278
:10AB80003A1E000070810000FE1212FE727A4AFE28
:10AB90004A7E4A7A000000301F21213F21251F19DB
:10ABA000191F1331000071810000FE12FE22223EA7
:10ABB000E6AAAAFFAABE000000001F213F303B0FFB
:10ABC0001934243F2424000074810000FE1212FE78
:10ABD00000FCA4FEFEA4A4FC000000003F21213FD5
:10ABE00020301C07030E1820000079810000FEFEB3
:10ABF00012FE187CFBAAAAAAFAFA000000003F0184
:10AC0000213F2C24371F1A1E362000007A810000B5
:10AC1000FEFE12FE007E5252D352527E0000000011
:10AC20003F01213F111927213F070F1900007B81A8
:10AC30000000FE1212FEA4B4B4B4A4FFE5070000A5
:10AC400000001F21211F27100F1037001F300800A0
:10AC50007C810000FE9292FEE2F212FE96F212F267
:10AC6000000000103F00203F1F1F101F121F103F49
:10AC700000007D810000FE1212FE007E4A4A4A4A10
:10AC80007E00000000003F01213F203F213F213F87
:10AC9000213F00007E810000FE2222FEA8EE783EC9
:10ACA0002A68EEA8000000203F42427F11171715C6
:10ACB0005557741D00007F810000FE12FEFE26EC39
:10ACC00000FE2AAA2ABE000000001F213F3F181FD5
:10ACD000102F2425272C000080810000FE1212FE78
:10ACE000F4949C94D79C9CF4000000201F21213FE9
:10ACF00020301F0724243C00000082810000C47C17
:10AD00009E94F41CFC9694FCECA40000000000004F
:10AD10007E1616161656567E000100008881000029
:10AD2000FE1212FE82FA6A6A6A6A7AFA000000204B
:10AD30001F21213F1F3F05073C07243F00008A8158
:10AD40000000FE1212FE02FAAAAAFFAAABFA000045
:10AD500000003F01213F02030E1222321F020000B9
:10AD60008F810000C444FCECECEEEEECECFC44C43F
:10AD70000000000000007F1B1B1B1B5B5B7F3C0077
:10AD8000000091810000FE1212FE000CF45457D412
:10AD90005C5C000000003F01213F24341F0C040FC5
:10ADA0001434000098810000FE1212FE3ABAAABEC6
:10ADB000AABEAABA000000001F21213F321A222297
:10ADC0003E020A1200009B810000FE1212FE38FAB9
:10ADD000EC282F28EE3A000000101F21213F10150B
:10ADE00015151F15151400009C810000FC2424FC7F
:10ADF00004E4AEA4A4AEE4E4000000003F02427FFD
:10AE00004465351F0F1D256500009D810000FC2451
:10AE100024FC282898D87E983828000000007F025B
:10AE2000427F22231D587E1815230000A3810000B5
:10AE3000FC2424FC086CD4D44654D46C00000000DC
:10AE40003F02427F202B2B2B3F2B292B0000A6817A
:10AE50000000FC2424FC905438FCFE3854D0000040
:10AE600000003F02427F643B1E061E127F1200005C
:10AE7000A8810000FE1212FEEA2A2F2AEA8CE6338D
:10AE8000000000101F21211F111F191F2931180652
:10AE90000000AA810000FC2424FC64A4B4A6E4B44D
:10AEA000B464000000003F42423F007B28282B2A68
:10AEB0002B780000B3810000FE1212FE2074B73C14
:10AEC000FC36F724000000003F01213F013D15152D
:10AED00015151D1D0000BA81000000FC64F45C64BF
:10AEE000FE94FCF49414000000003F07007F1A1A3F
:10AEF0001B1B5B5B7F010000BB810000FE1212FE8A
:10AF0000027A7A7B7B7A4A7A000000003F21213F57
:10AF1000101F1B1B1B1B1F170000C08100007EB6EB
:10AF20007E367EB694B67272B684000000000000D1
:10AF30001F0B0B0B0B2B2B3F1F000000C1810000D0
:10AF4000FE12FE00FE92D2FBD2FADAD2000000001E
:10AF50003F013F381F101C3F043F0C170000C28107
:10AF600000007CECACACACEC545C56F45C540000DF
:10AF70000000007F7F1515151515557F3F00000057
:10AF8000C3810000FC2424FCC8B8C8CEFC48E848B3
:10AF9000000000203F42423F26170E027F253F253A
:10AFA0000000C6810000FE1212FE10F2BEB3B3BE56
:10AFB000B6F2100000001F21213F380B3A262E2246
:10AFC0003A1B0000CA810000FE1212FEF09097F5B5
:10AFD000F59797F0000000003F21213F121A0E065E
:10AFE0003F0E0A120000CC810000FC24FCA8A8BC83
:10AFF000A8A890FCFC90000000003F427F212F2277
:10B000003A53231E1C230000E381000000FC44444B
:10B0100044447C444444C40400000000003F222215
:10B0200022223E22222223200000E78100007840D5
:10B03000F808E8A8E8A8FE088ACC000000003E62F4
:10B040003F001F121E73333F63601000EA8100004F
:10B0500000F88888888E88888888F80000000000BA
:10B06000007F24242424242424247F000000EC8155
:10B07000000000FCFC545456565454FCFC000000E4
:10B080000000642535150D7F7F0D15352524000042
:10B09000ED81000000FCFC545456545454FCFC0058
:10B0A0000000000048492929191D1D392B6D494808
:10B0B0000000F38100000464745C4CC4C4447464F4
:10B0C00044040000000020222222223F3F222222AC
:10B0D00022200000F4810000647C4C5474C4E0FE23
:10B0E0001010F0100000000022323F1F1252603199
:10B0F0001F1F31600000FB810000645CC474644465
:10B10000D4745E54D4540000000032321F1212274F
:10B11000351D7F0D15270000FC810000F0F80C04A0
:10B12000060008080808F8F8000000007F7F2121C9
:10B130002120212121217F7F0000FE81000000F8D5
:10B14000484C40FCFC484848F800000000004063C0
:10B1500022321A0F071A32226340000000820000D8
:10B16000049CE484C41C348682F29A00000000002F
:10B17000007F24242424242424247F00000001822E
:10B18000000000FC9494968094949494FC00000039
:10B1900000004464341F040404047F040404000019
:10B1A0000282000088A8A8A8E8BCAEA8A8A8A88821
:10B1B0000000000006067F2B2A282A2A2B7F020681
:10B1C00000000482000000FC94949680849494947F
:10B1D000FC0000000000243E031B32023A024A52E7
:10B1E000723E00000582000000FC6C6C6AE0EC6CB2
:10B1F0006C6CFC0000000000484B6B2B3B1F0B4BA2
:10B200004B4B7B0000000682000000FC2424382EFB
:10B21000F8282424FC0000000000486F293909099F
:10B220000B0939296F4800000C820000404848484B
:10B2300048FCFC444446404000000000007E7E2262
:10B2400022232322223E7E0000000D820000A0A0C7
:10B25000B0B8A8E4E6ACB8B0A0A0000000000000C0
:10B260007C2424272724247C3C000000108200201A
:10B270002424FC262220FC8484FC8682800000009A
:10B280007E2223227E007F60200F786010001282D1
:10B29000000090A8E6ECA8900414B4F48C8400009C
:10B2A00000003C3C27273C3C00407F3F020300005D
:10B2B000148200002424FC2220A4E43C2464E4241E
:10B2C000000000007E22233E131D447F041C021D4B
:10B2D00000001B820000C0F88E08F818D01010FE85
:10B2E00010100000000060301D0701000302027F03
:10B2F000020200001C820000E024BC34242C342410
:10B3000036BE26E00000000044673D190F030F0918
:10B31000097F090900001E820000B8ACFEA4FCA44D
:10B32000A4FCA4FCA4A4000000004C663B1A0E0080
:10B330001E12127F121200001F8200008080FC8407
:10B340008497A48484FC808000000000301E0700E5
:10B3500000020420203F000000002182000080FC49
:10B36000B784FC000404FCFC0404000000003F0758
:10B3700002243F1010101F1F101000002282000036
:10B38000F8F86E48F800E000FE0000E00000000061
:10B390007F074D497F003F203F20207F0000238210
:10B3A0000000FCFCB7A4FC007CC20E88F81E000064
:10B3B00000003F0326243F2010190E0F1830000014
:10B3C0002882000080FC9F84FC00FE72921293F1A0
:10B3D000000000003F0706243F382F301B0E1B30B3
:10B3E00000002A820000FCFCB784FC08E8292F2812
:10B3F000E808000000003F0326243F301F00000043
:10B400003F2018002B820000FCFCB784FC0808F8E1
:10B410004F4848C8000000003F0326243F301E0369
:10B4200020203F0F00002C82000080FC9E94FC0036
:10B43000B88E82829E90000000003E0302243F00EE
:10B4400031171C1C173100002D820000F83C6EF8EB
:10B4500000FCFC4040FE6020000000003F034D7FE8
:10B46000003F3F10183F203800002F820000FCFCF6
:10B47000BFA4FCF80808FF0808F8000000003F011E
:10B4800026241F0301013F01010300003082000058
:10B4900080FCB7A4FC00FE02FA02FEFE00000000E1
:10B4A0003F0726243F30190C073E21390000318226
:10B4B0000000FCFCB784FC20F0EC2726F8300000EC
:10B4C00000003F0323203F001F3F222223380000BB
:10B4D00033820000FCFCBFA4FC00F808FF0808F859
:10B4E000000000003F0326243F003F111F11113FC1
:10B4F00000003482000080FC97A4FC30380FF8482C
:10B500004848080000003F0703223F0000003F02B8
:10B510000202000035820000FCFCB7A4FC1C14E40D
:10B520000786C45C000000003F0126243F00003F66
:10B530002121203808003682000080FC9784FC001E
:10B54000F8888F8888F8000000003E0722243F001A
:10B550003F101010103F000037820000FCFCB78441
:10B56000FC08C8B89FCC6808000000003F012624F2
:10B570001F10181C13111C38000038820080F8F8C6
:10B58000BE8CF804E424E4C4FCFC000000007F034B
:10B5900046487F000F0447437F3F00003982000088
:10B5A000FCFC97A4FC40603E02027E4000000000CC
:10B5B0003F0302243F003F1111111F3F00003B8257
:10B5C0000000FCFCB784FC00F0101F1212F2000017
:10B5D00000003F0322243F380F0101010103000056
:10B5E0003E820000F8386EF800E424FC24FC24E4D9
:10B5F000000000013F014D7F007F2C232027247F86
:10B60000000044820000FCFCB784FC00EEA0BFA058
:10B61000ACE6000000003F0126243F003F04042464
:10B62000243F000047820000FC9CB7FC2032EE6201
:10B6300022FEFE22000000001F00263F203F1F10B8
:10B6400024272724000049820000FCFCBFA4FCFE44
:10B65000FE6AEAEABA8E000000003F0126243F3F5E
:10B6600005051F3F263200004B820000F8ACEEF8C3
:10B6700020202424F42C2420000000003F02467FD8
:10B68000407E437F437E427E00004F820000FCFCF0
:10B69000BFA4FC04E5A6BCA6A7E4000000003F018F
:10B6A00026241F003F141414143F00005882008009
:10B6B000F8A8EEF800FCA484FEA4A4FC000000009E
:10B6C0003F02467F22622E3A333A2E6200005A82AF
:10B6D0000000F82C6EF800F454FE54FE54F4000000
:10B6E00000003F03457F007D2D2D2D2D2D7D000079
:10B6F0005F820000F8286EF820A8B8B8AEA8B8A8F5
:10B70000000000003F014D7F405755557F5555576C
:10B71000000068820000F83C6EF80034545E545E0D
:10B720005434000000003F074D7F202D3B577D051E
:10B730001D2300006E82000000FEFE5252D25252C3
:10B74000527E800000000000003F3F1018190306E1
:10B750000E1B113000006F82000000F8F828282E20
:10B760002C2828F8F80000000000007F7F212133FA
:10B770000D19193527600000708200003464C47C04
:10B780000CFE5252D2527E7E000000001C060307BF
:10B79000043F1010130E1B3100007282000060F095
:10B7A000F8262624F43C2420E00000000000003F9E
:10B7B0007F4242424342424247700000738200008F
:10B7C0004444FF4444F8FE17F41C14F00000000049
:10B7D00002023F02021F3F21212121390000748211
:10B7E0000000C8FCFCFE487860F82EF838E0000045
:10B7F0000000633F037F121E007F4243427300003C
:10B80000798200001010107C101010107C101010A5
:10B810000000000000000000000000000000000028
:10B8200000007A8200000848485E4848C8C8DEC860
:10B8300008080000000000103C24262321212020BD
:10B84000201800007D8200000444444FF454444416
:10B85000CF040404000000002030180E0300000094
:10B860003F20203800007E820000080888BE0808BB
:10B870000808BEC808080000000060602033161CDD
:10B880001C162320606000007F820000484848DECC
:10B89000C84848C8DE080808000000006030180FDB
:10B8A0000100004141417F070000828200004848BA
:10B8B000485EC84848485E48C808000000000000CC
:10B8C00000007F00001010101F00000084820000A4
:10B8D0000424242FA4F424242FE4040400000000F2
:10B8E0002031190F07060C08003F20380800888215
:10B8F0000000101010FC00FEFC00FC1010100000F6
:10B90000000008090909097F7F09090909080000E1
:10B910008A8200000848485E48C8E8283E2808088F
:10B920000000000002020202027F7F020202020205
:10B9300000008B8200000848487E48C8C8487E48FE
:10B9400048080000000002020242427F3F02020259
:10B95000020200008D8200000888E87E48484848BE
:10B960005E48C8C80000000003010002060C404009
:10B9700040603F0000008E8200000292929F9292EF
:10B9800092929F92F2020000000000030302020262
:10B99000222222321E0200008F8200000808083E88
:10B9A00008C8C8083E08080800000000202121211E
:10B9B000213F3F2121212120000091820000082801
:10B9C000283E282828283EE8E80800000000003E1D
:10B9D00062424242424242434330000092820000AF
:10B9E0008888889E88A8E8889E888888000000004B
:10B9F00000003F20202020202020200000009782EF
:10BA00000000080888DEE8A888C85E08080800006A
:10BA100000006064242637151D0C0403010000009B
:10BA20009882000008E8081E0808C8C81E08888810
:10BA300000000000003F213111111F3F2321213858
:10BA40000000998200000848485E48E8E8485E48DF
:10BA5000480800000000426222321A0F071A322200
:10BA6000626200009C8200000424242F24E4E42469
:10BA70002F24240400000000212111190D073F216B
:10BA80002121213100009D8200000888889E88A81D
:10BA9000C8889E88880800000000301808183C24D8
:10BAA00026222121203000009F8200000484C46EE1
:10BAB00024242424EE848484000000004143666E24
:10BAC0003A32323A6E6640400000A182000004041F
:10BAD000C47E444444445E44C444000000004063C7
:10BAE0002130180F0708102361400000A4820000D5
:10BAF000242424AEE46404E4EE0404040000000002
:10BB00000444467F0602023F7F4040701000A58239
:10BB10000000088888DE48282848DE888808000059
:10BB200000000161301F000000007F0001010000E3
:10BB3000A682000004E4E42E243434242E24E404F9
:10BB400000000000603F030202020202020207003E
:10BB50000000A8820000042424FE242424E43E04DF
:10BB600004040000000060301C47632439191927C1
:10BB700023600000A9820000048484DE64B434647D
:10BB8000DE84840400000000010504040405673419
:10BB90001C0C01010100AA82000008C8C85E4848C8
:10BBA000E8E83E28280800000000007F7F6222228B
:10BBB000230F3A6242720000AB8200000424242F5B
:10BBC000242424242F242404000000002131190FF0
:10BBD0000301013F212121390000AC820000C2C2D3
:10BBE000E2B78282828297E242C2000000002020F7
:10BBF000101C070020203C0F00000000AD82000058
:10BC000004C4445E44C4C4445E44C4040000000050
:10BC1000007F424242434342424247300000AE82EC
:10BC2000000004C4445E44F474445E44C404000050
:10BC30000000007F10180E0303064C487F00000030
:10BC4000AF8200000808083E0868C8083E080808D7
:10BC500000000000380E007F404041436030073C48
:10BC60000000B08200002424242E24F4F4242E2486
:10BC7000242400000000406123273D19193927239F
:10BC800060400000B18200000484C47F0404E40426
:10BC90008F84C4040000000003013F0004021F332E
:10BCA000212020380000B3820000222222AFE22AA5
:10BCB0003A222F2222220000000020101C0701013E
:10BCC0002121213F03000000B48200000888687E23
:10BCD000C8C848C8DE48C8C80000000003311806BC
:10BCE00063301C4740403F070000B782000008084F
:10BCF000881E0808E8081E08080800000000202028
:10BD00003F2020203F21212121200000B882000077
:10BD10000424242F242424242F242404000000009D
:10BD20000131393713111111171931010000B9828E
:10BD300000000404E43E242424243E3414040000BF
:10BD40000000603E07010101017F010101010000C7
:10BD5000BD8200002424E43E24242424FE24242440
:10BD600000000000202333121A4A46467F020202D6
:10BD70000000BE8200004848485E48E8E8485E4847
:10BD8000484800000000003E0202027F7F0222229B
:10BD90003E000000C1820000080888FE080808086C
:10BDA000FE0808080000000060380F070C68380F14
:10BDB000071C30600000C48200008888889E88E8E4
:10BDC000C8889E8888880000000000000000007F6E
:10BDD0000606040808000000C78200000424242E80
:10BDE00024F424242E242424000000000405050546
:10BDF000057F05052525351C0000C882000002F2DC
:10BE0000929F9292F2929F929212000000003C0F39
:10BE10002030180F012020203F000000CA820000BF
:10BE200004E4243E242424243E242424000000008E
:10BE3000381F001F3F212129292F21300000CB82EC
:10BE400000000404F41F14D4D4141FF4F4040000FC
:10BE500000002020331008071F3C20232338000057
:10BE6000CC8200000404E4EE044444642E34040450
:10BE70000000000001017F3F2131370D19312121E0
:10BE80000000CD820000088888DE48283848DE8817
:10BE900088880000000001013F61414149494F602D
:10BEA00030010000CE820000888888BE88E8C888FB
:10BEB000BE88888800000000232120202020202028
:10BEC000202021210000CF8200000888889E88E879
:10BED00088889E88080800000000586C26180E0309
:10BEE00040407C1F061C0000D182000084C4342F17
:10BEF00024E404E42F24E404000000002130190F9E
:10BF00000701003F202223380000D282000002F205
:10BF1000F29792FAFA9297F2F20200000000043FC0
:10BF20003F0404070724243F1F040000D3820000BD
:10BF30008484C45E64B434245EC48484000000003D
:10BF40000102020A1212337A4E0602010000D48264
:10BF50000000080888DE68280808DE880808000055
:10BF6000000000017D2525252525253D7D000000BB
:10BF7000D5820000242424AEE46424242EA4E40406
:10BF800000000000027F3D252424242525257C0077
:10BF90000000D782000008C8487E48C8C8487E48CC
:10BFA000C80800000000007F2424243F3F242424EC
:10BFB0007F000000D882000008C8487E48484848F2
:10BFC0005E48C80800000000007F001F1F09090F1D
:10BFD0004F407F000000DB8200004848485E484830
:10BFE00048485EC8484800000000001E1F090909B3
:10BFF0000F40407F00000000DC82000008E8E83EBF
:10C00000282828283EE8E80800000000007F3F2597
:10C0100025252525253F7F000000DE82000084E4E1
:10C02000B4BEA4A4A4A42E24E404000000000000D4
:10C030007F4444444447484847700000DF82000082
:10C0400082C2B2BFA2A2A2A22F22E2E2000000009E
:10C0500000000F040404042720203F010000E082B8
:10C06000000004E4A4BEA4A4A4A4BEA4E4040000AC
:10C070000000007F64642424071C346444740000BE
:10C08000E182000004E4041E24C484041EC4640489
:10C0900000000000003F1818682431180E0F1860C7
:10C0A0000000E382000004E4A4BEA4A4A4A4BEA4EF
:10C0B000A42400000000003F282828282828282839
:10C0C0002F200000E48200004848487E48C8C84845
:10C0D0007E48484800000000282C2422213F2F21C0
:10C0E00023262C200000E5820000484848DEE8684E
:10C0F00048485E48484800000000080C0E7F222295
:10C10000222222227E000000E68200004848485E8B
:10C1100048E8E8485E48484800000000007E7E226B
:10C1200022232322223E7E000000EB820000040432
:10C13000041E04F444445E44444400000000007EB5
:10C1400022222223222222227E000000EF820000EF
:10C150004444445EC4F4F4C45E444444000000001B
:10C16000180C0E0B097F7F090B0E0C080000F182E2
:10C17000000008C8485E48E8E8485E48C808000073
:10C18000000044672434140F0F1434246744000063
:10C19000F48200000404E43E242424243EE4040445
:10C1A0000000000020203F2929292929293F20209B
:10C1B0000000F78200004444F45E444444445EE4DA
:10C1C00044440000000000007F2424242424247F11
:10C1D00000000000F98200000424A43E24E4E424CA
:10C1E0003EA424240000000004040507047F7F040B
:10C1F000070504040000FB82000082C2F21F4242D5
:10C2000042424FF242420000000001013F000003A1
:10C210000420203F000000000183000008C8C81E61
:10C2200008E8E8081EC8C80800000000003D2121F9
:10C23000213F3F2121217D0000000283000002C236
:10C24000424F4242F2424F5AF24200000000380F81
:10C25000002030101B0F1E33213800000383000024
:10C260008232224F02E222222F22E202000000004C
:10C2700020310D04003F20202222233800000483B7
:10C2800000008888E89E888808C85E4848C8000082
:10C290000000601E0340703F007F2020207F0000D0
:10C2A000058300000424247E64A4A4E47E24040402
:10C2B000000000003111190D47437F0101090703F8
:10C2C00000000683000004E4243EF40404E42E2469
:10C2D000E4E400000000084F2C3C1F00007F001029
:10C2E0001F0F000007830000444444CE74444454AC
:10C2F0007E6444440000000020100C47262A323A95
:10C300002E264040000008830000048404EE04044C
:10C3100004E40E04848400000000203F203F11113B
:10C32000113F232121380000098300004848485E5E
:10C3300048E8E8485E484848000000002232120AF7
:10C34000067F7F060A12322200000C83000004845C
:10C35000E43E040404E41E04040400000000033F5F
:10C360003F012121213F2121212100000E830000D6
:10C370000424242E24A4A4E46E2404040000000059
:10C3800022232725253D3C252525252200000F8336
:10C3900000008888889EE88888A8FEC888880000F1
:10C3A00000002030180E13103F3C242220301000D3
:10C3B000118300000404E42EA4B424242EE4040415
:10C3C0000000000010101714141415155555643C86
:10C3D000000014830000E424243E24A4A4243E246A
:10C3E00024E40000000020222222223F3F222222B9
:10C3F00022200000158300006424A4AEA4A4A4A4F9
:10C40000AEA4246400000000040404047F040404B7
:10C41000003F6070000017830000848444EE3434D1
:10C4200024A4EE640404000000000C04047E27270A
:10C43000252524247C0000001A830000C4E4243E47
:10C440003404E4242E24E4E4000000001F1F111132
:10C4500019017F0000101F0F00001B83000004E47F
:10C46000E4BEA4A4A4A4BEE4E40400000000007F91
:10C470007F2222220E1A3A2B676400001C830000E0
:10C480002424243EE42424E43E2424240000000048
:10C49000007F29252321212725257F7F0000278351
:10C4A000000004E4E42F24F4F4242FE4E404000066
:10C4B000000010131312121F1F12121B1B2000006A
:10C4C000288300002464C41E84F454445E44C4C41D
:10C4D0000000000030180C6121301C070C30236074
:10C4E00000002B8300000424441E848484A4FE8462
:10C4F00084840000000021331A08003F20202020FF
:10C50000202000002C8300002424A4EE342424A442
:10C510002E2424240000000006037F202222223F34
:10C520002222222200002D8300002424A4EE2434A1
:10C530003424EEA424240000000062612133161C80
:10C540001C163320616100002F8300000484E43E48
:10C55000040404E41E24C40400000000037F7F419F
:10C5600061311D070F19216100003183000084C46F
:10C57000745E44E4E4445E4444040000000022325B
:10C58000120A067F7F060A1232220000338300005F
:10C590000828481E484848C85E484848000000002F
:10C5A00021331A202020203F202020200000348327
:10C5B000000004E424BEA4A4A4A43E24E4040000D7
:10C5C0000000007F202F2828282F2F207F00000028
:10C5D0003583000004E4242E24A4A4242E24E4049F
:10C5E00000000000007F21392D27232529317F00FD
:10C5F000000036830000080888DE48A8B848DE88B6
:10C6000088080000000021331A0A427F3F020A1AFC
:10C6100033010000388300002424E4BEA4A4A4A4B1
:10C62000AEE424240000000010101F14141414148D
:10C63000147F101000003983000044C4E44F44C448
:10C6400004E42F24E4E40000000020271C1C1F1138
:10C65000003F10101F3F00003A830000121292D7D3
:10C66000321A1A12D7921212000000002021111F54
:10C670000701013F2121233800003C83000004E42E
:10C6800024BEA4A4A4A4BE24E40400000000007FEF
:10C69000003E121212125E407F0000004083000034
:10C6A00084C4745E444444445E44C4C40000000036
:10C6B00001003F1515151F4040607F0000004383B7
:10C6C00000008484C45E643434645EC484840000E6
:10C6D000000021282929293F3F2929292821000054
:10C6E0004683000014F4FF1414FF1400FC0000FF44
:10C6F00000000000311F0301013F01010720203F1E
:10C700000000478300008444249E042424243E2403
:10C7100024240000000004067F0101010141417F43
:10C72000010100004983000004E4E4BEA4A4A4A421
:10C73000BEE4E40400000000080B0B0A0A7E3E0A77
:10C740000A0B0B0800004F8300000888E81E4848C9
:10C7500048C87E68280800000000033F3F022222EC
:10C76000223F222222220000508300002424A4FE23
:10C7700034A4A4A4AEA4A4240000000006037F00F7
:10C780000404447E3F050504000051830000145456
:10C79000545E54F4F4545E54D41400000000406716
:10C7A0002525150F0D152535754C00005283000009
:10C7B0001212F297929A9A929792921200000000A7
:10C7C00020100E00003E3E00003E2030000054834A
:10C7D000000004A4A4AE647424A4AEE464040000C5
:10C7E000000064340F447C0C64340F44643C00004B
:10C7F0005A8300002828E8BE28E8E828BEE8282850
:10C8000000000000622232131A07071A1332226254
:10C8100000005B830000223292979AF2D2D2D77244
:10C820001282000000002223131E0202023E232374
:10C83000233300005C83000004F4444E4444E4C409
:10C840004E64248400000000080B0A0A0B7D3F0A96
:10C850000A0A0A0B00005E83000084A4A4AEA4E4CC
:10C86000A4A4BEB48484000000000466221F01005A
:10C8700000017F02060400005F830000088888DE54
:10C8800048283848DE888808000000000565757D66
:10C890002D2525253D3465050000608300002424F6
:10C8A000246EA4B4B4A46E24242400000000024228
:10C8B000321F010101017F020202000061830000BA
:10C8C0000424641E24A4A4E46E24240400000000B4
:10C8D00061310810194D23190F43713F0000638324
:10C8E00000006424243E24A4A4243E2424640000E4
:10C8F00000002131190D077F7F070D19312100003C
:10C90000648300007494949EF49494949E9494741C
:10C91000000000001010161514147F1414141410C5
:10C920000000658300006424243E2424E4243E2483
:10C930002464000000006131194F43607F061C131E
:10C9400031200000668300006424A43E24A4A424B3
:10C950003E2424E400000000080B0909093F7F0978
:10C9600009090908000067830000E424243E24A488
:10C97000A4243E2424E400000000606423301C074B
:10C980000718143721600000688300000414545E07
:10C99000545454545EF4F4040000000004050D1DCA
:10C9A000350545457F3D050400006983000004E42A
:10C9B000E4BEA4A4A4A4BEA4E40400000000380FB4
:10C9C000011012362424630E181000006A83000040
:10C9D0002424A47E24048404FE04840400000000B3
:10C9E00046467F02020E43407F00030E00006B8329
:10C9F0000000F21252F71202F2525752F2F2000005
:10CA000000003F00080C27180F0222223F1F0000E1
:10CA10006C830000282828BEA828A8283E28E828DB
:10CA20000000000044652726141C07141434244415
:10CA300000006D83000088C8A89E88484848DE48EA
:10CA40004848000000002D2F2725242020203F20CB
:10CA5000202020006E83000004C4748EC40444446B
:10CA60004E44F44400000000692D2F2D3400020EC6
:10CA700040407F0000006F83000084C4348EC48473
:10CA8000E4744E4444C400000000692D2F2D24019D
:10CA900000064C407C1F00007783000082E2F20F0A
:10CAA000929292929712F21200000000013F3F0012
:10CAB0000F04040727203F00000078830000D454AF
:10CAC000545E547474545E5454D400000000090839
:10CAD0000949497D3F0B0B09080900007B830000D1
:10CAE00024E4C43E04840404FE0484C40000000062
:10CAF000594D771F4263380F071C336000007C8359
:10CB000000008484C4EEA49C9CA4EEC4C4840000F1
:10CB1000000005241444447F3F04143464050000DD
:10CB20007D8300002424E4AE2464A434BEF4140401
:10CB30000000000042424A7E3332323A2E22620224
:10CB400000008583000004C4E49E848484E4DE84C1
:10CB5000848400000000037F0020203F3820303E06
:10CB6000212000008683000024A4A4AEA4A4F4A481
:10CB7000AEB4B42400000000007F121212127F1223
:10CB800052527F00000089830000242424FE3414C4
:10CB90000404EE04E4F4000000003119077F070DDF
:10CBA00001004F407F3F00008E8300008434640EFC
:10CBB00084C404F40E04C4840000000020310D027B
:10CBC00063202037180C0603000092830000040441
:10CBD000E43E242424243EE4040400000000007CFD
:10CBE00025252525252525257C000000938300008B
:10CBF000C464F46E64E464646E64E42400000000C1
:10CC000002121F1212161B53527F1F12000098832C
:10CC10000000042424EE243C3424EE2424040000E8
:10CC20000000020A0A0B0A7E7E0B0B0A0A020000B1
:10CC30009B83000092D2B297029292F2FF9A9A825C
:10CC400000000000221E1E1334242427272424243D
:10CC500000009C8300000888681EC808C8E89E88F9
:10CC6000888800000000037F00001F672336183EFD
:10CC7000236000009E83000032125257525E5A52C7
:10CC800057521232000000002121111F0701013FFD
:10CC9000212121390000A0830000445454DED4F443
:10CCA000F4D4DE544444000000004263331F060302
:10CCB000434E486939030000A883000004E4E4AE51
:10CCC000A4BCB4A4AEA4E40400000000007F7F2252
:10CCD00022263E1A1A3A27640000A9830000042481
:10CCE000E42E24E4A424BEF4140400000000080987
:10CCF0000949497D3D0B0B0908080000AA83000083
:10CD0000642464FE341404F40E346444000000000F
:10CD100009496D7F0D4525373D7D47610000AB8397
:10CD2000000004E4A4BEA4A4A4A4BEA4E4040000DF
:10CD30000000484B6A2A3A1E1E3A2A6A6B480000D5
:10CD4000B08300008888E89E88C868485E48C8C8E4
:10CD50000000000010181F086931180F0E10216024
:10CD60000000B18300000424E4AE24F4F424AEE413
:10CD70002424000000002232121B0E7F7F0E1B12A3
:10CD800032220000B28300008AB28217D2F29AD215
:10CD9000D792929200000000300F0F123222222F01
:10CDA0002F2222320000B3830000E4E424FEC48476
:10CDB00084849EE4E484000000003F3F121F1F00B3
:10CDC000060C407F3F000000B48300000404E4BE72
:10CDD000A4A4A4A4BEE40404000000007C7E3212DB
:10CDE0001A0F0F1A12427E3E0000B6830000888898
:10CDF00048DEA8B8B8A8DE488888000000002020D7
:10CE0000262820222C20382620200000B78300006E
:10CE10009272E2BF828282F2FF92A2820000000040
:10CE20000426331F20101C07030C10200000B883B9
:10CE300000004A72F2D7424242FA47527242000060
:10CE4000000024263B3F30180F033F20203800000D
:10CE5000B9830000E4A4A4BEA4A4A4A4AEA4A464C2
:10CE60000000000020242424243F3F242C342420CC
:10CE70000000BA8300007414D45ED4F454545ED419
:10CE800014740000000010101714141515145545E3
:10CE9000643C0000BC83000004C4648E84444444A9
:10CEA000FE444444000000002527273534070704CA
:10CEB0007F4447670000BD830000444444DEC474DF
:10CEC00044C4FE644444000000000765351E0404A9
:10CED00004047E0505050000C08300003212D2D78D
:10CEE000929A9A9217129272000000002231120C4C
:10CEF00006011F3F202427380000C183000084D48E
:10CF0000D4DED4F4F4D4DED4D48400000000007C59
:10CF10007E1A1A1A1A1A5A7E3E000000C5830000B3
:10CF2000E424A4BEA4B4B4A4AEA424E4000000008D
:10CF300000007F2A2A2A2A2A2A3B78000000C78379
:10CF400000008484E49E84848484FE8484840000BD
:10CF50000000642F181E33007C242724247C00004A
:10CF6000CA83000084E4B43E24A42424AE24E4E470
:10CF7000000000000124351F0C7F0C1754447F0370
:10CF80000000CC83000004E424BEA4A4A4647E2496
:10CF9000E40400000000007F222A262F2F262A22E8
:10CFA0007F000000CF8300002424643E2424242436
:10CFB0003E24E4240000000061330C001F09090F27
:10CFC0004F407F000000D483000002F25257F2026B
:10CFD000F21257527232000000003E0722223F0038
:10CFE0003F2317191F330000D68300000404F45EAA
:10CFF000545454545EF4040400000000007E2B2BB3
:10D000002B2B2B2B2B2B7E000000D883000084843D
:10D01000E48E8404C4240E64C404000000001807D5
:10D020007F020423392E232C39630000DC830000A7
:10D0300024A4A43E24E424343E94D404000000003C
:10D04000642435140C7F7E0C143524240000DD8309
:10D0500000004444F44E4444F4444E5464440000FC
:10D06000000044467F02601C472F393D67400000A6
:10D07000DF830000C2E2F25F5AD2F2724742C2027C
:10D0800000000000202333120E071E3E262E233000
:10D090000000E08300008424641EC44444E4FE4491
:10D0A00044C400000000601900704F632739193D27
:10D0B00027600000E1830000C2C2129F12D2F2B2C8
:10D0C0009F4202C2000000003F3F24262B2F27234F
:10D0D0002624203F0000E58300004444F44E4444ED
:10D0E000E4242E2434040000000018077F03067097
:10D0F0001F01017F01010000E9830000242424EEC8
:10D1000024343424EE2424240000000001017D2571
:10D1100025252525257D3D010000EA830000646466
:10D12000242E243434242E246464000000001909C1
:10D130007D272525252525257D010000F08300007C
:10D140001212D23712E23232F712FA020000000055
:10D1500023233F01390F103F1718073C0000F183CC
:10D16000000084A4A4AEA4F4F4A4BEA4A48400008B
:10D170000000404A4A2D3F3634356D474242000098
:10D18000F28300004444444EE40404F44E44444416
:10D1900000000000090909097F00007F0909090949
:10D1A0000000F883000022E2BAB7A2A2C2E2BF32B6
:10D1B000428200000000380F20201F0000081811D4
:10D1C00030000000F98300008292320F02F2929246
:10D1D0009F92F2020000000020190E20203F24241C
:10D1E00024243F200000FD8300000404F44E444446
:10D1F00024E42E24E464000000001D457F3F051D4B
:10D2000060311E1E33600000018400002424F4FEFF
:10D21000A4A4A4A4EEF424240000000048682F3F36
:10D220000A0A0A0A1F2F6848000003840000242409
:10D2300024EE243434A4EE24242400000000080A40
:10D240000909097C7E09090B0A0800000484000012
:10D25000C464B4EEA4A4A4A4AE24E4E400000000DA
:10D26000001A3B22223F22227A407F0700000684D8
:10D27000000004E4A4AEA4F4E4A4AEA4E40400001A
:10D28000000010131A1E1613127E12121310000043
:10D290000B84000094D4D4DED4F4F4D4DED4D4943B
:10D2A00000000000484A5A5A7E2B2B3A3A4B494814
:10D2B00000000C840000F2F2929FF202F2929F9220
:10D2C000F2F2000000000F070404371807022222C0
:10D2D0003F1F00000D8400009434640EA4A424E4D5
:10D2E0002E24A42400000000213108040407047F38
:10D2F0000406050400000E840000445454DED4F4F7
:10D30000F4D4DE544444000000004745555C7635B3
:10D3100035343C25454500000F8400008484C47EDC
:10D32000342424A4FE64040400000000017E2A2AA0
:10D330002B282A2B2A2A7E0000001184000084C496
:10D34000F45E4444F4444E444444000000000101AF
:10D350007F2929293F292929292000001884000034
:10D360002424A4EE34342464EEA424240000000019
:10D3700023251505457D3D050D15250300001C845D
:10D380000000C444F44EC4040404FE4444440000B9
:10D3900000001F007F101F007E222322227E00003B
:10D3A0001D84000004E4A4BEE4A4A4E4BEA4E4E458
:10D3B000000000004044662A3B32121A0A060200AE
:10D3C0000000248400006424242E24A4A4242E24F9
:10D3D00024640000000020272725253F3F25253F06
:10D3E0003760000025840000E424A4BEA4A4A4A403
:10D3F000BEA424E40000000000783B2A2A2A2A2A3E
:10D400002A2B7800000026840000E42424AEE46483
:10D4100024A4AE2424E4000000006024351747470C
:10D420007D04141624200000278400004454545E18
:10D4300054F4F4545E54F44400000000603D01399B
:10D440000D3F3F0519017F00000028840000E424FF
:10D45000A46E0444C4547EC4C444000000007F0889
:10D46000090E3E0F0101010101010000318400009D
:10D470007414545E545C54545E54147400000000E0
:10D4800020202F2D2D2D2D2D2D2F202000003884F4
:10D49000000004E4243E04F4F4242E24E4040000F8
:10D4A0000000406725351D0F0F153525676000000A
:10D4B0003C8400000474545E740404745E54740468
:10D4C0000000000006070F0F0F0F4F4F4F7F07069A
:10D4D00000003D8400008434249EC464F4A4BEE4AF
:10D4E00064040000000020390C00067E2725252753
:10D4F0007E0200004684000004C4F41EE4A4A4A438
:10D50000BEA4E40400000000037F3F2424140C7F29
:10D510000C1434240000518400004444F4FE4444BC
:10D5200044444E44F4440000000065653F3F253507
:10D53000000744407F0000005784000084A4A4BE7C
:10D54000F4F4A4A4FEA4B4840000000004063E3E4B
:10D550002B2B2B2A2A2A7E00000059840000848469
:10D56000E49E8484E4243E2424E4000000001806A1
:10D570007F0306007F252525257F00005A840000B3
:10D580001414F45E545454545EFC1414000000004F
:10D59000043C3F25352D25252D37242400005B84B0
:10D5A00000000404F45E545454545EF4E404000097
:10D5B0000000080C3F33332B2F2B73437E060000F3
:10D5C0005C8400005454F4FE541414D43E14D4F477
:10D5D0000000000049496B2B391D1F39286A4B4850
:10D5E000000061840000C4E4B4BEA4E4A4E4AE245A
:10D5F000A4E400000000003E3E16163F16567E4092
:10D600007F0F00006384000044D4D4DED4F4F4D44B
:10D61000DED4D4440000000020373636363F3F3693
:10D6200036363720000069840000C44464DEC4C478
:10D63000C444DE4444C4000000003F12121F1F3FD8
:10D640007F424342427300006B8400002222FA2F83
:10D65000222202F25752F2F2000000001F1F0909B5
:10D660000F301F0702223F1F00006C84000094D47B
:10D67000F47ED4D414F4DE545414000000004A6A3A
:10D680002B1D0908080B7E0A0A0B00006D840000A0
:10D69000E4E4A4BEE4E4A4A4BEA4E4040000000006
:10D6A0003F7F14141454622E3A3A2E6200007184A3
:10D6B0000000844474BEE4A4A4E42E24E404000026
:10D6C0000000601A03794047594163023960000045
:10D6D0007384000002F25257D252527ADF12DA12E9
:10D6E000000000003E073517090D33100F1F2138C9
:10D6F0000000758400000454D4DE74041474EE94A5
:10D7000044240000000042652535151F0F1D153506
:10D7100065030000768400001414D45E545C5454F5
:10D720005ED41414000000000E020B0B4B4B7B0B5D
:10D730000B0B020E00007884000004E4A4AEA4E405
:10D74000E4A4AEA4E40400000000603B027A424777
:10D750004B42620A1B2000007A8400000434745E8D
:10D76000545454545E7434040000000021213F2BB3
:10D770002B2B2B2B2B7F21210000828400002424C3
:10D7800024EE24343424EE24242400000000033D3D
:10D790003D05057F7F05253D1D03000087840000B2
:10D7A00004E424AEA4A4A424FE2434A400000000B5
:10D7B0007C0F402F1E102F603F3C67700000888454
:10D7C000000004F4242EA4A4F4E46E2434840000A5
:10D7D0000000003F3F2B2B2B2A2B2B2F7D0100001D
:10D7E000898400000464745E54F4F4545E74640428
:10D7F00000000000016D3F23331B0F13332F214125
:10D8000000008B84000064C4F40E4464B4B4AEE43D
:10D8100064040000000008047F0406071D15447F0F
:10D82000040400008C840000444474EEC4F4F4C486
:10D83000EE7444440000000045455D7C36353534C7
:10D840002C25454500008E8400008434640EE46479
:10D8500024A4BEB4D40400000000213109603F00BC
:10D860007F21212F3C6200009784000084A4640E75
:10D87000E4A4A4B4AEA4E4E40000000060390D0008
:10D880007F2222361E1A2B670000998400003494F0
:10D89000D4DED4D4D4D4DED4943400000000446A5E
:10D8A0002A3D554F7C040E32202000009C8400004D
:10D8B0002424242E240424242E24242400000000C4
:10D8C0001D457F3F0D1919457F3F051D0000A184AF
:10D8D0000000A4A4A4EEA4B4B4A4EEA4A4A40000E4
:10D8E00000004162221A0E0B4B4A4A7A02010000E4
:10D8F000AF840000F494FFF4F49F94F400FC00FE65
:10D90000000000101F223F3F3F02223F0023203F24
:10D910000000B28400009494242EA4A4A4F4AEA425
:10D92000B4A40000000060390C007F0A0A7F0A4A94
:10D930006A3F0000B4840000C27A42C772C242F259
:10D94000979292F20000000023321F0302271C0767
:10D950000222321F0000B8840000444454DE54D434
:10D96000F4B4BEC444040000000044360B096A0B42
:10D970000978090B32620000B98400002424A4BE97
:10D98000E4A4A4E4BEA4A424000000002125150DF5
:10D990007F05057F0D1737210000BA840000E4845D
:10D9A000E42EA4E4B4B4AEA4A4A400000000643E39
:10D9B0000F4465241C0F1C3424640000BD84000047
:10D9C00004F4145E54D4D4D45E14F40400000000B3
:10D9D000380B027B434E5A4363221B200000BF8456
:10D9E00000001414D45E545C54545ED4141400002B
:10D9F00000003C7E073F2F2F2F2F3F477E3C00002B
:10DA0000C18400000454545ED47454545E545414BD
:10DA100000000000056D2B2F1D7D7D1B3B2B6D0530
:10DA20000000C48400000AAAAAFFFAEE6AAAAFCADC
:10DA30008A0A00000000003F2A2A2A3E3E2A2A2A9B
:10DA40003F000000C984000064A4A46E24B4B42480
:10DA50006EA4A464000000000C057E262524252564
:10DA6000267E050C0000CA8400004464A4DEE4A401
:10DA700084C4DEA464440000000022261E527E00FE
:10DA800022161A5A7E000000CD840000A2AA2A6F36
:10DA9000EA7E6A6A7F7AEA2200000000003C3E2AA1
:10DAA0002B2B2B2B2B2B3F000000D084000004F4E9
:10DAB00094BEB4B4B4B4BEB4B494000000203C0F1F
:10DAC000081F2A0A4A4B7F0B0B0E0000D18400006E
:10DAD0001414D45E545C54545ED41414000000003A
:10DAE00011115F7D2D252D1D353F69410000D38427
:10DAF000000084C4F41E24E4A4342EE42424000092
:10DB00000000013F7F017D3D252525257D01000089
:10DB1000D684000004F4143ED4DCD4F43E14F4049F
:10DB200000000000007F6A6B6A2A3E7E4B4A4F600D
:10DB30000000DD84000004E404FEE404C474CE4468
:10DB4000444400000000203D24253D25253C242799
:10DB50003C200000DF840000C4E4B4AEE48484040C
:10DB6000EE04E4F400000000212F2A2F2A2F2F00BA
:10DB70000F407F3F0000E08400002424E43EE4F4F2
:10DB8000F4E43EE4242400000000007C05153D1769
:10DB9000151D35457C000000E38400001232D2FFE1
:10DBA0001212D2527F5252D20000000021213F01B6
:10DBB000072027100E1010270000E58400006424C1
:10DBC00024AEA4E4E4A43E2424640000000023293D
:10DBD000293B2A3E3E2A3B2B29230000E6840000F5
:10DBE00004747C6EEC6C6C6C6E7C74040000000041
:10DBF0000513131B1B1B1B1B4F6B3D050000EC8407
:10DC000000001474444E24B4DCD4DEB494840000C8
:10DC10000000613F3F217757567F5656575100000D
:10DC2000F084000062A2DACF82F282F2FFA2A2A206
:10DC300000000000033F3F201C0F183F3F2222221C
:10DC40000000FC84000094B4F45EF4C494B4FE5468
:10DC5000F4040000000006425257753C2A291712AE
:10DC600002060000FF8400006424A42EA4B4B4A41F
:10DC7000AEA4A4640000000004077F007E2A2A2BC3
:10DC80002A2A7E0000000C850000A4A4F4FEA4A4AF
:10DC900084744E4444C400000000271C7F7F1C177E
:10DCA00061300F1C316000001185000004F4949E67
:10DCB000F49494F49E94F40400000000701E0A1A78
:10DCC0005262273A3A6F42620000138500000474E2
:10DCD0007C6E6C6C6C6C6E7C7404000000004B4BB2
:10DCE0004B7B3B2B2B3B7B5B4343000017850000AA
:10DCF00004E4242EE4343424EE2424240000000020
:10DD00007C0F6111077505352701316100001A8507
:10DD10000000E4F4545E547404848E84F48400009F
:10DD200000003F2535453D1524024C407F00000092
:10DD30001F85000022E2BAB7A262BAEAA7A2A2A295
:10DD400000000000380F20301F22331A0F0E1A2255
:10DD500000002185000044E474EEE4243464AEE461
:10DD600064040000000002263515457D3D0515358B
:10DD7000270200002B8500001414F41E14F4F45440
:10DD80005E5454140000000061310F3B0B0B2B0B51
:10DD90007B4B7B1900002C8500002424A46E2424D6
:10DDA000A4643E64E424000000003F303F1252317E
:10DDB0001D013D017D412000378500008494F4DE83
:10DDC00094F4F494DEF4948400000000007E222A8F
:10DDD0003E36363E2A227E0000003885000002F2E0
:10DDE0001207F25A52F2171212F200000000232119
:10DDF000311D0D01013D2121213908003985000027
:10DE0000C4E4B4BEE4C484E47E44C444000000001E
:10DE1000222C223E381641213F1C336000003A85F7
:10DE2000000084A4648EE4A4E4A4AE2424E40000EE
:10DE300000007F7F033F16161F165640603F00000C
:10DE40003B85000032525257525A1AF25752523200
:10DE500000000000311F011F3F213B2F2D2F2B38C9
:10DE600000003C8500000434640E04F454545E54F5
:10DE7000F4040000000001313F100C3F332B2F73DE
:10DE8000633E00003D850000A4E484FEC4E404C4B5
:10DE90007E44C4C4000000007F1C023F4E7F63210B
:10DEA000371C376000004385000084A4E4FEA4E42E
:10DEB000F4B4DEF4948400000000043E3E37353DA7
:10DEC0003D35373E3E0400004885000014F4B4BEE2
:10DED000F4B4B4F4BEB4F41400000000101F1F1D0D
:10DEE0001D7D7D1D1D1F1F10000049850000C4E41D
:10DEF000F4AEA4A4F4A4AEA4A40400000000403036
:10DF00000F0A6A0A0F6A0A0A3A6800004A85000086
:10DF1000046404FE8494A484CE24640400000000FD
:10DF20001C3C43466408383C4046601C0000568553
:10DF300000002454D40EF4B4B4B4BEB4F4140000FD
:10DF400000006A2B29181B7E7E1A1A2A2A6A0000F2
:10DF50005985000014D4D4DED4F4F4D4DED4D4141F
:10DF60000000000064373676465F574666263F60FD
:10DF700000005E85000004F4F4BEB4B4B4B4BEF492
:10DF8000F40400000000213F2D2D3F7F656D3535E5
:10DF90006D45000064850000A4E4E42EA4A484641C
:10DFA0004EE4444400000000165A4D3F030C18395B
:10DFB000296F4949000068850000E4E4A4EEA4E468
:10DFC000A4A4EEA4A4A4000000003F034E381F0840
:10DFD0004E63300F3063000072850000C47464CE5D
:10DFE00064D404E42E243414000000001715157FB7
:10DFF0001517703F01017F0100007485000084C483
:10E00000649E8404E4647E64E404000000006D6D9A
:10E010002725647C457D457D457C00007985000091
:10E0200024A464AE2434F4A4EEE4A4A4000000000C
:10E03000692D3F1D06037F2A2A3F2A2A00007A8580
:10E04000000084F4D4DED4F484E4EE84A4840000DC
:10E050000000203F2A2A2A7F10603F3866720000A5
:10E060007B85000004F4545E540444F44E44F444AC
:10E0700000000000643F253D350464170404376444
:10E0800000007E850000721ADADFDAFAFADADFDAE7
:10E090001A7200000000003E2A2A2A3F3F2A2A2A3C
:10E0A0003E000000848500009434240EE4E4E4F48F
:10E0B000EEE4F4F400000000603908080F3A2A0F7B
:10E0C0004A7A0F0F00008585000044F444CE84F4A2
:10E0D000B4B4BEB4B49400000000673D1E333F0BDF
:10E0E0001B3A4A4B3F0B0000878500004424946E86
:10E0F00044744464EE7444C400000000067F003998
:10E100000D053D11633F1F6100008F8500004454E1
:10E11000547E545C54547E545444000000006030DB
:10E120000F7B4B5B5B4B6B2F3F2000009B85000000
:10E13000C444744EC40424E43E24E42400000000DB
:10E140007F292929390A0A0B7E0B0B0A00009C85BE
:10E150000000E4E4242EE40424A43E24A4240000CB
:10E1600000003F7D25253D3E0A0B7E0A0B0A00007C
:10E17000A485000024E4A4AE2444E4E41EE4444462
:10E180000000000027331C0729293F3F203F292991
:10E190000000A8850000C27A6A6F7A6A6A7A6F6A9C
:10E1A0007AC20000000021253F171D0D053F2D25D7
:10E1B00025110000AA85000092F29A9FF29202F2C5
:10E1C00097929A8A000000001A263F1F0E3A3C07D9
:10E1D000003F3F000000AE85000044E4C4FEE4744C
:10E1E00004E47E44C44400000000457D36353D050E
:10E1F00063211E1E33600000AF850000027A6A6F43
:10E200007AEA6A7AEFEA7A020000000005073F3FE7
:10E210002B2B2B2B2B2B3F010000B085000024B4AF
:10E22000B4BEB4F4F4B4BEACA42400000000503773
:10E230001617761F3F77161637500000B785000077
:10E24000E434B4BEB4F4F4B4BEB434E4000000006A
:10E25000047C0D0D7D0F0F7D0D4D7C040000B985F4
:10E2600000000C2CECEEECFCFCECEEECEC0C0000FA
:10E27000000047515F5F5F7B7B5B5F5F5147000042
:10E28000C18500001494F4FEF4FCF4F4FEF494143C
:10E2900000000000682F281F1D7D3D1D1F2C2F68CA
:10E2A0000000C9850000A4A4F4AEA42424F42E2404
:10E2B000F42400000000320E7F0E1A017F2B2B2B5E
:10E2C0003F3F0000CF850000E484E42EA4A4A4A472
:10E2D000FE24BCB4000000003D643F003F151D77E4
:10E2E000311F63600000D085000024E4B4DE4444A4
:10E2F000E4A4BEA4A4E4000000002B15556F3C402C
:10E30000271C047C44670000D3850000C4E4B4EEFD
:10E31000E4844474CEC47444000000002F2A2A2FE1
:10E320002A0F09097F7F09090000D5850000A4A4F0
:10E33000F4AEA404E464EE64E40400000000320ED1
:10E340007F0E127C05151F15757C0000DC85000012
:10E3500054D4F4DED44464B4EE24A4E400000000F9
:10E360000524251A5B7D3D1B1E2525040000E48540
:10E370000000F4F494FE045444F44E645444000049
:10E3800000007F05447F05271B513D192F05000024
:10E39000E98500008424248EE4E4A4F49EF4B4848B
:10E3A00000000000201908047E37353F35377E060F
:10E3B0000000FB8500008434240E84F4D454DEF481
:10E3C000848400000000601900692A3A1B7C1B1A33
:10E3D0002A6B0000FF850000642CECEEECFCFCECEA
:10E3E000EEEC2C64000000000C0E7F3232323F3E17
:10E3F0003232322000000586000064B4D4EE74D4BA
:10E4000074D48EA4A4A400000000027F004B2B1B38
:10E410001B2B08407F0000001186000004F454DE2E
:10E42000F4DC54D4DEF4D454000000003E07131A88
:10E430007F2A2B2B2A2B7A03000016860000E4D4B7
:10E44000DCDEF484A4E4BEA4E4A4000000006B2A93
:10E450002A1A1B7C7D191B292969000027860000C8
:10E460001424048EE42464FCFEF4B4640000000070
:10E47000613F3F2F634F4F5F5D454B490000298649
:10E48000000064FC74FE74F46434DED4B414000040
:10E49000000040293D0F4D4D3D0B0E2C2941000041
:10E4A00038860000EAAAFAFF2AEA72FA57FA5252AC
:10E4B000000000003F151414153F3007351F051DDF
:10E4C00000003C86000004F454DEF4D45C54DEF416
:10E4D000D454000000007C0F2D2C2D7E017F2C2DAC
:10E4E0002D2500004D86000000E0202020BE2828B9
:10E4F0002828686000000000781F0206023F3222D0
:10E500002223301800004E86000000F8086828FF1B
:10E51000EAAAAAAA9AD8000000003C0F20301E02E6
:10E5200002023E20203800004F86000000F010500C
:10E5300050FED454545434B000000000780F4464AA
:10E54000243C0F0545453D0500005086000000F8BD
:10E550000828287FEAAAAAAA9A58000000003E07C5
:10E56000043E3E262626262626240000518600004C
:10E5700000F010D050FED454545434B000000000C9
:10E58000780F30180079454D4961093100005486F3
:10E59000000000F0105050FED454545434B0000029
:10E5A0000000780F44446C3C37373D6D4544000013
:10E5B0005A86000000F80828287FEAAAAAAA9AD852
:10E5C000000000003C2F222C203F203F282C26203A
:10E5D00000005E86000000F01030307E74F4F4F429
:10E5E0007470000000007E0F505777361E1E3637BD
:10E5F00057500000628600009A829EF39D80F828A2
:10E60000FFAAAAFA000000000006203F003F2738BA
:10E610000E023E3000006B86000000F8888888FFFC
:10E62000FE888888F8000000000010101010101FED
:10E630001F10101E183000006C860000F01010FE35
:10E6400010F000FCFE000000000000002321313F1C
:10E65000313D201F7F40407808006E860000F8881A
:10E66000FF88F800FE0202FEFE000000000011100C
:10E670001F0A1C301F00001F3F3818007186000061
:10E68000CACA4A4AFA4A4AC202FE00000000000012
:10E690001313121A1F12161B30073E30080079861A
:10E6A0000000F010FE10F0000404FCFC0404000064
:10E6B000000033311F111D3020203F3F202020005B
:10E6C0007A86000004FC0404FC04F090FE9090F0B4
:10E6D00000000020380F00003F2424242724273E78
:10E6E00000007B860000F010FE10F01010F0161CE9
:10E6F00010101000000033311F111D30003F20208A
:10E70000202000007C860000F010FE10F0607C4E9F
:10E7100048C8C8080000000023213F313D00784C64
:10E720004341407000007D86000000CE4E4A4AFA08
:10E73000FA4A4A4ECE000000000010171212121FB3
:10E740001F12121A1B3000007E860000F010FE100F
:10E75000F0040404FCC484040000000023313F11D1
:10E760003D2000007F00000100007F86000062A2C3
:10E77000B29E8ECACAAAAAAABA0200000000101746
:10E780001414141F1F141C1C172000008086000086
:10E79000F09E907030F01010FE10F0F000000000BD
:10E7A000007F3F10102322223F223B73000081860E
:10E7B0000000F010FE10F00078C01C90F01C00006B
:10E7C000000033311F111D70301B0E1F316000001F
:10E7D00082860000F010FE10F004F4040484FC00B3
:10E7E0000000000023313F1D390809094949613FF4
:10E7F00000008A860000F010FE10F01030D01618CD
:10E80000F0100000000033311F111D6020310E1F79
:10E81000316000008B860000F888FF88F8F8F888DF
:10E82000FFC808F80000000019180F0A1E3F3F0734
:10E830000021273F00008C860000F010FE10F01031
:10E840005050FE5050500000000033311F111D3455
:10E8500004047F04040400008D860000F010FE1004
:10E86000F0FCFC4040FC40200000000013111F0D94
:10E87000193F3F10103F2038000093860000F01031
:10E88000FC10F0C4C4447C0000FC000000202331D4
:10E890003F15390141413F00007F0000958600008F
:10E8A00088CAEABA8ECECA9ABAEACA8800000000BC
:10E8B00010101312121F1F12121F183000009C8616
:10E8C0000000F010FE10F0E4B4848484FC84800026
:10E8D000000027223F1A3B10184C47633F000000FE
:10E8E0009D860000F010FE10F048486CFC64262065
:10E8F0000000000023313F15390606067F424371B0
:10E900000000A3860000F010FE10F0C0701E80040E
:10E910003C604000000033311F111D20303E232099
:10E920003E780000A486000040C2E6AEBAF6FABA0D
:10E93000AEE6C2400000000010171714141F1F1489
:10E940001C1F17200000A7860000F010FE10F060CA
:10E9500030980E0CB0600000000033311F15396094
:10E960003C0F00007F000000A8860000F010FE10A1
:10E97000F0001010FE1010100000000033111F15E1
:10E980001D61311D070D31610000A9860000404C5A
:10E990004848487EFE4848484C4000000000202F70
:10E9A0002929293F3F2939392F400000AA86000034
:10E9B000F010FE10F00040881000FE000000000083
:10E9C00033311F111D280C0404067F060000AC869D
:10E9D0000000F010FE10F000FC04F40404FC000041
:10E9E000000023311F153D6021180F7E407100008B
:10E9F000AF860000F010FE10F000F8FC4444C64062
:10EA00000000000023213F313D203F3F20203F20D8
:10EA10002000B0860000F010FE10F0F0F010FE10A4
:10EA200010F00000000033311F19397F7F223F2290
:10EA3000227F0000B1860000F010FE10F0203CFEA6
:10EA4000F05050500000000033311F111D20003FD6
:10EA50007F0404040000B4860000F01C10F0407C29
:10EA6000C42010FE10F000000000331F173D180EE8
:10EA70000B7E1E43603F0000B5860000F010FE10C4
:10EA8000F0E4E424E404FC040400000033311F1526
:10EA9000390F070447407F000000B6860000F010E1
:10EAA000FE10F010FE101010FE10100000003331A8
:10EAB0001F1539007F2121217F000000BA86000048
:10EAC000F010FE10F0F8F848FE4848F8000000008A
:10EAD00033311F1D3D7F7F040744643F0000C08623
:10EAE0000000F010FE10F0101010FEF010100000EA
:10EAF000000013111F191D2021213F3F212100007B
:10EB0000C4860000F010FE10F0101010FE1010105F
:10EB10001000000023313F1139207E222322227E63
:10EB20000000C6860000F010FE10F000FC444444D3
:10EB3000FC000000000013111F151D203F2222229F
:10EB40003F202000C7860000F010FE10F03808C8F3
:10EB50000E0C88B80000000023213F313D20007FCB
:10EB6000434141701000C9860000F010FEF0406083
:10EB7000301C4E1830600000000033111F1D38009B
:10EB80000919316D07000000CA86000000383828D6
:10EB900028FCFCA8A8F8B80000000000213D2525AD
:10EBA0003D24243C24243C210000CB86000062B29A
:10EBB0009E92B2BEBEAAAAAAAE22000000003037C2
:10EBC0001414141F1F14141C17200000CE860000FC
:10EBD000F018FE10F0FC2424E4242424000000009B
:10EBE00033111F1D793F603C0741613F0000CF8614
:10EBF0000000F010FE10F0849CF464F49C8400008B
:10EC0000000037111F11392424243F24242400003C
:10EC1000D0860000F010FE10F0F010FE10FE10F094
:10EC20000000000027323F1A337F223F223F227F1D
:10EC30000000D1860000F010FE10F020F83CF23405
:10EC400038200000000033111F1D390F09097F090A
:10EC500009090000D4860000F010FE10F0FC04E466
:10EC600024E404FC0000000033311F153D7F202701
:10EC70002427207F0000D8860000F010FE10F090BE
:10EC8000969CF0989E900000000013111F0D1D042B
:10EC900004047F0404040000D9860000F010FE1074
:10ECA000F04048487E4848480000000023213F11BA
:10ECB000392424243F2424242000DB860000F01083
:10ECC000FE10F0603C10FE10101000000000331128
:10ECD0001F1D1D3119077F070D310000DE86000062
:10ECE000F010FE10F0404C44FC4446400000000090
:10ECF00033111F1D39007E222322227E0000DF8671
:10ED00000000F010FE10F088E8280E08A8C80000E7
:10ED1000000033111F151D6020331C1F31600000DF
:10ED2000E4860000F010FE10F060705C4E587060D9
:10ED30000000000033311F113D307E2222227E0070
:10ED40000000E986000022223E2272F09E0A123E56
:10ED50007E600000000010373515151F1F151D1DA2
:10ED600017200000ED860000F010FE10F044647CD7
:10ED70004C4474C40000002023213F313D2424244E
:10ED80003F2424240000EE860000446414047C86A2
:10ED9000867C0414244400000000202F2929293FE8
:10EDA0003F2929392F400000F086000028A8FE28BE
:10EDB0002888E87E4808F88000000000606E6A2A13
:10EDC0002A3F3F2A3A3A2E600000F1860000F010F8
:10EDD000FEF00028E808FE08680800000000331173
:10EDE0001F1D7921310F071D31610000F2860000DF
:10EDF000F888FFF80044273E34745C64000000008B
:10EE000011180F0E39311F03013F21310000F38625
:10EE10000000F0FC10F000F8FE04E4FC24E4000024
:10EE20000000233F1D1D60300F001F7F101F0000DA
:10EE3000F4860000F010FE10F00898F8CEE8B8084C
:10EE40000000000033311F1D19613D0E00007F01DD
:10EE50000000F8860000F010FE10F004FC203E20B8
:10EE600038EC0000000033311F113D307F050545AF
:10EE7000457F0000F9860000F010FE10F0C45454E5
:10EE8000F47C4CC40000000033311F1D397F090998
:10EE90007F49497F0000FE860000F01C10F04844C6
:10EEA000FC4640FE445800000000331F151D044678
:10EEB0007F42321F7661100000870000406EBABAB0
:10EEC000AEEAAAAEAA2AEEEE00000000001313126A
:10EED0001A0F0A0E3B203F01000002870000F010CD
:10EEE000FE10F0905C76A4744CC00000000023314A
:10EEF0001F15391115157F15151100000387000026
:10EF000000FE12F6D656D6365676B69200000000AF
:10EF10003F03161715151F15151D1F300000078715
:10EF2000000024A4FE3414C07C1412F2121000005D
:10EF30000000602E2A2A2A3F3F2A2A3A2E6000002B
:10EF400008870000F010FE10F0BCA4A4A4A4BCBC70
:10EF50000000000033111F1D3D64241C0F1C24649D
:10EF6000040009870000F010FE10F054744474C4CB
:10EF7000F60A0000000023313F193D0444447F0598
:10EF8000040400000A870000F01C10F048CCFC4488
:10EF900040F800FE00000000331F1D1D0C037F031E
:10EFA0000247407F00000D870000F010FEF0203087
:10EFB000584CC648503000000000333F1F1D311927
:10EFC0004D417F010D39000012870000F88F88F84D
:10EFD000223AE620F606FE2300000000111F0C1E58
:10EFE000301F1F3027242724200013870000F88FAC
:10EFF00088F8223AEE2426FE222200000000111F8B
:10F00000081E301F1F3424272424200015870000E9
:10F01000F888FF88F8F8FB8E888C8FF800000000D5
:10F0200011181F1A3C301C07003F203800001787BA
:10F030000000F010FCF000BCBCA4E4A4BCBC0000C8
:10F04000000027323F3F307F180C0744487F000004
:10F0500018870000F010FEF0B08EF88888F808F8E5
:10F060000000000033111F1D70380F1C183F103FA7
:10F0700000001A87000044545454FE0000FE54540B
:10F08000544400000000202E2A2A2A3F3F2A2A3A10
:10F090003E6000001C8700009CE484F4CCCEB6B433
:10F0A000DC64645C00000000202E2E2A2A3F3F2AE8
:10F0B0002A3A2E4000001E870000F010FEF00008E3
:10F0C000FE484848FE080000000033111F1D306450
:10F0D000370505053764040021870000F010FE1095
:10F0E000F048487E48487C480000000033311F1536
:10F0F0003D007F2929293F7F000022870000F01072
:10F10000FE10F0202424F42C2420000000003311F1
:10F110001F1D19407E7F437E427E00002387000032
:10F12000F888FF88F8A4A7A6FCA6A7A40000000002
:10F1300011181F081E30180F1F3F203800002587A8
:10F140000000F0FC10F010F0FE10F844C442000083
:10F150000000331F113D06037F211F007F000000C8
:10F1600029870000F010FEF000FC8494FC9484FCDD
:10F170000000000033111F1D781F001E125E407F2B
:10F1800000002E870000F01C1CF008C848C808FECC
:10F190000ACC00000000331F1F1D180B0A6F341F1C
:10F1A0007F60300031870000F010FE10F0F8282852
:10F1B000FE2828F80000000013111F1D1D090D0B6B
:10F1C000097F0909000034870000F010FE10F07C70
:10F1D000FC5454547C7C0000000023311F153D3248
:10F1E0001967394F413F000037870000F010FEF0EB
:10F1F00080909CF0BE909C800000000033111F1D89
:10F200003C027F424A4E433200003B870000F01030
:10F21000FE10F054D4D4FED4D4D400000000333116
:10F220001F1539007F0A0A4A7F3F00003E87000011
:10F23000F010FEF000FC9494FC9494FC000000009C
:10F2400033111F1F20321A067F061A3200003F8733
:10F250000000F01C1CF000F868C8CEC848D80000B8
:10F260000000233F1F1D33611E07007F44672000FD
:10F2700047870000F010FE10F0C05C54F4545CC0EE
:10F280000000000033311F1D391F0A0A7F4A4A6FF0
:10F29000000048870000F01C1CF0FCFC9494F494DF
:10F2A00014FC00000000331F1F3D3F7F242427254E
:10F2B000247F000049870000F010FE10F0F0565C3B
:10F2C000F05856F00000000033311F1D390B0A0AB8
:10F2D0007F0A0A0B00004C870000F01C1CF048CC91
:10F2E000FC44C090FCFC00000000131F1F1D040321
:10F2F0007F030C057F3F00004E870000F010FEF0FA
:10F30000007CD4545454547C0000000033311F1D41
:10F31000321F11191759513F000053870000F01C8C
:10F320001CF020B0B8ACA6A838F000000000331FD5
:10F330001F3D007F0A7F3F0F407F0000578700007E
:10F34000F010FE10F0F8F8ACAEA8A8F8000000002D
:10F3500013111F11392A2A2A3E2A2A2A0000598706
:10F360000000F808FEF800F8A8A8ACA8A8B80000AB
:10F37000000033111F1D3C077F043F3F447F000006
:10F3800060870000F010FE10F0047454545474743C
:10F390000000000033311F1D397F29293F29297FB3
:10F3A000000063870000F01C10F010F69C90784E6F
:10F3B000C84800000000331F151D780F403F44442B
:10F3C0003F04000064870000F010FEF000E82EFC0F
:10F3D00028FC2EE80000000033311F1D307F2A2951
:10F3E000282B2A7F0000658700005454BCFC14348D
:10F3F00098DE6664DC8400000000202E2A2A2A3F62
:10F400003F2A2A3A2E4000006E870000F010FE10BE
:10F41000F038FE56545454F40000000033111F1D00
:10F4200079682D3F353D2D61000070870000F01098
:10F43000FCF04068784CEE4878680000000023310A
:10F440003F3D302929293F292929000074870000E0
:10F45000F01C1CF01010FE10FCFC24FC000000004E
:10F46000333F153D3F1F117F3F03427F00007687EA
:10F470000000F0101CF008FC087C48487E080000E2
:10F48000000023311F1924251D0D7F1D3525000087
:10F490007B870000F010FEF000E828A83EE828E88E
:10F4A0000000000033311F1D307F05053F45447FBC
:10F4B00000007C870000F010FEF000D05C30FE30D1
:10F4C0005CD00000000033111F1D30426E3F333A04
:10F4D0002E6200007D870000F010FE10F0A8A8E862
:10F4E000BEA8A8880000000033111F153D067F2A22
:10F4F0002A2A7F0600007E870000F010FEF0E464F8
:10F500002E24E42E24E40000000033111F1D3131AD
:10F510000D077F071931000082870000F01C10F0F2
:10F52000F8F82CF800FCE4BC00000000331F1F1D9D
:10F530003F3F113D007F101F000083870000F01047
:10F54000FCF000E83838AE3838E80000000033112D
:10F550001F1D3061390F494979010000858700007E
:10F56000F010FE10F000F8A8AEA8A8F80000000007
:10F5700013111F1D19383B7E464A7A3B00008887CD
:10F580000000F010FCF000FCE4F49C9494F4000003
:10F59000000013111F1D380F394B423E0A3B00007B
:10F5A0008B870000F010FE10F0FCA484FEA4A4FCE5
:10F5B0000000000027323F1A33622E3A333A2E629F
:10F5C00000008D870000B4B4B4B4B4B400F010FEF1
:10F5D00010F0000000007F080E3C4A7F0063223FCD
:10F5E000227B000093870000F01C1EF040D4D47CE6
:10F5F0005ED4D45400000000331F1F1D3125350D8B
:10F600007F0D3525000097870000F010FEF0F0FC1C
:10F610005454FE5454F40000000033111F1D790FA0
:10F620007D2527253D3D00009F870000F010FCF060
:10F6300000FC54545454F4FC0000000013111F1D2E
:10F6400014653505071535650000A8870000F01C16
:10F650001CF024A4AEE4A4EEA4A400000000331F18
:10F660001F1D307F0C071C47487F0000AB87000040
:10F67000F4D4BC9E7474909C6E68B888000000003E
:10F68000202E2A2A2A3F3F2A2A3A3E610000AC87D0
:10F690000000F010FEF000F454FE54FE54F400009C
:10F6A000000033111F1D307F2B2B2B2B2B7F0000D5
:10F6B000AD870000F010FEF008F888D8AEF8C8F862
:10F6C0000000000033111F1D307E121E135A527E9F
:10F6D0000000AF8700002CEC7E7EEC2C989C6E68BE
:10F6E000F88800000000212E2A2B2B3F3F2A2A3ABF
:10F6F0003E600000B3870000F010FEF07074DC5034
:10F700005E50DC740000000013111F1D38282929E9
:10F710003F2929280000B5870000F010FCF0047490
:10F72000547C547C54740000000023311F1D343578
:10F730001D457D051D340000BA870000F010FEF065
:10F74000007CD4D47CD4547C0000000033111F1DF5
:10F7500038351F477D04162C0000BD870000602847
:10F760002CACBEF4D4FC2C242020000000002E2A57
:10F770003F2A3E602E2B3F3F3A3E0000C0870000EC
:10F78000F01C1CF00828C8FE4CA8A8380000000097
:10F79000233F3F3D280909097F0908090000C68762
:10F7A0000000F010FE10F0E4AEAEA4AEAEE4000037
:10F7B000000013111F0D1965351D0F1D3565000063
:10F7C000CA87000090905256BEBAFA1E16763010C4
:10F7D000000000002E2A3F2A3E662E2A3F3F3A7E36
:10F7E0000000CB870000F010FCF00024BC64FC6437
:10F7F000BE200000000023313F3D31393C7A4744B0
:10F800002C390000D1870000F01C1CF010D45C548F
:10F81000565CD4D400000000331F1F1D301715158F
:10F820007D1517170000D2870000F010FEF040444D
:10F83000CEF474DEFE640000000023111F1D196960
:10F840003F08087E7F090000D3870000F01C10F0FD
:10F8500030F89C96F49C94F000000000333F191D92
:10F86000202A17556E3E0E390000DB870000F0FCA1
:10F8700010F014D45E54D418CC6600000000333F5E
:10F88000153D202F321E1363310C0000E08700006D
:10F89000F010FCF0A0A4BC64FC62BAA00000000060
:10F8A00033311F1D397F2A2A3F2A2A7F0000E5872E
:10F8B0000000F01CFCF020A8A8BEE8A8BEA800002C
:10F8C000000033111F1D306F2A1A0F1A3A6F000003
:10F8D000EA870000F01CFCF000F4D4D4FED4F4F469
:10F8E0000000000033111F1D301A3A464B422B36E0
:10F8F0000000EE870000F01CFCF000E86E78F86C69
:10F90000EE4800000000231F1F1D327A2B2A2B2AED
:10F910002B7A0000F9870000F87E6CFC6CF8D4BCF0
:10F92000ACF4ACAC00000000016C6C2C2D3F3E2C04
:10F930002C3D2C400000FE870000F01C1CF010F84D
:10F94000DEB6B4DCB0D000000000331F1F1D701FF6
:10F95000007636363676000003880000047C747426
:10F960007476767474747404000000003F0D6D3F6B
:10F970002E3F3A6E3F0D7F4000000A880000F01CC9
:10F980001CF0F8FCA4F4A6E4B4A400000000331FAB
:10F990001F1D7F27353F057F1D370000138800009E
:10F9A000F01C1CF024345E54545E543400000000FB
:10F9B000331F1F1D202F1B577D071F230000158895
:10F9C0000000F01C1CF0186A6A0AFE6A6A7A1000CD
:10F9D0000000333F1F3D317D057F077D457D0000E1
:10F9E00016880000F01CFCF044F4FC6EF4EE642475
:10F9F00000000000331F1F1D70676F36373F2E62F7
:10FA000000001B880000F01C1CF004745E74D47E9F
:10FA100054740000000033111F1D603E0A72273A23
:10FA20006F6200002188000010D0903E7AFADA5A06
:10FA3000DEF03010000000005C543F353D6E5F5436
:10FA40003C3D353D0000228800004226F6FEFEFFC8
:10FA5000F6F6F6362642000000002E2A3F3A3E30E7
:10FA60002E2A1E1E1A1E00003288000090DC10781C
:10FA7000D690FC74545C54DC000000003F22323EFF
:10FA80003F302F293F3F603F000039880000C25AB5
:10FA90005ADADA7E7E5A5A5A5AC2000000005E577D
:10FAA0003D373F434B573F3F343C00003C8800000C
:10FAB000F010FEF080FEFADEE0FEDA5E00000000EC
:10FAC00023311F1D004F5D2C2F3F5C4400004088F8
:10FAD000000000F01010F81E10F01010F0000000F0
:10FAE0000020203F20203F20203F20203F202000DA
:10FAF00044880000F0101EF0F08484FC9C84FC3CE0
:10FB0000000000101F18180F0F2C203F20203F204E
:10FB1000200045880000F0101EF0F0004C70FCFE44
:10FB2000705C000000003F10101F1F1C04043F7F8A
:10FB3000040400004C8800008CC6F3182022222206
:10FB400022E222220000000000003F00000000200E
:10FB5000203F000000004D880080CCE6FB002266BC
:10FB600004222222E22200000000003F3F00380E63
:10FB7000030020203F000000548800008CE633186A
:10FB80002EE724242222E22200000000013F00018F
:10FB9000013F190920203F0000005788000098EC21
:10FBA000324848FE48484044C44400000001017FF8
:10FBB0000032321F121250407F00000059880000AE
:10FBC00098CC6224E47C24E40444C4440000000192
:10FBD000017F00017D25253D41407F0000006188B7
:10FBE000000098E632F0BEE4FCACE044C4440000FF
:10FBF0000000017F004B2A1F1B2A09407F000000E4
:10FC00006288000098E610FEDA7EFE5A7E24E42424
:10FC100000000000017F063F2D2D3F2D2D407F006D
:10FC2000000063880000101090907036FC90101057
:10FC30009010000000000203633F203010130E19E3
:10FC400030200000648800001010109CD03080002C
:10FC500000000000000000000602037F0103040012
:10FC60000000000000006588000010109CF030804B
:10FC700000FEE0C080000000000006037F030304D4
:10FC8000007F0000010300006888000084A4A4A491
:10FC9000A4FEFEA4A4A4A484000000000C04667EBC
:10FCA000212013060C143220000069880000101275
:10FCB000D470901CF4046484F41C0000000006035B
:10FCC0007F036620301F0E1B306000006B88000031
:10FCD0001010DC7090003010888C4600000000008E
:10FCE00006037F030640622131180C0400006C8873
:10FCF00000001010DC709020202020FCFE2000006E
:10FD0000000006037F0305000146407F3F0000001E
:10FD10006E8800002424B4DCECA686C4D494342479
:10FD20000000000008086D7C2623270C18152720EA
:10FD30000000708800004444F4545456545454F461
:10FD400044440000000018080D7D2323330F193DA3
:10FD5000266000007288000008C9EAD840F808E868
:10FD6000FF8808F800000000013F3F03023F060142
:10FD70000023263F00007788000004E4A4A4A4FE2A
:10FD8000F6A4A4A4E40400000000080C6C7C222368
:10FD9000270C1C34226000007D8800001016DC70E7
:10FDA00090040404FC0402000000000406037F0326
:10FDB000072121213F21212101007E8800003030D0
:10FDC00050484C547648D850103000000000120AB9
:10FDD0004A7E2627260B1A2A266200007F8800000A
:10FDE0001096FCB00060301C4E183060000000001F
:10FDF000037F7F0300010101711D0700000081885E
:10FE000000001014D454545E5E5454D414100000F6
:10FE1000000018084B7E2622260E1A3B24600000A4
:10FE2000828800001096FCB0001010FE1010F00048
:10FE300000000000067F7F036131190F071D31614B
:10FE40000000848800001096DCB080888888FC8CD4
:10FE500084840000000002037F030060300C030F65
:10FE60003060000085880000007C44444C565444B7
:10FE7000545C40C00000000012125A7A2627270A5C
:10FE80001A3B2B63000088880000C8681E4868B8C9
:10FE9000007C4444447C00000000120A6A7E26274D
:10FEA000271A1A2A266200008B8800003018FC16D8
:10FEB00010901E3878DE9CC800000000120A0A7EEE
:10FEC0002622270E1A3A262200008D88000084C7B9
:10FED000FCCC30F8F714F404FCFC00000000013FF7
:10FEE0003F01001F3F212124273B00009288000092
:10FEF0001092DC3080FC44444444FCFC00000000D0
:10FF000002037F0322272424242427272000968805
:10FF100000001016DC3080F01010FE1010F0000011
:10FF2000000006037F07007F22223F22227F00007D
:10FF30009C8800001096F89010909090FE90909001
:10FF400000000002037F7F03301806037F030C10BC
:10FF50000000A28800001096DCB0804C7840FE4083
:10FF6000584400000000063F7F03040404047F049B
:10FF700004040000A488000044545454F4F6F474BB
:10FF80007454C44400000000121A39792E2727083F
:10FF9000183925600000AB8800001096F49080F8B6
:10FFA0008888FE8888B800000000037F7F233C4FCC
:10FFB0002336183C27600000AD88000088C84878C8
:10FFC000DEC878FAACBC88C800000000120A4A7E7D
:10FFD0002623260A1A3A26220000B188000088CB80
:10FFE000FA6030FE1310D0FF121400000002013F2F
:10FFF0000101003F301C07010F380000B7880000E6
:02000004080FE3
:100000001096FCB04060704C4E58604000000000FC
:10001000027F3F07007E222222227E000000BC8851
:1000200000001096DC30A030BCEEC8E8B808000034
:10003000000002037F03073F3F2222227F3F000090
:10004000C1880000949494FF9494941FFE12D65497
:100050000000000004161F12160E38180F1F21385A
:100060000000C2880000929AEE6E2A9A02003C803C
:1000700080FE00000000121A4A7E6622270A1A3A01
:1000800026620000C5880000C44C60FE088888888D
:10009000FE88888800000000121A7A7E2623270A2C
:1000A0001A3A2E620000C68800001090DCB0809CD6
:1000B000B080FE80B09C0000000006037F03062491
:1000C00024242424247F0000C98800001096DCB07A
:1000D00080FCA4A4A4A4FCFC0000000203037F0392
:1000E000027F2021271C36620000CE880000109C71
:1000F000F89000BCA4A4A4A4BCBC00000002033F70
:100100003F03202424243F2424240000D28800001C
:1001100004F45454544646545454F404000000006B
:1001200008097D7D2723270D193525200000D48857
:1001300000002424F4F44C4E4E1424744CC40000EB
:100140000000007F093D3B29293B5D457F00000001
:10015000D58800001096DC3080308C6030C49C1054
:100160000000000003037F03027F3F2222227F035F
:100170000000D88800008898B86848FEFE686AFCCD
:100180009C8800000000121A6A7E2623270A1A3A69
:1001900026620000D98800001096F4B0109494FCF8
:1001A0009494FCFC00000000067F7F07180C7F245D
:1001B0002424247C0000DF8800008852248098CC0E
:1001C000407E60341C1000000000121A6A7E262354
:1001D000270E1A3A2E620000E288000088EEF8200E
:1001E00026E8243C27F4242400000000013F0130CD
:1001F000181F1121212F21210000E38800001096F3
:10020000FCB04060584C4E58706040000000037FC6
:10021000030720272C202F382E210000E48800001F
:100220001096F490FCFC24E43EA42424000000007A
:10023000037F03023F090909097F09090000E588D6
:100240000000109EF090E00CE82424E404FC000080
:100250000000027F03027F000F09094F407F00006A
:10026000E88800001096F8B000F8A8ACFEA8A8F83E
:1002700000000002037F7F03080E0B09087F0808B7
:100280000000F08800001096F890C474346CD474A8
:10029000344C00000000037F0102653D1F73633D85
:1002A0003D670000F188000008CEF88088A8A8A863
:1002B000FEA8A8A800000000037F03020C067F210F
:1002C000271C36220000F38800003808EEA8A8ACEE
:1002D000ACA8A8EE083800000000121A7A7A262787
:1002E000270A1A3A26620000F48800004454545445
:1002F000FE0000FE5454545400000000120A4A7ECE
:100300002623270E1A3A26620000F888000010966D
:10031000DC3080FC9494FC9494FC00000000060304
:100320007F0326321A0E7F0E1A320200F98800006F
:100330000474746464F6F46464747404000000006B
:1003400015155B7B2D270F191B2B25650000FC88DD
:10035000000088CAEED800BEEAAAAAAABEBE000063
:10036000000001013F01030D26110E23301F000084
:10037000FE8800001096FCB000FCA4A4E4E4A4BC39
:1003800000000000037F7F03380F7C242727247C94
:1003900000000289000010D6F0004848FE4848FEE0
:1003A000FE8000000000037F010022323F32127FF6
:1003B0007F0100000A89000008CEF88800F8A8A88C
:1003C000AEA8A8B800000000037F03023E0F7F081C
:1003D0003F3F487F0000108900001016DC30807C11
:1003E000D4545454547C0000000002037F03021FC5
:1003F00011191759513F00001289000044E4F48498
:10040000B4B6B4F4B4B4B48400000000101B7B7A1A
:1004100065252E1B1939272200001389000010942E
:10042000F080E0FC007C44C47C7C00000000037F82
:100430000302007F3119077F0F3100001989000086
:100440001096FCB00828A8FE80FEC86C00000000D2
:10045000037F7F03007F7F0A0A4A7F3F00001A89DB
:1004600000001096DCB0C04848FE487858440000B0
:10047000000006037F0302037F2929293F3F000074
:100480001B8900001096F09090D47870FE705C90FC
:1004900000000000037F0306426A3E33323E2662BC
:1004A0000000218900001096FCB00888DE68685CB6
:1004B0009E8800000000027F3F07017D252525253D
:1004C0007C3D000025890000088EFC98FCFEEA2A8D
:1004D0002AEAAA6200000000037F03231F0005151B
:1004E00045447F0700002A89000088CBF84826ECA5
:1004F00000FE2AAAAABE00000000013F0121101F31
:10050000102F2425232400002B89000008CCF8801C
:10051000FC04E4A0FAB2B27200000000037F0332D0
:100520001F701F701D067E630000308900009CD480
:10053000D4F4F4D6D6F4F4D4949C000000000C1447
:10054000167F6C262E1C352E6404000034890000B2
:100550001096F0807C00FE60382E48880000000075
:10056000023F03223E223E223E3E223E00003689CA
:1005700000001096F8B0845C64FC445C74FC0000DD
:100580000000023F3F07007E2A2B2B2A2A7E000014
:100590004189000088EEB840F2921ECE4AFA4ECE53
:1005A00000000002013F0101203F1313121F121B24
:1005B00000004489000084B4B4F4B48686F4F4B432
:1005C000B484000000001415757F2D252D1F3735CC
:1005D0002D6400005E890000FCDCD454DCD0545C47
:1005E000F6F45C540000000012120A7A2627270A4B
:1005F0001A3A266200005F8900001096F090683871
:100600007C28687C7C6800000000037F0302341DA6
:1006100045653D051D250000668900001096F480A3
:10062000386A6A6AFE6A6A3A00000000027F0302C2
:10063000393D057F057D457D00007B8900001096D2
:10064000F4B0347E34FE7E347E3400000000067F39
:1006500003030D1F5B5B3F1B1F0D00007F89000024
:10066000E2F212927E1212FE1212F2F2000000006A
:100670001F3F13111010101111113F1F000081892D
:100680000000027A4A4AFE4A4A7E4A4A7A3200000A
:1006900000002121253F1919191D173131210000B2
:1006A0008389000002BAAAAABEAAAABEAAAABA024E
:1006B0000000000010171715153D3D1515171710F0
:1006C000000086890000C25EB696DEF6363E3636FB
:1006D000BE2A00000000023F0128283F1F17171FF5
:1006E00027200000C189000000FEFE0202FA02027B
:1006F00002FEFE00000000003011190806031F1062
:100700001011111C0000C28900003262C2FE0EFEF0
:10071000FE02FA02FEFE00000000180E030F203158
:10072000190E1F3E21390800C48900004848FF48BF
:100730004800FE02FA02FEFE00000000300E030632
:100740002C30190E1F3E21390000C589000000E63B
:10075000FA2222AEAA2233FF070000000000202761
:100760003710180F053C202720300000C6890000F4
:100770001012DC7000FC0404F40404FC000000000F
:1007800006037F034263301C3F6040731000C7893B
:1007900000008080FE909000FC04F404FCFC00004B
:1007A00000003F1010101F60331C0F7E43731000B9
:1007B000C8890000001EC05E7E505C474CD4840493
:1007C0000000000020203710180F1F382027273086
:1007D0000000C9890000380AEE2828ABAC282CEEAE
:1007E0000A380000000020203710180F1D3C202779
:1007F00020380000CA8900005E505F50D01EFE0203
:10080000F21202FE000000003F1111191920311CE4
:10081000073F20310800CB890000F2D2FE82FAC2E5
:10082000FEFEFA7A02FE0000000013191F0B0929D0
:10083000110D073F20390800CC8900002464A4FE74
:10084000246400FC04F404FC0000000045251C0F97
:10085000142460331F7F40630000CE890000B0B8CD
:10086000AC26289800FC04F404FC000000007F0A79
:100870007F004F7F60231C3F42630000CF89000050
:10088000547E54D47E5440FC04F404FC0000000068
:100890007F0B0B0F4B7F68331F3F40631000D089E5
:1008A0000000C4DEF4F4DEC404FC04F404FC000024
:1008B00000002A2A3F3F2A2A60331F7F406300003E
:1008C000D1890000F05050FED4B434FC04F404FC90
:1008D000000000203F642C3E3E2C66331C3F7C43CE
:1008E0003000D28900001018FC575352F25E565067
:1008F000F00000000000301F030202023F0222222B
:100900003F000000D6890000F0FCA6FCE0E01010DB
:10091000FE10F0F0000000007F07045F7F7F613D64
:10092000070F39610000DA890000F82EE43CE4008A
:10093000FC04FC04FE02000000007F053F457F60D0
:100940001F707F38633E0000DC8900109EDED8BF38
:10095000BAAAAFFFB49292180000000021190F0A42
:100960000A0A3F0A2A2A3F000000DE890000F82E0A
:10097000E43CE4103CA6E4642404000000003F05CD
:100980003F057F0049271947613F0000E3890000C8
:10099000F0FE26F42CE044F41CC4443C00000000AB
:1009A0003F07053F453F0A09097F09090000E5891E
:1009B0000000F8EEE43CE4809CB0FEA0B08C0000A7
:1009C00000007F073F457F60301F003F40602000F0
:1009D000E6890000F0FEE6FCECE0F010FE1C10F0F2
:1009E000000000007F073F7F7F3F21213F3F1D39EF
:1009F0000000EB890000F8FFF29EF604F494FE94E8
:100A000094F4000000003F031F223F181C073F031F
:100A10000E180000EF890000F897F29EF000F82E03
:100A2000F8282FF8000000001F023F223F040505B0
:100A30003F0505050000F389000064ECEC6E6C6C6A
:100A4000407C1C047C40000000007E1F163F577E47
:100A500041233D193F630000008A00000808484810
:100A6000484E4C48484808080000000000007D251A
:100A700025252525257D00000000078A0000603817
:100A8000ACAAA8B8A8A8A80888F800000000000030
:100A90003E26262626267E407F0F00003E8A000046
:100AA0007C5E505F54744F5E5454525800000000F6
:100AB00000383B2B2B2B2B2B2B3B38000000488A7C
:100AC0000000202EAAAAAEBABAAEAAAA2E20000012
:100AD000000000003E1616161616161E0000000036
:100AE000798A000030F8DCD6F4B4DCDCB0B0D09009
:100AF00000000000701F003036363636363676007D
:100B00000000898A000090D4FCB090DED090B8FC40
:100B1000D0900000000000007D2D2D2D2D2D2D7D6D
:100B2000000000008A8A0000D0D4F7B69CDED5947D
:100B3000B6F7D4D000000000003839292929292926
:100B4000293938000000938A000014547E3414D4EC
:100B50003C141476121000000000017173535353BB
:100B60005353537371010000078B00004C44ECFC9D
:100B70006CEE6E6CFCEC4C4C0000000003017D5DE3
:100B80005D5D5D5D5D7D01030000268B0000E47C02
:100B90005C7E5CFC98B65272BC88000000000101CB
:100BA0007D5D5D5D5D5D5D7D01010000668B00002A
:100BB000346E6C6CCEFC984C76345C4400000000C3
:100BC00001717B5B5B5B5B5B5B7B710100006C8B32
:100BD00000007CECACACEC80343C76743C3400001F
:100BE000000001017B5B5B5B5B5B5B7B01010000E9
:100BF000A08B00404044CCD000000000000000006A
:100C00000000000000003F3F10080000000000004E
:100C10000000A18B00004044CC0840404040FE4012
:100C200040404000000000203F10080000007F000E
:100C300000000000A28B00004046CC000404040425
:100C400004FC04040400000000003F301800404091
:100C5000407F00000000A38B00404044CCD800003F
:100C600000FE40C080000000000000003F3F180868
:100C7000007F000001030000A48B00004044CC086A
:100C8000000000E0FE0000000000000000203F1017
:100C90004860180F030E30600000A58B0000202272
:100CA000E60400FEFE0202FE00000000000000104C
:100CB0001F08381F0100003F20381800A68B0000D5
:100CC0002024EC0084848484FC848484000000005C
:100CD00000203F10080000007F0000000000A78BEC
:100CE00000004044D80000080808F8080808000080
:100CF000000000203F18282020203F202020200036
:100D0000A88B00404044CC081010901010FEFE103C
:100D10000000000000201F1808000123203F1F00D2
:100D20000000A98B00004044CC08000000FE4040B9
:100D300040000000000000203F182820203F202015
:100D400020200000AA8B00004044CC0800E00000F6
:100D5000FE0000E00000000000203F10103F2020B7
:100D60003F20207F0000AB8B00404046CC0060B8A5
:100D70008E88888888080000000000603F1010708E
:100D80005844424140701000AD8B004040CCD80028
:100D900000FC0000FC0000FC00000000003F3F18C9
:100DA000781F00001F00007F0000AE8B0000404C49
:100DB000C8001CF8800C1880FC0C000000000030FB
:100DC0003F106820131E1E3320600000AF8B000010
:100DD00010F2F4004242FE424242FE0000000000D7
:100DE000001F0F0400003F0000001F300800B08B00
:100DF00000002024EC08008484848484FCFC00002F
:100E0000000000403F30107F4040404041790000EA
:100E1000B28B000040C4C8001010FE1010FEFC1081
:100E200000000000003F3F18623A0F02027F3F02BD
:100E30000000B38B00004044CC00084848FEFC484A
:100E400048080000000000203F301202027F7F02AD
:100E5000223E0000B48B00004044C80000FC246423
:100E6000C4C434040000000000303F18183F282C90
:100E700023232E282000B58B00404044CC0000FCEA
:100E800024242424E4040000000000203F18083F2C
:100E90002222222223200000B68B00002024E8001A
:100EA00004F4848484FC84848000000000101F2CDF
:100EB00024100846437F00000000B78B000020E2AA
:100EC000E600F8F808F8FF8808F800000000001FA6
:100ED0001F0C3F3F07010023263F0000B88B000096
:100EE000404CD800603C1E10F010101000000000B4
:100EF00000203F10090101017F0101010100B98BB0
:100F0000000020E2E64070FC0780FEFE3018000082
:100F10000000003F1F0C003F00011F3F2038000071
:100F2000BA8B00404044C80040E0980E0E182040A4
:100F30000000000000201F18081F3F222321213835
:100F40000000BC8B00004044CC00C0780E80000E36
:100F500078C00000000000203F1828382E233036CB
:100F60003C700000BD8B000020E2E400FEFE32C2B7
:100F7000F202FE0000000000001F0F341F000C03EF
:100F8000070C1F301000BE8B000040C4C800C060BA
:100F90003C04043C404000000000003F3F1041631F
:100FA0002D39392D67410000BF8B00002022E6005B
:100FB0000808F84B4E48C8080000000000101F0C3D
:100FC000341C072020203F000000C08B004040441C
:100FD000C800101010FE1010F000000000000020EB
:100FE0003F1869311D07071D31610000C18B0000EA
:100FF0002024EC0004C40404FC8484840000000069
:1010000000301F18203F20203F2020202000C28BCE
:1010100000004044CC00101010FEFE101010000024
:10102000000000203F10087E222323223E7E000085
:10103000C38B00002023E60002F21212F202FE0629
:101040000000000000101F080407020223203F00D8
:101050000000C48B000040CCD800047404FCFC04E5
:10106000741400000000003F3F180101017F3F01A0
:1010700001010100C58B00004044CC1800FCFC4479
:101080004444FC000000000000201F18283F3F22BD
:1010900022223F200000C68B00004044CC0000FC10
:1010A00004040404FCFC0000000000303F18603120
:1010B0001D01010119710000C88B0000404CD800CF
:1010C000E03C1EF0909090901000000000303F181F
:1010D0000800007F040404040000C98B0040404461
:1010E000C80000F84C4444C6464000000000002000
:1010F0003F18781F0002067F0C080000CA8B000012
:101100004044CC08603098CC4E18302000000000DD
:1011100000203F100869642632190C040000CB8BB4
:10112000000020E2EC0000FC4646FEC24340000006
:101130000000001F0F04263F3008311F3030080028
:10114000CC8B0040404CC8004060584E486858C89E
:101150000000000000203F10082424242424247FC1
:101160000000CD8B00004044C80014949494941463
:1011700004FC0000000000203F10001F08080F4082
:10118000407F0000CE8B004040C4C800007C40403F
:10119000FE40407C00000000003F3F183F3F202001
:1011A0003F20207F0000CF8B00004044C80084C453
:1011B000741C8484F47C0000000000303F18087E1A
:1011C000222222223E7E0000D18B0000404CD8001B
:1011D000848C5C746454CC840000000000301F18C0
:1011E000080A0A7F7F0A0A080000D28B000040C468
:1011F000CC00C0F0DC46405870C000000000003F4A
:101200003F18007E222222227E000000D38B0000A5
:101210004044CC00FC049494F494949400000000A6
:1012200000203F103F2828282F2828280000D48B92
:1012300000404044C800282828FCFC28282800003A
:10124000000000203F1831190D7F7F0D193100007B
:10125000D58B00004044CC00101010107EFC161CF2
:101260001000000000203F1031311F11001F70706E
:101270001000D68B000040C4CC004848487E7C4813
:10128000484800000000003F1F282424243F3F243A
:1012900024242000D78B00004044C8004048484820
:1012A0007EC8C8480000000000703F10020E1A42BD
:1012B000427F3F020000D88B00004046CC000888E7
:1012C0008888FE8888880000000000203F18087E7B
:1012D000222222223E7E0000D98B000040C4C8009A
:1012E00008F83E8888E8088800000000003F3F18A2
:1012F000076122390F0D32610000DA8B002022E6EF
:10130000EC00F84848C8FFC88AEC00000000003F25
:101310001F3C1F080827180F3B300800DB8B00001C
:101320004044CC08603C1410FE1010100000000077
:1013300000203F1021110D077F0719310000DC8BC1
:1013400000002022EC00705EC8487FC8484840007A
:10135000000000101F2C341C0700003F2030180034
:10136000DD8B000040CCC800484C444CFC44464057
:1013700000000000003F1F08087E222223223E7E3C
:101380000000DE8B000022E6040232AE62F602FEAE
:10139000222200000000003F0C241F0F10372427DA
:1013A00024240000DF8B000040C4C80000FC24247B
:1013B0002426262000000000003F1F483C0F7F210C
:1013C0002121217F0000E08B00404044CC08607068
:1013D00058CECE5870600000000000203F1020243E
:1013E000243F3F2424200000E18B000010F3F6206E
:1013F00038FE13D2525ED09000000000003F1F085C
:101400003C07003F202427380000E28B000040C644
:10141000CC0070DC4E48C80808F800000000003F0F
:101420001F18001F09094F40703F0000E38B0000A8
:101430004044C800007E4848484C44640000000016
:1014400000303F18007F25252525257F0000E48BEF
:1014500000004046CC00303C26E4343CE0E0000094
:10146000000000203F180545457F05050F070100D6
:10147000E58B00004046CC0088C8E89A8EC8480832
:101480000000000000203F1068243613191C36634A
:101490000000E68B00004044C80010909C90F0983B
:1014A0009E900000000000203F18040404047F0404
:1014B00004040000E78B00004044CC0018C848CE6C
:1014C0004C6808380000000000603F100404067FEC
:1014D000424242720000E88B000040C4C8003CA4B5
:1014E000643CA424243C00000000003F1F080809BD
:1014F00009097F0909090000E98B000044CC0804B0
:101500006404FCFC04E404FC00000000007F3018CC
:1015100004427F3F0C46437F0000EB8B000040CC31
:101520000810909090D03EFC16DC10000000003FA8
:1015300018383F030F6F311F77601000EC8B0000ED
:1015400040CCD80004F404FCFC04F40400000000C7
:10155000003F3F182721233F3F2721270000ED8B25
:10156000000040CCC8001414F41C1414F40400004F
:101570000000003F3F11197D252525257D3D0000F8
:10158000EE8B00002023E60400F69C909F9094F2DE
:101590000000000000101F08003F04040424241F62
:1015A0000000EF8B0000202CF80080BCA4A4A4A4B1
:1015B000BCBC0000000000303F104464341E0F34F7
:1015C00024640400F08B00004044D800A09C90905C
:1015D000FE9090900000000000303F18087E22220C
:1015E00022223E7E0000F18B000040C4C80090D44F
:1015F0007434FC76529000000000003F1F086131F7
:101600001F014547743C0000F28B00404044C80075
:1016100030FC2E28A828E8E80000000000203F1831
:10162000191F11175D517F110000F38B000040CC92
:1016300008203CFC860404FC040400000000007F39
:101640003014467F3F21213F21212000F48B0000F0
:101650002022E400F8FB8E88888EFB00000000004A
:1016600000181F2C34180F001F3F20380000F58B86
:101670000000404CD800C4C454F4F47C4CC40000B6
:10168000000000303F107F3F093F7F09497F000085
:10169000F68B000040C4CC0090F8BC92909C98A0BF
:1016A00000000000003F3F546524341F1F342464B1
:1016B0000000F78B00004044C8004454547C7E5422
:1016C00054540000000000203F10007F15151555F0
:1016D0007F000000F88B0000404CD8004848C8FE4E
:1016E000487858440000000000303F12023F7F2934
:1016F00029293F3F0000F98B000044CC0004FC2462
:1017000024FC08F808F800000000003F18181F1912
:10171000197F68371F610000FA8B000040CCC800B9
:101720008888DEE8889E888800000000003F3F1817
:101730000C7E252424243C3C0000FB8B0040404CC4
:10174000D8002028A83CFE28A8680000000000302F
:101750003F184525361C071434640000FC8B00003C
:1017600040C4C84044A4B4FCCC84C464000000005D
:10177000003F3F1812134B447F1C071C0000FD8BD9
:10178000000040CCD8009090FE0000FE9090000039
:101790000000003F1F0804047F00007F04040400D1
:1017A000FE8B000040CCC800FCFC94FCFC94FCFCCC
:1017B00000000000003F1F2832120E7F7F0E1A32F9
:1017C0000000FF8B000040C4C80094D474FCFC7679
:1017D000D29000000000003F3F184A6E3E33323E78
:1017E00066020000008C000044CC0800F84840FC71
:1017F000FC4848F800000000003F18186131190744
:10180000071931610000018C000040C4C84060FC31
:101810009E90F6F8909000000000003F3F18007F77
:1018200024243F3F24240000028C000040CCC860E8
:10183000A09088A68C98B02000000000003F1F2CCC
:101840001C3C7C4648630C380000038C000040C4FC
:10185000C800FC849494F49484FC00000000003FD1
:101860003F703F001E12125E407F0000048C00009B
:1018700040C4C80060308C8A08683800000000004E
:10188000003F1F087F2524242525257F0000058C87
:10189000000040CCC80008E8282A2E28E8E800000C
:1018A0000000003F3F18301945417F010D31000015
:1018B000068C000040C6CC00047454565654740480
:1018C00000000000003F1F08080949497F0B0B0872
:1018D0000000078C000040C4C80088E8E88E8CE84F
:1018E000880800000000003F3F180504047E7F04C4
:1018F00004050000088C00004044C800908C403E65
:101900002670DC840000000000203F106C26301F91
:101910000F38266200000A8C000044CCC80018E88A
:10192000282E2C28E81800000000003F1F18203F38
:10193000292929293F2000000B8C000024ECF80005
:1019400008FEA8A8A8A8FE0800000000003F1F2865
:1019500032120E7F7F0E123200000C8C000044CC3D
:10196000080808FEA8A8A8A8FE0800000000003F7C
:1019700010123E233A2E222E3B2200000D8C000036
:1019800020E4E80008FE88BEA8A8BE880000000089
:10199000003F1F1824341C7F3F1C342400000E8C91
:1019A000000040CCC80024E42E34342E242400004F
:1019B0000000003F3F18603F013D01017D412000D4
:1019C0000F8C0000444CD800E828A83EFEA828E868
:1019D0000000000000203F1823320E3F7F0E1A2324
:1019E0000000108C000040C4C800FEFC48C8FE98EF
:1019F00088C800000000003F1F18087E2A2B2A2AF2
:101A00003E3E0000118C002020E2E400F82828FF70
:101A1000AAAACA5A00000000003F1F3C1F043F252D
:101A2000252525250000128C0000404CC80000FC34
:101A3000545454547C7C0000000000303F18061DB4
:101A400019151759513F0000138C000040CCD800E5
:101A50007C54547C7C54547C00000000003F3F10B8
:101A6000107F151515557F3F0000148C0000404471
:101A7000C8005C545C5C5C54541C000000000060B6
:101A80003F11010D0F49494939010000158C000033
:101A900040CC082090B8ACA62CA810B000000000E4
:101AA000003F30107F0A4A7F004F403F0000168CF5
:101AB000000040CCC800A4B4E4BCA4B6BEA00000A2
:101AC0000000003F1F68305E673A323A66600000EF
:101AD000178C00004044C810F89C96F49C9CF0F0D1
:101AE0000000000000301F18021215242B6A420269
:101AF0000000188C000044CCD8C4485098CE78C858
:101B0000B81800000000003F1F18027F252424247D
:101B10007D030000198C00404044C8404858784E6E
:101B20004C7858480000000000203F10007F292911
:101B300029297F0000001A8C000040CC0800C8480A
:101B400078484EF8584800000000003F10701F40D1
:101B50006A2B2D35120800001B8C000040CCD800E9
:101B6000C85878CE487848C800000000003F1F08D9
:101B70001F1F017F3F111F0000001C8C000022E688
:101B80000422ECE0222CE0FFAC2600000000001F45
:101B900008301F1F3623212F212200001D8C00003A
:101BA00044CC0800F8A8A8AAAEA8A8B80000000075
:101BB000003F10703F3F0808083F487F00001F8C1F
:101BC000000040C4CC00E4F45E54545EF4E4000031
:101BD0000000003F3F184929391F193929490000E1
:101BE000208C000040CC00F09498909E90989CF03F
:101BF00000000000003F184867371C047C4747601E
:101C00000000218C000040CCD8007CD4D47C7CD453
:101C1000D47C00000000003F3F1045672F3B1A2E88
:101C200026610000228C000044CC1800F8AEA8F811
:101C3000A020FCFC20000000003F103A134E463F5D
:101C400001477F3F0000238C000040C4C80084741B
:101C500044DC54467A4800000000003F3F083A2226
:101C6000223F2222227A0000248C0000444CD8001B
:101C7000E82838AEAC3838E80000000000203F10FB
:101C800041311F0B494979010000258C000044CCEB
:101C9000C81090D65C10105CD69000000000003F89
:101CA0001F293F223E223E22223F2000268C000098
:101CB00040C40880A8AEFCA8F8AEE8C80000000048
:101CC000003F1838341C7F047F1C17230000278C2A
:101CD000000044CC0840F080F2643098D4600000EA
:101CE0000000003F18283F223F233F23223E0000F0
:101CF000288C000040C4C800C4445EF4F45EC4C430
:101D000000000000003F3F585555557F7F55555501
:101D10000000298C00004044C800C07EEA6A6AEADC
:101D20007EC00000000000303F18456D3D35353D58
:101D30006D4100002A8C000020E4E800E4A4BCA669
:101D4000E4BCACE400000000003F1F187F001C143E
:101D5000175C407F00002B8C0000444CD800F898A2
:101D60009CF808FC0AF80000000000303F104764AF
:101D70003E0F4444653D00002C8C00004044C800E8
:101D80006C347CBCC43C347C0000000000203F1854
:101D90004257752A2B151B0200002D8C000040C6EF
:101DA000C8007ACAFECACAFECA7A00000000003F14
:101DB0003F101717167E7E16171700002E8C000096
:101DC00044CCD800BCFCE4A4BCE4FC2480000000AB
:101DD000003F1F193E3E2A2A2B2A3F3F00002F8C2E
:101DE000000040CCD84070FC5050FE5050500000D5
:101DF0000000003F3F186017157517751575000036
:101E0000308C000044CC00F004E864F464E404FC8A
:101E100000000000003F107F30170D3F0F5F507F24
:101E20000000318C000044CCC880B88EFC88F8FEDD
:101E3000E88800000000003F3F103E7E2A2A2A2A40
:101E40007E000000328C000040CC080050543CBCA6
:101E5000FC1C743000000000003F18087F053F297B
:101E60002B3F457F0000338C000040CC10E868BE5B
:101E7000A8E828A0FE3800000000003F187F053FBA
:101E8000057F701F07780000348C000020E60C42AC
:101E9000CC10DE5A5F5ADADE00000000001F083066
:101EA0001F102F2B2B2B2B2E0000358C000040CC2D
:101EB000D820F0DCD6B4DC9CB0D000000000003F9D
:101EC0003F103F007636363636700000368C000004
:101ED00020E204105CF71CF75CFF92D600000000C3
:101EE000001F181C151F181F3D191F310000378CCB
:101EF00000000010988CC03030C08408181000001A
:101F0000000002037F2222222222227F03020000FD
:101F1000418C00001C54F6F4541C108CE670C4185C
:101F200000000000797D27277D3D027F2222227F4D
:101F30000000468C000004E4E4242424242424E447
:101F40000404000000002021213D212121392F21FE
:101F500020200000478C0000F2929292F2020404CA
:101F6000FCFC040400000010101E181E0B081010CA
:101F70001F1F10101000498C0000F4141414F408F2
:101F80008888FE88888800000020253D311F116068
:101F90002336183C276100004C8C0000E42424E424
:101FA00004F868C8CEC848D8000000002539311FA1
:101FB00073231E07017F44672000558C000022B266
:101FC000929A4A7EE662E2B21A0200000000190903
:101FD0000C2422233F0F0003060C00005A8C000043
:101FE000FE1212FE1292CA7EE662F21A0000000091
:101FF0003F21213F090C26231F00030C0800618CA0
:10200000000030F8989696F4BC9C9090F000000088
:102010000000222A2F15574B6E3C061F312000006E
:10202000628C000020A8EEECB8BCAEA8ECAEA820F4
:1020300000000000212B2A3A554F7E1C060A312150
:1020400000006A8C00008484B4B4B4B6B6B4B4B4EE
:1020500084840000000041742D2B53577D090D1519
:10206000226100006B8C004054D47CCC70F89694B4
:10207000F49C90F000000000407F00032A3A154FC6
:102080007E060E310000738C0000F860A8D8C8FCF2
:10209000FCA8D8C828F8000000003F24222F213FC8
:1020A0003F222F21237F0000788C0000008888E8E1
:1020B000C84C74E436100000000000000024341600
:1020C000124B49453F0000000000798C0000986CDD
:1020D0006CF61060BC1E101010F0000000003612EC
:1020E00049453F0000014640703F00007A8C0000E7
:1020F000D8646CF610101010D0F0FE100000000034
:10210000365A4D6F3E180C0641613F000000828C2C
:102110000000B86C4CF61084C4741C8484FC00006D
:102120000000165A497F3E007E222222227E0000B5
:10213000858C00005C36FEDB48F81E10D0FFD01006
:10214000000000000B2D263F003F0C06013F010E52
:102150000000898C000088687CF6103098BEC8E8C2
:10216000B81800000000121A4D673F017F2222229A
:10217000237F01008A8C0000D86C7CF61004E424D4
:102180003C2424E400000000125A4D6F3E007F22E0
:102190002222227F00008C8C00006C36B6FB08FCEB
:1021A000FC94979494FC000000001B2D24371F30F2
:1021B0001C07003F20380000948C00005CB4BEDA9D
:1021C000087C447E577C447C00000000092D263F9B
:1021D0000E3F3212123F22310000988C0000D4646E
:1021E000FCB210E4AEAEA4AEEEE400000000125B60
:1021F0004D7F2C65351D0F1D256500001D8D0000D0
:1022000000FEFE0202FAFA0202FEFE0000000000DA
:10221000203113080C03000C081B130000001E8D56
:10222000000000C0E02020BEBE2424E4E40400003E
:10223000000040672F30100F0710102F2F400000B4
:102240001F8D00006070F82E2624343C24E0E0004E
:102250000000000040602F20100F0310302F674057
:102260000000218D00001012D252525E5E5252D2F6
:10227000D2100000000020301710080F03081817B4
:1022800017200000228D0000FE02FA02FE08080856
:10229000E8F8FF08000000003318070C13080E03CD
:1022A00020301F000000238D000040545454547E01
:1022B0007E54545454440000000040406F21311DAE
:1022C0001511312F6F400000248D0000787C00FC38
:1022D00000C44C74647CCCC00000000040403F212E
:1022E000311D1511313F60000000258D0000FC04F8
:1022F000F404FC80E0BC1010F01000000000673017
:102300000F18370060331E1E31600000268D00005C
:10231000FC04F404FC80FC80A0B08C84000000006D
:1023200067180F1027007F20210F18200000278D2D
:1023300000001808BC868088BEACACA4A4300000A5
:10234000000040602F20101E0610103F2F6000007C
:10235000288D000000FC14949494FC9C969292109A
:1023600000000000380F406F20301E0610202F4064
:102370000000298D0000FC04F404FC00FCE424248B
:10238000A6E60000000067380F18273E0F20371C14
:10239000376000002A8D000010102828242E36A453
:1023A000E868181000000000404F6F21311D151122
:1023B000312F604000002B8D000010D8DC56321009
:1023C0005052741818100000000040407F21311F47
:1023D0000511213F604000002C8D0000FE02FA0232
:1023E000FE20262E3AA2E3200000000023180F183A
:1023F0001330081C3623202020002D8D0000FE0203
:10240000F202FE309EEF880808F800000000331842
:1024100007083300070622273C1F00002E8D00000E
:10242000FC04F404FC7010101E101070000000007A
:1024300067380F30272020202020202000002F8DFB
:1024400000000828BEAAAABABEAAAABE0E080000AA
:10245000000040602F20101E0610302F2F6000005B
:10246000308D000088A8A8A8A8A8A888FE080E0893
:1024700000000000405E223A22227E40033F60605E
:102480000000318D0000FC04F404FC0030FEF494E4
:102490009C900000000067300F18270121311F3881
:1024A0006C620000328D000020242474242E2E241F
:1024B0007424242000000000404F6F21311D0111C1
:1024C000212F6F400000338D0000047E7E44445E67
:1024D0005454545E444400000000406F6F21311D8D
:1024E0001511312F6F400000348D0000FC04F404FE
:1024F000FC000000FE1010100000000067380F18EC
:1025000027007F212121217F0000358D00004058C8
:102510005C54547E7E54545C58400000000040409F
:102520006F21311D1511312F60400000368D0000E4
:10253000FE02FA02FE7E7EC242C2427E000000001F
:10254000330C030813301C07003F20301000378D78
:1025500000003018FC0610101E30305E4C68000081
:10256000000040402F21311D1511212F6000000077
:10257000388D0000407C6426324044745C44741CF6
:1025800000000000404F6F21311D1511312F2F40E9
:102590000000398D00000074D4D47E5454FE54548D
:1025A000DCC00000000041437F22321A1212223E9A
:1025B0007E4000003A8D000064341E44443C007CA0
:1025C00044447C7C0000000040603F21311F171113
:1025D000313F600000003B8D0000FC04F404FCC0AF
:1025E000F0DC464070E00000000067180F10270084
:1025F0007E222222227E00003C8D0000FE02FA0292
:10260000FE88E888BFF88BEE08000000130E07185C
:1026100013080730180F3B3018003D8D000014548C
:102620007E141444743E24047C400000000040608A
:102630006F21311F1511312F6F0000003E8D0000FA
:10264000023AAAAABEAAAABEAAAA3A02000000009A
:1026500020273710180E08081017370000003F8D8C
:102660000000FC04F404FC88F85E484848C80000F8
:10267000000067380F3027017F090949497F0000B2
:10268000408D00007878407E4868007E48484C6065
:1026900000000000406F2F21110D1111312F2F600C
:1026A0000000418D000018187C025454547C545290
:1026B00052500000000040406F21311D1511312F94
:1026C0006F400000428D0000FC04F404FC2018BEA2
:1026D000C8E8B8180000000067380F3823037F23CC
:1026E0002222237F0000438D0000FC04E404FCF060
:1026F000F01016F410100000000027180F10373FDC
:102700002321213F21210000448D0000406424202A
:10271000D846661C34645CC400000000406F2F2162
:10272000111D1111312F2F600000458D0000FC0498
:10273000F404FC88C8F89E88680800000000271888
:102740000F1027442432131C36630000468D00000E
:10275000FE02FAFEFEFE3E921232D21E0000000081
:10276000130C07091303040C193001030000478DF3
:102770000000FC04F404FC509010FE909450000003
:102780000000271C0F30271049447F030D1800005C
:10279000488D0000FE02FA02FEFE4ACA4ACA4A4AB0
:1027A00000000000330C0708131F003F10130F1127
:1027B0000000498D0000A0A4BC7464FEFE6474BCDB
:1027C000A4A400000000406F2F21110D1111113F32
:1027D0002F6000004A8D0000FC04F404FC60705C73
:1027E000464C706000000000671C073027311D4117
:1027F0007F010D1900004B8D0000FC04F4FC20A4A7
:1028000024E424FE202C00000000271C0F37203F6A
:10281000203F22073C6030004C8D0000FC04F40493
:10282000FC4848FCFE68784C000000006718071060
:1028300027037F2929293F7F00004D8D0000C464B4
:102840005C74647E7E64745C64C400000000406E4E
:102850002F21311D0111312F604000004E8D0000ED
:10286000FC04F404FC2028A8BEA8A868000000000E
:1028700067180F100745251C0F15346400004F8D95
:1028800000003808EEE8A8AEACA8E8EE0838000072
:102890000000404E7E22321E0212223E60400000A6
:1028A000508D0000FE02FA02FE3EFEEAAAAABEBE5B
:1028B00000000000130E071813090C331827201FFF
:1028C0000000538D000000FC44D4D4D4F6D4D4D4FA
:1028D000F444000000007E07426E2F221A02323FAD
:1028E0002E420000548D0000FC04F4FC8088F8881F
:1028F0008EC8F88800000000271C0F33207E7E223F
:1029000022223E7E0000558D0000FC04F4FCD0988D
:102910004C70BE70588400000000671C0F37246E96
:10292000321C0F1826620000568D0000E828FC2893
:10293000E8E8F02CA6B43CE000000000190D7F0789
:102940000D496F301F11306F0000588D000092DA72
:102950007ADEDADA989C7664FC840000000040405D
:102960007E22321A0232223E6E400000598D000053
:10297000FC04F4FCFCF45454FE5456F40000000033
:10298000271C0F3727051D3545457F0500005A8D4B
:102990000000FC04F4FCFC383EF838FC3EF8000073
:1029A000000027180F1727351D7F057F152700000A
:1029B0005B8D00008C94D4F4F4D6D6F4FCD4948CC3
:1029C0000000000046427F23321A1212333F224495
:1029D00000005C8D0000FC04E43CE444D4D4FED44C
:1029E000D454000000003F20233E23005F203E20FF
:1029F0002F4F00005D8D0000C0FE12FE161A7E7A79
:102A00007E7A7A4A000000001F03203F11110D0555
:102A100011113F2000005E8D0000DC76147E5450C2
:102A20005C76147E54540000000000407F21311D6C
:102A30001511313F60000000608D0000FC04F404BB
:102A4000FCF8AECCF8CCAEF80000000027180F1848
:102A500027007E2A2A2A7E000000618D0000FC04E7
:102A6000F404FC30FCF6B4DCB4D0000000002718FD
:102A70000710273F0176363636760000628D00005B
:102A8000047C7474747676747474740400000000AA
:102A90003F4D6D7F3F1D337F1F0D3F402000638DF5
:102AA0000000E4746674FC24286E5CD46C2400007E
:102AB000000017157D1517115F233B23235F0000CE
:102AC000648D000040484848C87C7CC8484848405D
:102AD00000000000084661380F40407F0001061CDE
:102AE0000000668D00004444FE7EC444C0FC9E107D
:102AF000F03000000000673F43603F0761301F1E59
:102B000033600000678D0000A4A4FFFFE42420FED2
:102B1000C25252CE00000000331F213F1F03043F6A
:102B2000311E1F3100006B8D000048C8FEC84840B0
:102B30004848FCFCC84800000000673F417F03068E
:102B40006F3F437F3F0F00006D8D000048C8FEC8F7
:102B500048404848FE68784C000000006F3F417FC5
:102B60000706037F2929297F0000708D000020249B
:102B7000A42424FEFE242424242000000000301E6F
:102B8000070C183F3F21212121200000738D0000F8
:102B900048487EFE484800FC0000FE00000000207F
:102BA0003F0F183F2222202722223F200000748D51
:102BB0000000484848FE48484000FE604080000051
:102BC00000203F0F183F222222202F20202000002B
:102BD000758D000048487EFE48480830E0E03C0023
:102BE000000000203F0D183F22222C2623212724FD
:102BF0000000768D00004848FEC84848040444FCA4
:102C00004444000000203F0C1F3F22222020202FA0
:102C100020200000778D000048487EFE484804C40C
:102C20004444447C000000203F0C183F2222202F07
:102C30002828282C0000818D00004848FE48485074
:102C4000584C268C1810000000203F0C1F32222008
:102C50002A292D2422200000848D0000A4A43FFEF8
:102C60002424FEFE9292FEFE000000003F071C1F7F
:102C700031252727242427270000858D0000484878
:102C8000FEC84848C4BC9CC4C43C000000203F0CA3
:102C90001F3F22222F292929292F00008A8D000079
:102CA0004848FEC84840F01010FE96DC00000020A6
:102CB0003F0C1F3F2226272A2E272F2C00008B8D0A
:102CC000000048487EC84860784C4868D8C000007A
:102CD00000003F0F183F2222292929292F2F000009
:102CE000918D00004848FE48480CB0388EE84838BE
:102CF000000000003F0C1F322226292C2323262807
:102D00000000948D0000A424FF2460728EFA0AFC57
:102D100000FF000000203F0C1F312124232120212F
:102D2000282F00009F8D0000A424FF242420F6D02B
:102D30005FD014F2000000203F0C1F3121212F230F
:102D40002223282F0000A38D00004848FE4848FC9D
:102D50009494FC68C878000000203F0C1F322A2F92
:102D600024263F2C272E0000B18D00002828FE28A5
:102D700028F69EB4A4BE8EBC000000403F183F62FF
:102D8000427757584E4850570000B38D0000003E20
:102D9000BE2222E2E22222223E0000000000301C7D
:102DA000070C183F3F21212121200000B48D000095
:102DB000DE12F2929E00FC1E003EF00000000000B9
:102DC0001F180F081C1C07000000071C0000B58D11
:102DD0000000BC24E4243C609C96101010F000001D
:102DE00000003F303F11190000014340703F0000D8
:102DF000B88D000062E2F25E4E4A4A6A6A7ADA02EE
:102E00000000000020190F19113F3F25252525201E
:102E10000000BA8D00007C44C4447C101010FE10E9
:102E20001010000000003F301F105821310F071D07
:102E300031610000BC8D0000DE12F29E9E42FEFE5B
:102E40004242FE42400000001F180F080C380F00DD
:102E500000003F000000BE8D00003C24E4243C0044
:102E6000F000FEFCC0C0000000003F101F19292028
:102E70003F203F3F20202000BF8D0000DE12F29E49
:102E80009E02FEC2023EA6E0000000001F180F08CE
:102E9000381E33100F0E1B300000C38D0000BC2401
:102EA000E43C3C808884FCC48480000000003F3007
:102EB0001F111160300C030F38600000C48D00003A
:102EC000BC24E43C7C60F04C4658F06000000000FC
:102ED0003F101F1101003F20242623380000C68D1B
:102EE00000003C24E43C3C60784C404070E0000032
:102EF00000003F301F11117E222222223E7E000060
:102F0000CB8D00003C24E4243C1090FE90949C90D7
:102F1000000000003F301F1272380F633E18276117
:102F20000000CC8D00007C44C47C7C701C10FE1022
:102F30001010000000003F301F111161311D071DEE
:102F400031610000CE8D00003C24E4243C30D808E0
:102F50000E088878000000003F203F1212003F66F4
:102F6000424141701000CF8D0000DE12F29E08FF3A
:102F700008F8F8FC04FC000000001F080F2C1C27B8
:102F8000301F001F081F0000D18D0000BC24E43C4E
:102F90003CF0EE28E808F8F8000000003F303F1150
:102FA000113F7F4243484F770000D68D0000DE126C
:102FB000F2929E82E2FE464242C2020000001F18C8
:102FC0000F0C0C033F1F1010103F0000D78D0000A6
:102FD000BC24E43C6070FC109010FE100000000067
:102FE0003F303F1111007F0043407F000000DA8D29
:102FF0000000DE12F21E40FE42FEFE4242FE400093
:1030000000001F181F093807203F1F00301F000055
:10301000DB8D00003C24E43C3CF09898FE9898B886
:10302000000000003F203F12721F6326183C27411A
:103030000000DD8D0000BC24E4243C00FC2424249A
:10304000E404000000003F301F1919003F22222233
:1030500023202000DE8D0000BC24E43C3CFC848462
:10306000F4848680000000003F303F11111C0640B0
:103070007F00063C0000DF8D0000DE12F2929EFE13
:10308000FE52D2527E7E000000001F180F080C3F37
:103090003F10130E1B310000E38D00007C44C47C04
:1030A00040601C10FE101010000000003F303F1167
:1030B00051613D07017F41612000E48D00007C44A7
:1030C000C4447C88E8380E0828C8000000003F206F
:1030D0003F12124020371C1E21600000E88D0000C6
:1030E0003E22E23E406878584E5868480000000092
:1030F0003F203F1111010F49494979010000EA8D34
:1031000000003C24E43C60F02EA6A4BCA4A0200057
:1031100000003F303F1B783F007F40444477100061
:10312000EB8D000012D25E525A784E464A5ED81895
:103130000000000020390F19313F3F2525252520AB
:103140000000EC8D0000BC24E43C3C505050FE508C
:103150005050000000003F101F11312424243F2450
:1031600024242000EF8D00003C24E4243C2018BEE1
:10317000C8E83800000000003F203F1212027E2203
:1031800022223F3E0000F38D0000BC24E43C0838BE
:1031900070FE00FE3018000000003F101F11663264
:1031A0001F03007F43662000F58D0000BC24E4244B
:1031B0003C8090FED094DC50000000003F301F1196
:1031C000196120311F3C66630000F78D0000DE129C
:1031D000F29E0044262E34744C64000000001F1838
:1031E0000F0821311F03013F21310000F88D00003D
:1031F0003C24E43C80FEC8487CFC88C800000000F9
:103200003F301F13040404047F0404040000F98DFC
:103210000000DE12F29E22EC202426FE2222000074
:1032200000001F180F08301F1020202F2020000042
:10323000FA8D00009E12F29E80A09E82C29EBEA0C9
:10324000000000001F180F0C14180E033F030C1889
:103250000000FB8D00003C24E43C3C0898E8CEE8EC
:10326000B808000000003F301F1119613F06000040
:103270007F010000FD8D0000DE12F29E9E72D29250
:1032800092929EC0000000001F181F08180E1E33E7
:1032900022243A1E0000058E000012B2BF8A8AA0C6
:1032A0009E8A8AF989080000000020131F12123E2E
:1032B0003E2A2A2A2B200000098E0000BC24E43C70
:1032C0003CF828282E28F8F8000000003F301F198D
:1032D000097F2121271D3D2500000A8E00003C2486
:1032E000E43C3CE42C34F43C2CE4000000003F308F
:1032F0001F11117F09097F49497F00000C8E0000D2
:103300003C24E43C88A8A8FCA8A8A8A800000000C9
:103310003F301F12301C071A52427F0200000F8EEE
:1033200000003C24E43CBCC87888FE18784C0000BF
:1033300000003F101F11093E3E2A2A2A2A7E000063
:10334000148E00003C24E43C3CE0A0A0BEA4A4E415
:10335000000000003F301F120A0B0A0A7E0A0A0B07
:1033600008001D8E00009E12F29E007E4A4AFE4A10
:103370004A7E000000001F180F0911190D073F07B2
:103380000D1900001E8E0000DE12F29E00FE525249
:10339000F2F2525E000000001F180F0C3C0F3E12AC
:1033A0001313123E00001F8E00003E22E23EB88E34
:1033B000F888F8F808F8000000003F101F12301CD1
:1033C0000F083F3F103F0000228E0000FE22E2BEA9
:1033D00080BEEAAAAAAABEBE000000001F180F08FD
:1033E0001B1906331C23301F0000238E0000BC2451
:1033F000E43C0088F8888EC8F888000000003F3060
:103400001F1109007E2222223E7E0000298E00002C
:103410003C24E43C0078481CFC0C641400000000D0
:103420003F301F1100311D077F07193100002A8E20
:103430000000BC24E43C001848484E4848180000EE
:1034400000203F301F1131190D417F010D3900005F
:103450002C8E0000BC24E43C00FC9494FC949690D8
:10346000000000003F301F11790F4F2F1E17306FE3
:1034700000002E8E00003C24E43C3CF80808EEE8F6
:103480004848000000003F301F11713F007E232399
:10349000227E00002F8E00003C24E43C141CF81611
:1034A00010FCE49C000000003F203F31311F0F3929
:1034B000317F101F0000318E0000BC24E43C00FC72
:1034C00024F4A6A4F424000000003F101F19780F74
:1034D00062263A3A2E620000358E0000BC24E43C9D
:1034E00010D4D4D4FCD6D2D0000000003F301F113D
:1034F000504B4A4A7F4A4A4B0000398E00003C2418
:10350000E43C405C5050DE50505C000000003F3016
:103510001F13127E027F037E427E00003A8E00005F
:103520009E12F29E223EE6AAAAFFAABE000000005A
:103530001F180F2C3B0F1B32222F222200003D8E22
:1035400000007C44C47C00F49494FC9496F0000049
:1035500000003F301F11117E1A0A0F0A5A7E000028
:10356000408E00003C24E43C3CFCFC88BCA8BE88A7
:10357000000000003F303F131024340C7F0C342433
:103580000000418E0000BC24E43C00F8A8A8AEA8CE
:10359000A8B8000000003F301F19780F7F083F3F98
:1035A000487F0000428E00003C24E43C109454BC50
:1035B000FC1C5470000000003F301F132024140C2A
:1035C0007F0C14240000448E0000BC24E43C00C4A2
:1035D0005C64C6745CC4000000003F101F11011F32
:1035E00001017F11111F0000478E00004E4ADAFED4
:1035F000DADBDBDAFEDA4A4E0000000023311B136F
:10360000323E3E2A2B2B29230000488E00003C240A
:10361000E43C0094A4C4B484B29A000000003F10BB
:103620001F11007F24242024247F0000498E0000E5
:103630007C44C47C10505CF870585C500000000062
:103640007E203F2062725E4F7A7A4A4A00004A8E9C
:1036500000003C24E43C009CD4A49C449E0A00004E
:1036600000003F301F11486A2B3B1E3A2B6B0000B5
:103670004B8E00009E12F29E9EBEAAAAAAAABE9ED1
:10368000000000001F180F0C0C0B2C3F090B243FEF
:103690000000518E00009E12F29E427E5A5A5A5AE3
:1036A000FE42000000001F180F09351D0F11331DC9
:1036B0001D330000528E00003C24E43C24A4AEE400
:1036C000A4EEA4A4000000003F301F11007F0C07EF
:1036D0001C474C7F0000598E0000F03E32527E1A8B
:1036E00032473E334B620000000020131F13333F6C
:1036F0003F2B2B2B2B200000668E0000BE22E2BE4B
:10370000EEAEA8E8EFE8A8EE000000001F180F28B2
:103710001F02223F3F03223F0000698E00007CB65B
:103720009CFF96FCC8CEFBBAEE420000000020339E
:103730001F12123E3E2A2A2B2B2000006C8E000006
:103740003C24E43C7CF4B4ACA0ACB46800000000C1
:103750003F101F1121273F34243C2F2000006D8E85
:1037600000003C24E43C00F8AECCF8ECAAF80000E1
:1037700000003F301F11003E2A2A2A2A7E00000046
:103780006F8E00003C24E43C20A4BC64FC66BAA01C
:10379000000000003F101F11017F2A2A3F2A2A7FC4
:1037A0000000708E00009E12F29EFEEA2A2AEAA213
:1037B00022FA200000001F180F1C0F101D1F090304
:1037C000223F0000728E00003C24E43C08E8AE7CFE
:1037D000287C6AE8000000203F301F11080B1B2BDB
:1037E0004B7F0B0B0000748E0000BCE4E43CE82A25
:1037F0002CE820FEA428000000003F3F1F115D4779
:103800003F4D381F7F401000768E00009EF2FE9ED6
:10381000FEE22AF2EAF2EAE2000000001F0F0F388F
:103820000F131E070318071800007C8E00003C24AD
:10383000E43C909CF09E90DEF894000000003F3045
:103840001F11486A2A1A1F3A2A4A00007F8E000078
:103850003C24E43C00EC5454E65CD4BC0000000082
:103860003F301F11003D15157F15153D0000818E5D
:1038700000003C24E43CE0202EEAEA2E2EE000008A
:1038800000003F301F1025251D0D7F0D1525000060
:10389000858E0000DE12F29E40AEBAEEAAAE2AEE8F
:1038A000000000001F180F0C1013121F1A3B301FCE
:1038B0000000878E0000BC24E43C84A4AEF4A4EE97
:1038C000ECB4000000203F301F110C047E3735346B
:1038D0003C3C00008F8E00003CE4E43C8434AEE4C9
:1038E000E42E24E4000000003F3F1F117F063F1B31
:1038F0001F1B407F0000908E00003C24E43CE0FE53
:10390000A0EC72E02EF0000000003F301F11607F3D
:103910002D7F7F3D3F612000948E00003CE4E43C1D
:10392000FCFC7474F6F47474000000203F3F1F51D7
:103930003F4B5E567B53565E00009C8E0000BC24BD
:10394000FC3C56347E54D4747E94000000003F301A
:103950001F11406F211D0D212F6F00009E8E000052
:103960003CE43C38F8FC88BAB838FE980000000007
:103970003F3F1151456C3D35353D6D410000AB8EEB
:1039800000000000FC545457545454FCC040000044
:10399000000021311111190D2523233F00000000E3
:1039A000AC8E000000F8ACAAF800E42424243C3CCF
:1039B0000000000022130A467F00030242427A1EE2
:1039C0000000AF8E0000F8A8AEA8F800FC246484C4
:1039D000E43400000000331A4E467F003F282623BF
:1039E000272C2000B28E0000F8F8AEA8F8407C0C1E
:1039F000843C7C4000000000331B4E463F311907D9
:103A00007F0719310000BA8E0000F8A8AEF8F8E47C
:103A1000FC203E2038EC00000000231A4E7F3F7F40
:103A20003F1F090F407F0000CE8E000004F4B4B4A5
:103A3000B4FEFEB4B4B4F40400000000017D3D25E2
:103A400025272725253D7D010000668F0000088879
:103A5000E8380E08E808080808080000000008090F
:103A6000090909097F09090909080000678F000091
:103A700088F81EE8080800FC0000000000000000B4
:103A80000909097F0D05001F3020203C0000688FC8
:103A90000000C4BC87F4840010FF1010F000000088
:103AA00000000C040C3F04301C0700003F380000ED
:103AB000698F0000887C0EE808088484FCFC8484FC
:103AC000000000000909097F0D0400007F7F00004D
:103AD00000006B8F0000E4BEE7E48402F202FE0205
:103AE00002FE000000000C043F3F0420180E2320BB
:103AF000381F00006C8F00008878CEC8084848E85E
:103B00007E4848480000000009097F3F0D00010978
:103B1000193D670100006D8F0000645EE7E444FE1C
:103B2000FEF2F21212F20000000004063F3F223FB4
:103B3000011F3F21213900006E8F0000C87CEE0874
:103B40008840B01C0E1870C00000000009093F0D2D
:103B500005003F262223213800006F8F000088F8DF
:103B60001EE80808F01EC80808F80000000019093F
:103B7000097F094920180F0E30600000708F000087
:103B800084A4BCACA6A4F4A4A4A4A4840000000053
:103B9000622A3A1A2E42632E3A3A2E620000718F40
:103BA0000000C47E06E404101010FE101010100077
:103BB00000000909097F0D007E222322227E0000D9
:103BC000728F0000C8BCCEC88804E424E404FCFC66
:103BD0000000000008087F7F0C000F0447407F3F73
:103BE0000000738F0000C87CEEE80800E0203E244F
:103BF00024E40000000009093F7F0D781F02020243
:103C000002070000748F00008878CEC808F0F0101A
:103C1000FE1010F00000000009093F7F097F3F22DD
:103C20003F22227F0000758F00008878CEC80800F0
:103C3000FC040404FCFC0000000009097F3F0D6047
:103C40003901010119710000768F0000C87CCEC8CF
:103C500008603C10FE1010100000000009093F7FB2
:103C60000D613119071F31610000778F0000C87C9A
:103C7000CEC808007444FCFCC434000000001909DC
:103C80007F7F0D0141417F3F01010000788F0000DF
:103C90008878CEC80860B09C4608306000000000FC
:103CA00009097F7F0D406D24361308040000798FC9
:103CB0000000C87CEE0808F88C84F484868000003C
:103CC000000019097F0D0D380C407F0004380000FA
:103CD0007A8F0000C8BCEEE88884C47C0C84C47C65
:103CE0000000000008083F3F04007E222222227EBE
:103CF00000007B8F0000C8BCEEE88880C444647478
:103D0000CC800000000009083F3F042022223E2210
:103D1000222200007C8F0000C87CCEC808909090C2
:103D200090FE121C0000000009097F7F0D203F302B
:103D3000101F707010007D8F00004ACA7A4FCA4A67
:103D40004A0FFF08EA2800000000090909093F0995
:103D500029300F1F313800007E8F00008878EE0870
:103D600008C4E4FCCCC474C40000000009093F0D81
:103D7000052024243F24242400007F8F0000C87CD9
:103D8000EE080820A4E43C64E620000000000909D5
:103D90007F0D09633D0E00007E030000818F00004F
:103DA000C87CCEE80820704CC648502000000000B7
:103DB00009093F3F092424243F2424240000828F42
:103DC0000000C8BCCEE8883098BE68E8B88800001B
:103DD000000008083F7F04017F2222223E3F0100AD
:103DE000838F0000C87CEEC80888E8280E0868C8E1
:103DF0000000000009097F3F094121371C1E236193
:103E00000000848F0000E83EE80804FC24FC04F471
:103E100004040000000009097F05101F093F0C1F62
:103E200020201800858F0000C87CEEE808C8E8282C
:103E3000FE282AEC0000000009097F7F093F7F0966
:103E40007F09497F0000868F0000E83EE80804E40F
:103E500024FC24FC24E40000000009097F0D057FF8
:103E60000E071E474C7F0000878F000054743E34BD
:103E7000F41054743E3C5454000000001111171704
:103E800015157F15151515100000888F00002434B6
:103E900034B4FE00007E34343424000000001115D8
:103EA000171515157F15151515110000898F0000C0
:103EB000F8C0FCF84C3CE474A4A4243C00000000CE
:103EC0003C07181F080909097F3F090900008A8F6C
:103ED0000000645EC7F444BEAA2A2AAA3E3E00003F
:103EE000000004043F3F063F3F32123F22310000F2
:103EF0008B8F0000C87CEE0808FC4474C47444FC3A
:103F00000000000009097F0D057F010F0909497FA5
:103F100000008D8F0000C83EE8084474346CC474FF
:103F2000344C0000000009097F04253D1D23233D7A
:103F30003D6700008E8F0000C8BCEE888838661888
:103F40006C403C4600000000080C7F0D017F2929D1
:103F50003F29297F00008F8F0000887CCE0808A8A9
:103F6000A8E8BEA8A8A80000000009097F0D09461E
:103F70002B3A0E1A2B6A0000908F0000C87CEC08C8
:103F800008747454545474740000000009097F0DBF
:103F9000017F29293F29297F0000918F0000C87CDB
:103FA000EEC80840DC545454DC4C00000000090901
:103FB0007F3F05203F1515153F100000938F00002F
:103FC000C83EE80830B0B8ACA6A838B00000000081
:103FD00009097F05007F0A7F3F1F407F0000948F03
:103FE000000098FC9080BCAEF4A490D8F6D80000F5
:103FF0000000027A7A2828282B282A3A7A02000020
:10400000958F0000C4BEE6840494D4545E5454D406
:104010000000000009097F0D08097F66261E3A6F1F
:104020000000968F0000C87CCEC80818A8A8FEA87B
:10403000A8380000000009093F3F09027A2A2F2A08
:104040003A3A0000978F0000C8BCEE8888FC94F4D0
:104050009494F49C00000000080C7F0C340F627FE5
:10406000222E3B6E0000988F0000E83EE80808F81A
:1040700028F82EF828E80000000009097F0D7C0FC1
:104080007F65257F45650000998F0000E83EE808C0
:10409000E8F8ECE8E0FE90F01000000009097F0568
:1040A0007F4A4A7F603F1F2000009A8F0000E83E51
:1040B000E80800905C30FE305CD000000000090988
:1040C0007F0D4C2E1A0E1A127F1200009B8F0000DB
:1040D000808888F8888E8C88F888888000000000A6
:1040E00004040404047F7F040404040400009C8F7F
:1040F00000000474545454DEDE545454740400001C
:10410000000014151517153D3D1517151514000061
:104110009E8F00202424FC26268898E88ECCF888E0
:10412000000000007E2223223E0404047F040404D5
:1041300000009F8F0000FCFC24243C8888F88ECC73
:10414000F888000000103F7F21213F0404047F0411
:1041500004040000A38F000098E88EE898C8E828BF
:10416000FE2828E80000000044341F042431190709
:104170007F070D310000A88F0000B8CECCB880704A
:10418000FE88F88ECCB800000000643F0704613858
:104190000F00047F7F040000A98F0000B8CECCB8C8
:1041A00040CCC880F88ECCB800000000643F070403
:1041B000003F1F18047F3F040000AB8F0000F88E03
:1041C000E8886078C430A8CECCF800000000643FD6
:1041D00004043617121204047F040000B08F00009C
:1041E00000FC84A4A4A4A4A4A4A4A48400000000AB
:1041F000780F007F3F2031070C1432200000B18F70
:10420000000080FE22EA2A2A6AEAAAAA6A2200009C
:10421000000005040C15250545447F050505000033
:10422000B68F00004044D8000000000000000000ED
:104230000000000030181F103020202020202020F7
:104240000000B98F000022E6EC000808F83F0808DB
:10425000C8F800000000380F1F1036232120242446
:1042600027210000BD8F000022E6E400020202F2D6
:10427000FA0E060200000000301F1F103028282F01
:10428000272020200000BE8F0000848C8810101092
:1042900090FE901010100000000030181F102C2607
:1042A00023202123262C0000C18F0000848C88400D
:1042B000444444FC444642400000000030181F10B3
:1042C0002020203F202020200000C28F000022E676
:1042D000E420222222FE2222222200000000301F9F
:1042E0001F103028282F202020200000C48F00001D
:1042F000848C8860384E48C8C84808080000000010
:1043000030101F10242E29292828282E0000C58FA0
:1043100000004246CC424242FE424242FE000000C1
:10432000000030101F1030202F202020272C0400E8
:10433000C78F0000848C98001090101010FE101091
:104340000000000030181F1030212928282F2020BD
:104350000000C88F00004246C80202C27E2222220C
:10436000E2E20000000030181F143623202024242D
:1043700027200000CE8F000022E6E400FE0201802C
:10438000FE0202FE00000000301F1F123323212115
:104390002F2222230000D08F000022E6EC2022A250
:1043A000E22222A2222000000000301F1F10362728
:1043B00024242427272C0000D18F0000848C98000F
:1043C00000FC444444C642420000000030181F1064
:1043D0003F232020202F20200000D38F000022E444
:1043E000EC003A2A22A2E2FEFE2200000000301F6A
:1043F0001F1434222329282F27200000D48F0000E7
:10440000848C8800FC3CA42424A4E6000000000066
:10441000301F1F3C2728292526272C200000D58F58
:10442000000042C6C4505C4744FCFC4444440000C5
:104430000000301F1F103020203F2F2020200000C0
:10444000D88F000020E2E482C26232FE0662C2829D
:1044500000000000301F1F113020202F20202021BD
:104460000000D98F0000848C801050D0901ED07036
:10447000101000000000301F1F382C242723232693
:104480002C200000DB8F0000848C98001010FC10A2
:1044900010FE10100000000030181F1039272321D3
:1044A000212F21210000DC8F000022E6E41012D22F
:1044B000F212F2F2121000000000301F0F1C36231F
:1044C0002020232724270000DD8F000042C4C88459
:1044D000949494FF9494949400000000301F1F1053
:1044E0003020202F202424270000DE8F000022E629
:1044F000EC04343C2724F424242400000000301F62
:104500001F11312121213F2121210000DF8F0000D7
:10451000848C980000FC444444447C7C00000000EF
:1045200030181F102F23202021222C280000E28F7A
:10453000000042C6C820E2B29E86A2A2BA1E0000B7
:104540000000301F1F1037272424242427200000B8
:10455000E48F0000444CD090D8EE48E8E828E80802
:104560000000000030181F10202F282B2B2A2B2C86
:104570000000E58F000044CCC800FC04F41414F4DF
:1045800004FC00000000301F1F103F202322222BBC
:10459000282F0000E68F000084988008FE08F83875
:1045A000FC0404FC00000000301F1F1C23282F20E7
:1045B0002F28282F0000E88F0000444CC800B0B816
:1045C000A6A0B0BCB8200000000030101F102F289B
:1045D000282828282F200000E98F00004246C41018
:1045E0001CE704FCFC64DC0C0000000030181F1009
:1045F0003321282F272023220000EA8F000022E405
:10460000EC00F84848FF4848F8F800000000301F68
:104610001F1037242427242427270000EB8F0000B5
:1046200020E6E400FCFC44474444FC000000000099
:10463000301F1F1037272424242427200000ED8F4B
:10464000000044CCC8A0B88E88FE88888888000006
:104650000000301F1F10382C262323262C28000092
:10466000EE8F00004246C420180704FC24242424B2
:104670000000000030181F102020202F21212121B0
:104680000000F08F0000444CD0101090F0FE70D469
:104690009C100000000030181F142621202F20201D
:1046A00021220000F38F00008C988000E4A4A494E1
:1046B00094BCA46000000000301F1F102828282F81
:1046C000282828280000F78F000022E6E42026ACE6
:1046D000E0FFE0A82E2200000000301F1F14362348
:1046E000202F202123260000F88F000022E6EC482E
:1046F00048FF7C4848FE484800000000301F1F105B
:104700003C272020202F20200000F98F000022E4E9
:10471000EC80F404FC0706FC34E400000000301FC9
:104720001F113C262328282720210000FD8F000090
:104730002226EC00FCFCA4A7A4A4BC80000000007E
:1047400030181F1037272424242427270000009026
:104750000000444CD800FCFC54545454FC8000002D
:10476000000030181F102F2F242523272D2800008C
:104770000190000022E6E440484B4CF8C84E4B48FC
:1047800000000000301F1F103C24272121232C2073
:10479000000002900000C4CC9820242424FC24268D
:1047A000222000000000201F1F102F2F2929292957
:1047B0002F2000000390000022E6E482CCE0FF00FE
:1047C000FF68CC8000000000301F1F14262320202B
:1047D00027242426000004900000848C88D0D84C24
:1047E0007EB4347C44C00000000030181F10372510
:1047F000252F2525252400000590000022E6CC0069
:10480000FE12D252525351D000000000300F1F163A
:10481000332027242424242700000690000022E6C9
:10482000E008F80B0CF8080EEBE800000000301F61
:104830001F1031392D27212121210000099000006E
:1048400042C6C4202C26E43FFFE4242400000000DC
:10485000301F0F1C362321202327243700000A9005
:10486000000022E4E042FAFE22F808FF08F000000F
:104870000000301F1F183F272128282F202100006B
:104880000B9000004244C804F45454FF5455F6F40D
:104890000000000030181F103F21212F21292F2751
:1048A00000000D90000042C6C800F25C505F5058F6
:1048B000F60000000000301F0F183F2121212129A0
:1048C0002F3000000F90000042C6C4086A6ADA7EEA
:1048D0005ADA2B2800000000301F0F183C26232036
:1048E00029292D3700001090000022E6E0125A6AB4
:1048F0002EDEF2F29A0A00000000301F1F1432234D
:1049000029282F2020230000119000004246C408CF
:10491000284888FFC8C96A280000000030181F1006
:104920003223292F20212326000012900000848C9E
:104930009000E82E2CF8282E383800000000301F98
:104940001F102525232F2125252700001490000066
:1049500022E6E450485C56F35654485800000000E4
:10496000301F1F143721282F2021232400001690E8
:104970000000848C8024BCFC807080FEC07000002D
:104980000000301F1F1A292F282C2321272C00005C
:1049900017900000848C9004F49494949494F404FC
:1049A00000000000301F1F18282B2E282C2F28282D
:1049B00000001A90000042C4C800F25256FA5A563B
:1049C00052F000000000301F1F103F21212F21292D
:1049D000292F00001B90000042C6C899CEFE00227D
:1049E00022FE222200000000301F1F14342724243E
:1049F0002427242400001D90000042C6C088C8FF60
:104A000048FCFE22E22200000000301F1F182C2765
:104A1000202F20202F2000001E900000848C980062
:104A2000BCA4A4A4A4A4BC8000000000301F1F18D4
:104A30002A2A2A2F2A2A2A2A00001F9000006264AC
:104A4000C804F49494FF9494F4F400000000301827
:104A50001F103C26232F2123262400002090000035
:104A600022E6EC20ACA7A4BFA4A4A424000000006C
:104A7000301F1F10372424242424272000002190D5
:104A8000000084989080D87C9610103C58900000CC
:104A9000000030181F103A2B2F25252B292000004D
:104AA0002290000042C6C02824765FFA5A5672202F
:104AB00000000000301F1F103525253F2525252427
:104AC00000002690000022E6E0F2FACAFA02FA4A52
:104AD0008AFA00000000301F1F1737282F202F20D0
:104AE000292F00002D90000022E6E40E0EFA4A4B1A
:104AF0004A4A7A0E00000000301F1F10302F29296B
:104B000029292F2F00002E90000023E6E408EAAAAE
:104B10002AFF2AAAFE0800000000301F1F142623C7
:104B20002B2F2123262400002F90000022E6E420D2
:104B3000EAAA2AEA2A2ABE2000000000300F1F1429
:104B400034222B2F2123262400003590000023E659
:104B5000E4086A2A1ACF0A2A2A4800000000301FF7
:104B60001F14352525272525252400003690000013
:104B700022E6E4A8AABADAFE9B99A9A800000000E0
:104B8000301F1F10382B2E26262F28380000389073
:104B9000000044DCD020F8AEA6E4BCACE00000008D
:104BA0000000301F1F18282423232F292A2C00003F
:104BB0003B9000002226EC009ED27E52525ED21E16
:104BC0000000000030181F1039282D262223202035
:104BD00000003C900000848C8802FAFACACACACA53
:104BE000FA020000000030181F102F2A2A2F2A2A4C
:104BF0002F2F00003E90000022E2E418E8ACAEEB5C
:104C00000ACC08E800000000301F1F103F222A27AE
:104C1000202B2C27000041900000848C9000FC1475
:104C2000D4547E52D29200000000301F1F1C272057
:104C30002F2D2D2D2F2F00004290000042C6C4289A
:104C4000A8AF5C78CCEF380800000000301F1F14BC
:104C500034222B292720212300004490000042C643
:104C6000C820AEA8A8EFA8A8AEAE00000000301F74
:104C70001F103F2027202720282F000047900000EA
:104C800022E6E400FE6A6AFE6A6A7EC00000000056
:104C9000301F1F1037222223222B2A2F00004D9075
:104CA000000042C6CC80FCD454D754D454DC00005D
:104CB0000000301F1F17212F21272127292F000037
:104CC0004F90000020E6E400DE7676D6D6565EC031
:104CD00000000000301F1F1137242625252E28270D
:104CE00000005090000042CC08FEFE525E4052523E
:104CF000D2DE00000000301F18172722222A2D269E
:104D0000272800005190000022E6E4005E5A5ADB9A
:104D10005A5A5E4000000000301F1F143525252719
:104D200025252524000052900000848C8008E82E60
:104D3000F828F82EE8080000000030181F102F2B6C
:104D40002A2A2A2B2F200000539000002226E0045C
:104D5000F457565C5457F4040000000030181F103C
:104D6000372525252525272000005790000022E61D
:104D7000E410D656565F5656D61000000000301F7D
:104D80001F103B28242724242B28000058900000C3
:104D900022E6EC12DADADFFADADFDA1A00000020B3
:104DA000301F1F123F222223222A2F2200005B9055
:104DB000000023E6E41EDE494DD25E52D2DE000042
:104DC0000000301F1F103725252725252727000025
:104DD0006290000022E6EC20BF35F535B5353FE0A6
:104DE00000000000301F1F14362A2F2024232A2FF2
:104DF000000063900000444CC820EC6C6C7E6C6C2E
:104E0000EC200000000030181F102F2D2D2D2D2D0F
:104E10002D2000006590000022E4ECC0E6BAA2EE6E
:104E2000A2BBAD8000000000301F1F1037242427D4
:104E30002424272000006890000043CE4052D27FF7
:104E400052727ECFFC1C00000000300F181C372966
:104E50002F282C23272C00006D90000022E6E03A3A
:104E6000FADAFFDAFFDAFA3A00000000301F1F100A
:104E70003F2A2A2A2A2A2F2000006E90000044CCC4
:104E8000C800F828F82E2C28F82800000000301F51
:104E90001F1E332C212D212D212C00007490000089
:104EA00021E6E4A4F476CCBF8C9EF5A400000000BB
:104EB000300F1F193D27232223222F220000759037
:104EC000000022E6E402FAEBDECADEEBFAFA0000AA
:104ED0000000301F1F1222262E222A2F222200001D
:104EE0007D900000848C0880F8A8A8FEECCCCCB89B
:104EF00000000000301F1C1F21262D3B3F2E2E29B5
:104F000000007F900000849800FC7C243C4878CE10
:104F1000685800000000301F1C172F292F22222F55
:104F20002222000080900000848C80FCD4D6FCF803
:104F3000FC8EC83800000000301F1818272A2E20C9
:104F4000382F2738000082900000848C30F896FCBF
:104F5000FC20F4CCE49C00000000301F183F223FEE
:104F60003F2725242F2400008390000044CCC84C08
:104F700054F4ECC6647CD44C00000000301F1F10B9
:104F80002B2A35333F23242C00008890000022EE8A
:104F900040ECB27B887CD457D47C00000000301FEA
:104FA00018162A2D2F2C23202F2C00008B90000068
:104FB00020E6E438FFE87ADFF86ACF7800000000E6
:104FC000301F1F103F26262F2A26272C00009190E5
:104FD000000000E02E2A2AEAEA2A2A2EE000000039
:104FE0000000003F22222223232222222318000035
:104FF0009390000064C484C47C0000FC04C4BC0C16
:105000000000000030180F071C00007F0010110E78
:10501000000095900000000C7A60646C72606C6C0B
:10502000120000000000003F2929292F2F292929DB
:105030002F300000979000808484FCFC848480FCE6
:105040000444F41C0000000000003F7F0000007FCB
:105050000010111F00009990000010F0101C10109B
:1050600010FC0444F41C00000000001F101010107D
:10507000007F0010111F00009B9000000808F8F846
:10508000080800FC04C4F40C0000000008080F0726
:105090000404007F0010111F00009D90000000F824
:1050A000080E0C0808FC0444F40C000000007E0FFD
:1050B00000000000007F0010111F0000A190000000
:1050C00004FCFD4744C404FF0161BD07000000006B
:1050D000380F0020381F003F0808080F0000A2907A
:1050E000000084FC8C84FCFC84FCFC44F41C000068
:1050F0000000701F00007F3F007F7F10111F000025
:10510000A39000001212FE1212FE00FE0222DA86A6
:1051100000000000311F0321313F003F0808080F45
:105120000000A6900000484848FE484800FC04449F
:10513000B40C0000000062321E030202027F001065
:10514000111F0000AA900000627A42C2FE4242FE95
:105150000262FA8E00000000180423213F00003F85
:105160000008080F0000AC90000000FC86A7A4BC5B
:1051700080FEFE22FA8E0000000004040426223F76
:10518000033F3F08080F0000AE900000F80808FE3B
:1051900008F8F000FC04F41C000000003F11111F8F
:1051A000113F1F007F10111F0000AF90001010FE74
:1051B000101010FE10FCFCC4F41C00000000003FA6
:1051C0001111113F007F7F10111F0000B0900000EF
:1051D00060786E60283060FCFC44B40C0000000075
:1051E0003F3F2121217F007F7F10111F0000B190E0
:1051F000000000FC4444C44640FC04C4F41C00000D
:105200000000303F30101F10107F1010111F0000E1
:10521000B39000000484E4FC6CC404FCFCC4F41CE3
:10522000000000022321203F3011137F7F10111F47
:105230000000B4900000E42424FC24E4E400FC0416
:10524000F41C000000007F040701467F3F007F1030
:10525000111F0000B590000084643C8484FC04FCB1
:1052600004C4F41C000000007E222222227E007F63
:105270000008090F0000B69000002020FE00FCFC92
:105280002020FC04F41C0000000010087F003F3FB9
:1052900030107F10101F0000B8900000F88C84BC04
:1052A000FC8680FCFC04F41C000000003F30203031
:1052B0001F30387F7F10111F0000B9900000605828
:1052C0004E4878C8C0FCFC44F40C000000002024C8
:1052D0002424247F3F7F7F10111F0000BA9000001C
:1052E000E000FE00FCFCC060FC04E43C00000000A8
:1052F00021233F303F1F13107F10101F0000BB9071
:1053000000006030186E48102000FC04F41C0000FF
:105310000000000911314D0700007F10111F00002F
:10532000BE900000F09C90FE909090FCFC04F41C59
:1053300000000000100C077F0304083F7F10101FBF
:105340000000C190004064FC9F9494F404FEFE228F
:10535000FA8600000000003F0202223F003F3F08A3
:10536000080F0000C4900000A0B4FC989CB6A08078
:10537000FC04F41C00000000182F312E22387000AD
:105380007F10101F0000C590000064744CC474644A
:1053900044FCFC44F40C000000002222223F223294
:1053A000107F7F10111F0000C7900010F8F7959430
:1053B000F404FC00FE027A8E0000000007070222BF
:1053C000233C1F003F08080F0000CA900000C86877
:1053D000080EA86888FEFE42FA0E00000000603148
:1053E0001A0E1B10007F7F10111F0000CE900000CE
:1053F000F8F82A2C28F800FC04E4BC0C000000009B
:105400003F3F11111D31007F1010110E0000CF9091
:105410000000086808FE08682800FE02F21E00006E
:10542000000061311D070D1921007F10101F0000C1
:10543000D090000060705C464C583020FC44F41C56
:105440000000000021392F21253961017F10101F34
:105450000000D190000010161CF0181E10FCFC0477
:10546000F41C0000000061311D070D19217F7F1021
:10547000111F0000D39000002CE474A4A4242C007D
:10548000FC04F41C000000001111197F7F090900C1
:105490007F10101F0000D790000050D47C4C4C5659
:1054A00050FCFC04F41C00000004063F027F0222B2
:1054B0003E3F7F10101F0000DB9000004474447CCE
:1054C000C6FE0AFCFCC4F41C000000000444447F37
:1054D0000504047F7F10111F0000DC900000B88ECF
:1054E00088FE888888FEFE02F21E00000000007E12
:1054F0002222227E3E3F7F08090F0000DD9000003F
:105500004848C87EC8484840FE02F21E000000001D
:105510004E300F407F010E087F10101F0000E190F9
:1055200000009494FC9494FC10FC04C4F41C00004F
:1055300000080C7F2222223E007F0008090F000095
:10554000E2900000BCBCA4A4A4BC80FCFC44F41CFD
:10555000000000006424243F2424207F7F10111FBA
:105560000000E6900000F414F404F414F4E4FC04E5
:10557000F41C000000007F037F007F037F3F7F104B
:10558000101F0000E7900000C05C5454545CC00041
:10559000FC04F41C000000006F20300F10200F00EE
:1055A0007F10111F0000E890000088B8E88EE8B86E
:1055B0008800FC04F41C000000003E7E2222227EB3
:1055C0003C007F10111F0000EB900000F8A8A8FE1F
:1055D000A8A8F800FC04F41C000000000C0E0B0846
:1055E0007E3E08087F10101F0000ED9000006474DC
:1055F0005456547404FCFC44F40C000000000949A7
:10560000497D0B0B087F7F10101F0000EF900000FA
:1056100090DC60BE60588C00FC04F41C00000000AC
:105620006C26180F183622007F10111F0000F4900E
:10563000000010F0FE9090FCFC90FC44F41C000074
:1056400000000F037F08077F7F017F10101F0000FD
:10565000F8900000F0969CF09896F000FC04F41C82
:10566000000000000B0A0A7F0A0A0B007F10111FBE
:105670000000FD9000004848FCFC685844FCFC8495
:10568000F41C00000000027F2525257F007F7F108D
:10569000111F0000FE900000FE02FAAAAAAAFA005A
:1056A000FC04F41C000000003F21372D2D2F312079
:1056B0007F10111F0000029100005C545C405C549C
:1056C0005C00FC04F41C0000000001074545457D1A
:1056D00001017F10101F000004910000F414FC145D
:1056E000FC14F400FC04F41C000000002525253FF8
:1056F000252535007F10101F0000199100005C5C0B
:1057000054F4545C40FCFC44F41C000000007F2175
:105710003D353D217F3F7F10111F00001E9100008D
:10572000C45E54F4545EC400FC04F41C0000000089
:105730004D4D4D7F6D6D2D007F10101F000022918B
:10574000000044F4447C54545440FC04F41C000015
:1057500000003007351545553D007F10111F000032
:105760002391000014D45C56545CD410FC44F41C07
:10577000000000001017157D151517107F10111F60
:1057800000002F91000054D656FC54D65440FC041F
:10579000F41C000000003A3B2A2B2A2B7A027F08D7
:1057A000080F00003191000024BC64FC66BAA220FE
:1057B000FC04F41C00000000037F2A3F2A2A7F001B
:1057C0007F10101F000039910000FEAAAAFE9474F9
:1057D0007C44FC04F41C000000002A2E167F0B19E8
:1057E00035007F10111F000043910000BAAAAAFEE5
:1057F000AAAAAA1AFE42F21E000000007E3E3E2225
:105800003E3E223E7F10101F0000469100007E6E3B
:105810007E7F6E6E7E00FF01798F000000002327DF
:105820003D253D3D17003F08080F0000499100004D
:1058300002F21292FE1212FE1212F2020000000098
:10584000003F15151414141515153F0000004A915A
:105850000000FA8A3EFE8AFA020202FEFE020200FE
:1058600000003F121212123F0020203F1F000000D4
:105870004B91000008C8484EFC4848F84E4AC808FA
:1058800000000000007F282A2928282B2A2A7F00D0
:1058900000004C910000F49C14FC14F4609C141063
:1058A00010F0000000007F252425253F000143441F
:1058B000603F00004D910000FA8A7EFE8AFA00C225
:1058C000424242FE000000003F121212123F003F0F
:1058D0002020203808004E910000F4FC14FC14F441
:1058E00020A02020FE20200000007F252425253F29
:1058F000000346407F0000004F910000E4FC24FCC0
:10590000E4C4C0F860FE20E0000000007F252425EC
:105910003F00007F40474477000050910000FAEEBE
:105920000AFEFAF24242C6FE4242000000003F1266
:1059300012121F1F0000003F0000000052910000E3
:1059400044C40CC4E424FC24FC2424E4000000002F
:10595000301C063F7F2524242525257F00005791F4
:105960000000E4FC24FCE404F818E0F80CF8000063
:1059700000007F2524253F003F2C27232E7F000099
:105980005A910000E4BC24FCE4E4E0BC8086BCE066
:10599000400000007F2524253F3F601C47407F00DA
:1059A00000005D910000FAEE0AFEFA222222E222B5
:1059B0002222000000003F1212121F10181F1110A7
:1059C0001F1C00005E910000F4DC14FCF424202075
:1059D000FEE02020000000007F2524253F60301CD1
:1059E00033231E70000061910000E4BC24FCE4E459
:1059F00030D01E1810B0000000007F2524253F3F46
:105A0000007F42434170000062910000F49C14FC4E
:105A1000F464601CF6F09090100000007F272427AB
:105A20003F0000003F7F0404000063910000F4DCAD
:105A300014FCF4F4FEFE1010FEFC100000007F25A4
:105A400024253F3F3F7F21217F3F000064910000DC
:105A5000F4DC14FCF4F42020FEFE20200000000002
:105A60007F2524253F3F7E222323227E000065914F
:105A70000000F4FC14FCF4044848FCFC444400001E
:105A800000007F2524257F181C077F7F071C00004E
:105A900069910000E4FC24FCE400386CC6C43C0CB2
:105AA000000000007F2524257F04067F2322227E1C
:105AB00000006A910000E4BC24FCE4E4309CEEE8C1
:105AC0003808000000007F2524253F3F3F3F222269
:105AD0003F7E00006C910000F2FE7E92F2E0FEE05C
:105AE000E0FEE0FF000000003F1212123F301F00F6
:105AF000011F003F00006E910000F2FE129EF2FEB8
:105B0000FECA4ACA0AFE000000003F1212123F3FBE
:105B10003F070223203F00006F910000F4FC14FCBB
:105B2000F4047C5848484860000000007F25242584
:105B30003F007F252525257F000070910000F4FCA3
:105B4000141CF4A0BC94FEFC9090000000007F2583
:105B500024253F60301F003F6060200071910000ED
:105B60007056587FFE6466FB525A4E460000000095
:105B7000003F2D2D2B29292F2D2D3F000000729144
:105B80000000F2FE12FEF2005E52D2D2525E00001F
:105B900000003F1212121F1012121F1F12120000DB
:105BA00074910000F4FC14FCF4207058CC4C50208C
:105BB000000000007F2524257F311D457F010D3920
:105BC000000075910000E4FC243CE4202828FE68D5
:105BD000382C000000007F2524257F020B497D3FE3
:105BE0000B09000076910000E4FC3C3CE430FC2E04
:105BF00068A8A8E8000000007F2524257F011F1168
:105C000055597F17000077910000F4DC14FCF4E490
:105C1000B89C90FE9090800000007F2524253F00D6
:105C20007E222222227E000078910000F4FC14FCE7
:105C3000F480D87C96107CD0000000007F252425BD
:105C40003F4466273D3D2761000079910000E4FC58
:105C500024FCE40434443C66E23A000000007F2562
:105C600024257F01050D51417F0100007D91000039
:105C7000F2FE32F2F2C0DA7E7E7E5A5A0000000056
:105C80003F1212123F3F03000000000000007E910F
:105C90000000F2FE7EF2F2F292F202F292F20000C4
:105CA00000003F1212121F3F013F003F233F000040
:105CB0007F910000E4FC243CE400F8282E28F8F84A
:105CC000000000007F2524257F607F21271D3D25C2
:105CD000000085910000E4FC24FCE48088E88E8CC0
:105CE000F888000000007F2524257F007E222222E4
:105CF000227E000087910000E4FC243CE4047454FC
:105D000056547474000000007F2524257F0809493B
:105D10007D0F0B09000089910000E4FCFC24E408DD
:105D2000C8E88EC8F888000000007F2524257F057C
:105D300004047F04040500008B910000E4FC243C73
:105D4000E448487E48487E48000000007F2524251E
:105D50007F007F2929293F3F00008C910000FAFE37
:105D60000A8EFA02BE2A2AAA2A3E000000003F122A
:105D700012123F303F12123F223110008D9100006D
:105D8000FAFE0A8EFA80BEAAAAAAAABE8000000065
:105D90003F1212123F301F183F3F22220000909105
:105DA0000000E4FCFCE40410FE1010FC24FC0000E5
:105DB00000007F25243F3F3F111F7E0F427F0000E0
:105DC00091910000E4FC24FCE4C4743C7C7C545CB1
:105DD000000000007F2524253F007F151555557FC5
:105DE000000092910000F2DE12FEF2F2BEEAAAEA90
:105DF000AABE000000003F1212123F3F25243F3F81
:105E0000242420009A910000F4FCFCF44458D04C67
:105E1000D0FEC05C000000007F25243F60303F2C96
:105E2000435F414600009B910000E4FC243CE48079
:105E3000845E2464DE84000000007F2524253F2149
:105E400025253F2525250000A2910000E4FC2424FF
:105E5000E4C8E8FC2C28E8E8000000007F252425A1
:105E60007F203E3F233F233E2000A3910000E4FC1F
:105E70002424E4FC5454F65454F4000000007F251C
:105E800024257F3F39392F2929790000AA91000064
:105E9000F2FE7EF2F2261ABEC0A69A3E0000000074
:105EA0003F1212121F21293A151609010000AD9167
:105EB0000000E4FC243CE4105C7ED05E70540000E2
:105EC00000007F2524257F4465351F1D35650000B2
:105ED000AE910000F2FE1292F230FEABA8FEA8A82E
:105EE000000000003F1212123F301F1A223B023AFC
:105EF0000000AF910000E4FCFC24E404D41CD614A0
:105F0000DC34000000007F2524253F223D3C253C59
:105F1000253D0000B4910000E4FC3C3CE4387C7E6C
:105F2000547E547C000000007F2524257F414F6B68
:105F30004B6B7F4F0000B5910000F1FF7F91F1F8AE
:105F4000FC94BFB6B6AE000000003F1212123F3FF5
:105F500017152B1E06190000BA910000F2FE129EC2
:105F6000F204F6F6FED7B5F5000000003F1212125B
:105F70003F341535073505350000C791000004147E
:105F8000740404FCA40646721A00000000002131CB
:105F9000190D077F7F070D1931210000C9910000FD
:105FA000BC84FEA29AF0F010FE1010F00000000079
:105FB00018077F02047F7F223F22227F0000CA91C0
:105FC0000000B4A4FCA692840C7C24745CC4000081
:105FD00000000C037F0302080A0A7F0A0A0A000075
:105FE000CC91000000FCA4A4A4FCFCA4A4A4FC008C
:105FF0000000000020242424243F3F2424242424BF
:106000000000CD91000010D4D4D4D4FCFCD6D6D25C
:10601000D21000000000202B2A2A2A3F3F2A2A2AD9
:106020002B200000CE910000FC94FCFC94FC849496
:10603000B4F4DC8C0000000024243F3F24340040F2
:106040007F3F00030000CF91000040DCDEDADADAA7
:10605000DADADADEDC400000000040575656567FA0
:106060007F56565657400000D19100004060707036
:1060700058CCCE58507060400000000020222E3ACC
:10608000223F3F223A2E22200000DC910000484CA3
:10609000E4A6AAB0B0BAAEE44C4800000000404408
:1060A0005C74447F7F44745C444000007492000040
:1060B0003CBC80FEC070588EB8A8480800000000A4
:1060C00021252C35253F3F25352D252100008E9299
:1060D000000022A2BE92D2706ECA9A9EBE301000FC
:1060E000000021252C3D253F3F253D2C252100008A
:1060F000AE92000088C82808F80C8CF80828C888D8
:106100000000000044465276557D7D55765242444B
:106110000000C892000088D6641054D4B43C745473
:10612000D2900000000042424A7B4B7F7E4B7B4A6C
:10613000424200003E930000545C56FC5454C07C24
:106140001414F61000000000444E4A7E4F7D7D4F2F
:106150007E4A4D4400006A930000945C3CFC1C3471
:10616000909CF664FC8C00000000444E4B7F4F7DF9
:106170007D4F7E4A4E4500008F93000008D6648410
:10618000D47C1CF614DCF40400000000454E4A7E6A
:106190004F7D7D4F7E4A4F450000CA930000A4EC1E
:1061A0007E7CEC2410ACEA68F8880000000025260C
:1061B0002A3F2F3D3D2E3E2E24250000D693000081
:1061C00080FC34F43CB436FCB474748400000000E9
:1061D0003F47455777577D577775554500003E94A3
:1061E00000007CECACACEC80D45CF6F45C540000B9
:1061F0000000444E4A7A4B7E7E4B7A4A4644000069
:106200006B9400001098A8E8ACFEFEACECA48808E3
:10621000000000004A6E3D2D3E005E6E7D4D7E4AC0
:10622000000085940000302CEEE8282800000000D3
:1062300000000000000001013F3F111100000000BC
:106240000000000086940000384EC8C8484800FE90
:10625000000000000000000002023F3F1212003F59
:1062600020202038000087940000784EC84848005D
:106270000808C86818080000000002223F32120017
:106280003C2721202038000088940000584EC84840
:1062900048404040FE4040400000000002027F2293
:1062A000120000007F0000000000899400003C27DD
:1062B000E4242404040404FC040404000000012178
:1062C0003F1119010020203F000000008A940000C7
:1062D000182624E424240000FC0000FF0000000035
:1062E0000101313F111900002720301F00008B945D
:1062F0000000384CC8C8480800FEC08000000000FC
:10630000000002027F3F1212007F00000102000025
:106310008C940000784EC8484800040484E43C0C87
:106320000000000002027F22320000407F3F000098
:1063300000008D940000784EC84848404040FE4020
:1063400040400000000002223F12122020203F2087
:10635000202000008E940000382EE82828808C8CA5
:10636000FC8484848000000002623F22120000004E
:106370007F00000000008F940000784EC84808009D
:10638000FC00FC0000FE0000000002423F32523CD4
:106390000F001F00007F000090940000784EC84856
:1063A00048001010188CC6400000000002027F2236
:1063B000120262233111180C000092940000784EF2
:1063C000C8484800FCC48404FC000000000002220D
:1063D0003F127A3C070003023F2010009394000014
:1063E000784EC8484860389E101010F00000000039
:1063F00002427F22320200014644603F0000949432
:106400000000784EC84808F20E08020202FE0000A2
:10641000000002623F32127F00000040407F000017
:1064200095940000784EC8484820A0FC2620E02023
:106430000000000002623F2212402734181E336021
:10644000000097940000784EC848480CFC847404FF
:10645000E43C0000000002623F22126020131C1E78
:106460003160000099940000384EC84848E4E404C4
:10647000FC2424240400000002427F223201010196
:106480004141613F00009A940000784EC84848049A
:1064900004C4FCCC84040000000002223F22120647
:1064A00003017F00010300009B940000784EC84860
:1064B000482020A0FE2020202000000002623F3261
:1064C0005260381F230F386000009C940000784E03
:1064D000C8484800FC24242424E4000000000222D0
:1064E0003F3212003F222222222320009D940000EE
:1064F000584EC84848C8C808FE0808C80000000030
:1065000002627F22120707047F44446F00009E94BA
:106510000000784EC84848C07000FE0030E000001F
:10652000000002623F221261202017180E020000B4
:106530009F940000384EC84848F03010FE3010F0EC
:106540000000000002623F22120702027F020207DF
:106550000000A09400003C27E42424F01090FF9059
:1065600010F00000000001213F11093F0407012342
:10657000263F0000A1940000584EC84848FCFC0487
:10658000F40404FC0000000002623F325267371C32
:106590000F1030670000A29400002C27E42404FEB2
:1065A0001272C27A02FE0000000001213F11013F79
:1065B00008060327203F0000A3940000784EC84837
:1065C00008FCFCC4444446C60000000002223F12FE
:1065D000723F41233E1C27610000A4940000584EE6
:1065E000C8484840301CCE1830400000000002620D
:1065F0003F2212010101711D07000000A594000057
:106600003C27E4242400FE12121212FE00000000B7
:1066100001313F1109380F010121213F0000A694EB
:106620000000784EC84848C0781ED0109070000016
:10663000000002023F221260301C071C3060000084
:10664000A7940000784CC848486078DE901010F09D
:106650000000000002623F32121018084D44643FEF
:106660000000A8940000784EC8484800F80C4E4836
:1066700078080000000002623F3212080909094947
:10668000413F0000A99400003C27E42424309EEB05
:10669000880808F80000000001213F1109060702E0
:1066A00022273C1F0000AA9400003C27E424040891
:1066B000E82B2EE808080000000001311F19311CEA
:1066C0000700001F30301800AB9400001C37F43472
:1066D000040808F84F48C8C80000000001311F191D
:1066E00029300F0120203F070000AC940000384EF5
:1066F000C8484880F000FE00C07000000000026240
:106700003F325261301C071C31600000AD94000024
:10671000784EC848480080881800FE00000000003D
:1067200002027F223208080D05047F040000AE94A7
:106730000000382EE828088484FC8C84F4FC0000D7
:10674000000002223F1222203C2F20203F20000088
:10675000AF940000584EC84808FCFC04FC0404FC3C
:106760000000000002223F12121F3F21212121338D
:106770001000B0940000382EE82828048484FC849B
:1067800084840000000002223F12122020203F20BB
:10679000262C2000B1940000784EC848482020FEE6
:1067A000F0B494900000000002423F2212412131D7
:1067B0001F3944620000B2940000384EC8484804B3
:1067C000C404FCFC84840000000002223F3212203A
:1067D0003F203F3F20202000B3940000384EC8489F
:1067E0004810FE101010FE100000000002023F22B0
:1067F00012007F2121217F000000B4940000384E58
:10680000C84848202020FE2020200000000002026E
:106810003F22123E7E222322227E0000B5940000F9
:10682000584EC848081010F0FEF01010000000008C
:1068300002223F120A0C0B087F080B0C0000B694D2
:106840000000784EC8484804E424E404FCFC00003E
:10685000000002423F3212000F0447407F3F000019
:10686000B7940000784EC84848FCFC04E424E4C413
:106870000000000001213F31113F3F20272427273E
:106880000000B8940000382EE82808C8F89EEA886E
:1068900088880800000002223F1213011F007F10A9
:1068A000101F0000B99400103866E464041090FED4
:1068B000909294900000000002623F2272301F63A9
:1068C0003C382F630000BA9400002C23E22202F827
:1068D00008083FF88BEE0000000001311F11011F76
:1068E0001828101F37300000BB940000384EC848ED
:1068F00048000000FE1010100000000002223F328D
:10690000127F7F212121217F0000BC940000784E5E
:10691000C8480800FC44444444FC00000000024213
:106920007F2232007F222222227F0000BD940000BD
:10693000784CC8484800FC444444FCFC000000007B
:1069400001213F3111202724242427272000BE9431
:106950000000784EC84848FC2424FC2424FC000095
:10696000000002423F32120702027F0202070000CB
:10697000BF940000784EC84848FC8484FC8484FCA2
:106980000000000002423F22127F20203F20207F93
:106990000000C0940000784EC84848F01010FE1067
:1069A00010F00000000002223F22127F21213F212F
:1069B000217F0000C1940000784EC84848603C1018
:1069C000FE1010100000000002027F221261311D33
:1069D000070F31610000C2940000584EC84848F0CB
:1069E000F0181E1010F00000000002023F32127F6B
:1069F0007F212121217F0000C3940000784EC848E8
:106A000048402018CE1830400000000002423F22CB
:106A100012000919316D07000000C4940000382EDF
:106A2000E82808FC8484F484868000000000026268
:106A30003F32321844407F000C380000C5940000FB
:106A4000584EC84848807C040404FC8000000000C4
:106A500002623F2212007F2121217F3E0000C69466
:106A60000000584EC84800F804F600F808F8000086
:106A7000000002723F12086F3C0F007F080F0000F9
:106A8000C8940000584EC8480888888AFE888888BC
:106A90000000000002623F22021F00007F00101F62
:106AA0000000C9940000784EC848481090F03E1885
:106AB000D0100000000002623F321220313927233B
:106AC00039700000CA940000784EC8484878C80859
:106AD0000E0808380000000002427F2212007F46A4
:106AE000424341701000CB940000784EC8480880A3
:106AF00000F60CC8FC840000000002423F325267DE
:106B0000307F474140370000CC9400003C27E4240C
:106B100004FE12D21212929E0000000001311F11D9
:106B2000391F003F232121300000CD940000784E12
:106B3000C84848F88888FE8888F80000000002628B
:106B40003F32721F6326183C27610000CE9400007C
:106B5000784EC84808849C7464749C8C00000000C3
:106B600002223F121A0A0A0A7F0A0A0A0000D09477
:106B70000000382EE828404848FEC868584C0000FD
:106B8000000001213F311301074545453D0100004B
:106B9000D1940000584EC8484848487EFC68584484
:106BA0000000000002623F321204067F4D4446702E
:106BB0000000D2940000184EC8484804FC24242445
:106BC000FC040000000002023F3212101F191909D4
:106BD0007F080000D5940000784EC84848C8F85E89
:106BE0004848C8C80000000002427F2111007F0908
:106BF00009497F3F0000D6940000584EC84800F075
:106C0000909010FE12D40000000002723F127A0F22
:106C1000084F301F7E610000D7940000784EC848AE
:106C20000828E808FE08E8080000000002623F1299
:106C30005021310F071D31610000D894000058CE5B
:106C4000C848F484FCFC84FCC43C00000000027FC3
:106C50003F32304F7F3F007F101F0000D99400006B
:106C60001C17F4140044272E34744C6000000000FC
:106C700001391F1921311F03013F21310000DB942D
:106C80000000382EE828288CB880FE80B88C0000E0
:106C9000000003233F33102424242424247F0000F5
:106CA000DC940000ACA7E4A424FE02CA4ACA02FE97
:106CB0000000000001311F19083F00070223203F98
:106CC0000000DD940000784EC848087C7C444444B1
:106CD0007C3C0000000002223F32127E222222224F
:106CE000227E0000DE940000784EC84848003C2414
:106CF000E4243C3C0000000002427F22223F0101CC
:106D00007F01213F0000DF940000584EC84800FC7E
:106D10004444FC4444FC0000000002623F32127F05
:106D2000282E232E287F0000E0940010BCA7E4A4A6
:106D3000045E50505F5050DE0000000001313F11F2
:106D4000001E3222222222330000E194000058CE9D
:106D50004848FC04F4FC00FC00FE00000000027F38
:106D600032422F1C1727004F407F0000E2940000A2
:106D7000384EC84848603C10FE101010000000005B
:106D800002623F22123119077F070D310000E394A0
:106D90000000784EC84848603C10FE1010100000FB
:106DA000000002223F221261390F017F4161200061
:106DB000E494000078CEC8484474CC404CFC444471
:106DC00000000000023F1F32321C1738282F2828ED
:106DD0000000E5940000584EC84848242424FC24B0
:106DE00026200000000002223F321221392F2121EB
:106DF00039610000E7940000784EC84820F8FE4052
:106E0000FCFC188C0000000001613F110405050422
:106E10007F0505050000E8940000584EC84848600A
:106E2000704CCE4870200000000002223F12122059
:106E300024243F2424240000E9940000784EC8480C
:106E400008446C38D83824600000000002623F32E9
:106E500010310D417F010D190000EA940000584ED9
:106E6000C8484860704C4E58604000000000026204
:106E70003F32127E222222227E000000EB9400008C
:106E8000784EC848087040FE00FE603000000000E8
:106E900002623F2244663E07007F42740000EC9489
:106EA0000000784EC84808309CEE48E8B80800005A
:106EB000000002023F2212017F2222223F3F0100F6
:106EC000ED940000784EC848486078CC8AC878189D
:106ED0000000000002223F3212067E232322227E7F
:106EE0000000EE940000784EC84808302C26F43C90
:106EF000E4E00000000002623F22000949497F09E6
:106F00000F0F0000EF9400000C27E42424F8FE1774
:106F1000F41C14F00000000001213F11191F3F2153
:106F2000212121390000F0940000584EC8480888FB
:106F3000C8280E0868C80000000002623F321241F3
:106F400021371C1E23610000F1940000584EC848F0
:106F5000081090D0FE1010900000000002623F3236
:106F600012037F3F20071D300000F2940000584EAE
:106F7000C84800C858684E487848000000000262BF
:106F80003F12703F0000000000000000F39400007A
:106F90003C27E42404C4E4FC474474C4000000001B
:106FA00001213F1129301E07003F20301000F494CA
:106FB000000058CE484844CC4464F4DC4CC0000087
:106FC0000000027F3232380E4C371847603F000015
:106FD000F5940000382EE82808B888E8BE8888B8FC
:106FE0000000000002623F321260273D181E33602D
:106FF0000000F6940000382EE82828FCFCA4A4A485
:10700000FCFC0000000002223F22127F7F20271C90
:1070100036620000F794000058CEC84810FC16F005
:10702000FC0404FC00000000023F3F1263371E1BFB
:107030007F20207F0000F894000038EEE82888A820
:10704000A8FEAEA8A8A800000000027F3F32301CB6
:10705000070A5A427F020000F994000058CEC8483F
:1070600008C85E4848485EC800000000027F3F1222
:107070005062320F43427E060000FA940000784EC0
:10708000C84808E82828FE282EEC0000000002620C
:107090003F32127F09097F09497F0000FC940000FC
:1070A000584EC8480028E808FE08E82800000000FC
:1070B00002623F1233110D077F0709110000FD9492
:1070C000000058CE4848101050D010FE161C00008A
:1070D0000000027F32120E1F27201E0F7C6010005E
:1070E000FE9400002EE7246446CC447C47F44444DC
:1070F00000000000013F1939101F1121212F21210B
:107100000000FF94000058CE484800F8FC849CF42E
:10711000F49C00000000013F3111202424243E246F
:1071200024242000009500003C27E42424F29C90B5
:107130009F909CF60000000001111F19093F0404F4
:107140000424243F000001950000584EC84848E43C
:10715000EC20BE20E8E40000000002623F22526FF3
:107160002F101F302F6F000002950000784EC84886
:1071700048FCFC24FC2424FC0000000002423F32B6
:10718000122525253F252525000003950000584E92
:10719000C84808BCBCA4A4A4BCBC000000000121D9
:1071A0003F11212424243F242424000004950000BE
:1071B0002CE7E424FE1212FE10FF10F00000000085
:1071C000011F1F191F19093F1C23201F00000595CF
:1071D0000000382CE82808BCBCA4E4A4BCBC000017
:1071E000000002623F22007F180C0744487F000025
:1071F00006950000382EE82828B88E88FE888888F2
:107200000000000002223F3212007E222222227E53
:107210000000079500001C27E4242422FE2322FFFF
:1072200026AC0000000001311F110A223F21111F6E
:107230003F30000008950000784EC8480894543448
:10724000FC3456900000000001213F3111613F07DE
:107250000147443C000009950000784EC84808E00A
:10726000F880FE80F8C00000000001213F113125A8
:1072700024253F25242500000A950000784EC848A3
:10728000081474047C86E21A0000000002623F22A7
:1072900012010D19417F3F0100000B950000584E6F
:1072A000C848A0B09C6EE8789880000000000131CA
:1072B0003F11111515157F15151100000C950000D3
:1072C000382EE828288898E88EC8F8880000000042
:1072D00003233F33120404047F04040400000D95CB
:1072E0000000584EC8480888E8B88EC8E8C80000B2
:1072F000000002623F12723C0E003E007E40200001
:107300000E95000038EEE828F0F614F414F414FC9E
:1073100000000000027F3F323F7F310F013F417F7D
:1073200000000F95000058CE4848E40CE82424E4FF
:1073300004FC00000000027F32127F000F09094F99
:10734000407F0000109500005846C44404F0161C0D
:1073500010181EF00000000002627F2242613D070B
:10736000017F4161200011950000584EC8480090EF
:107370009E98F09896F00000000002423F2262338F
:107380001A0E7F02223E000012950000584EC84897
:1073900048F8F8282E28F8F80000000002623F3272
:1073A000127F3F21371D3D27000013950000382E26
:1073B000E82808A2AAAAAAAABEBC0000000002628D
:1073C0003F325263263E1A3A2663000014950000AD
:1073D000382EE82800FEA2A2A2A2A2BE0000000051
:1073E00002623F32721F1E12125E403F000015956E
:1073F00000101EF71404FF398FF212F202FE020091
:107400000000013F19093F0407070223203F000045
:1074100016950000784EC848485454547E5454542D
:107420000000000002623F22027F151515557F3FC4
:10743000000017950000784EC848484848FEFC6890
:10744000584C0000000002223F3212027F292929F5
:10745000297F000018950000784EC84808889EF8DB
:10746000A8889E888000000002223F121A0C7E2508
:107470002424247C000019950000784EC848484810
:107480007C7E487E7C480000000002223F321200D1
:107490007F2929293F3F00001A950000784EC848EF
:1074A000088888BE8888BE880000000002623F32DB
:1074B000127F24243F24247F00001B95000058CE17
:1074C000C8480848785CEE58786800000000017FE2
:1074D0003F3144341F0405047F0400001D95000063
:1074E000384EC8484880BEAAAAAABEBE0000000006
:1074F00002023F2212041C34447F3F0400001E9508
:107500000000584EC84808FC9494FC9494FC000079
:10751000000002623F3232321A0E7F0E1A32000031
:107520001F9500001C17F41404BE2A2A2AAA3E0044
:107530000000000001313F11013F3212123F2231A1
:10754000000021950000784EC84848FEFE929292B5
:10755000FEFE0000000002223F321E361B6E124E5D
:10756000623E000022950000584EC84808FC2424C2
:10757000FC2424FC0000000002723F12127F202F26
:10758000292F207F000023950000784EC848083C32
:10759000A4FCA4BCA4BC0000000002623F325662FE
:1075A00021361C0C0701000024950000584EC848E5
:1075B0002824E424FC24E6200000000002623F327C
:1075C00009292F293F292F29010025950000784EF0
:1075D000C84848F0FC9690FC9090000000000262C1
:1075E0003F3212007F24243F24240000269500000F
:1075F000382EE82808F8F8ACAEA8A8F8000000007B
:1076000002223F32123E02027F02223E00002895F3
:10761000000058CE4848FC24E620F8CEC878000088
:107620000000027F22323F007F00300F1E6000000A
:10763000299500005846C444809498FC9E989C90DC
:107640000000000002723F1206037F424A4E43329E
:1076500000002A95000058CEC848309C6E18C838E3
:1076600008F800000000027F3F023D047C434C61AB
:10767000251C00002B95000038EEE8288888F88843
:107680008EC8F88800000000027F3F32007E3E2254
:1076900022227E3E00002C950000784EC8480898B3
:1076A000CC603E60D8840000000002623F22026C81
:1076B000221C0F182C6200002D9500000C27E424DA
:1076C00004ACA425E724242C0000000001213F1174
:1076D000301F0E103F21212100002E950000BCE339
:1076E000A0A0223EE2AAAAFFAABE00000000003F1E
:1076F00018281B0F1812322F222200002F9500008D
:10770000784EC84800FCA4A4E4E4A4BC0000000037
:1077100002623F32701F7C242727247C00003095B2
:107720000000180EC80808202424F42C242000008F
:10773000000002623F12323E233F233E223E2000E1
:1077400031950000784EC8480838C6186C103CC601
:107750000000000002623F32127F29293F29297F61
:10776000000032950000382EE8284454FE54C4BC72
:1077700084FC0000000003233F134464351C0E1CEE
:107780002464000034950000584EC84808FEC848DC
:1077900048FE88C80000000002623F2212007E2AD4
:1077A0002B2A3E7E00003595000038EE282870FE1A
:1077B000FE88DC76F40C00000000027F3212047FA9
:1077C0007F010D417F01000036950000382EE8282A
:1077D00028FC9494FC9494FC0000000002623F2278
:1077E000321C3C7C4344743C200037950000382E0A
:1077F000E828005C545C405C541C0000000002223D
:107800003F3212010F4B49497901000038950000C1
:10781000784EC84808A4A4A4FCA4A6A200000000B6
:1078200001213F11117F24243F24247F000039953A
:10783000000058CE484844FCC444E0FE80E000000C
:107840000000027F32020E7F0362380F0F3100000A
:107850003A950000784EC84808D4D4D4FCD6D2D08B
:107860000000000002623F22524B4A4A7F4A4A4BC4
:1078700000003B95000058CEC84800FC26603C0440
:107880003C4000000000027F3F22187F0949271971
:107890003F6300003C95000038EE2828F8FCA4FE69
:1078A000FEA4A4FC00000000027F327062662A334E
:1078B000333A666200003E95000058CE4848A4BCAA
:1078C000E4ACBCA6BEAA00000000027F3272305EAB
:1078D000673A323A6E6000003F95000078CEC848A3
:1078E00008E828282E28E80800000000027F3F3220
:1078F000084D7F23271D3D26000040950000784E4F
:10790000C84808FC24F4A6A4FC240000000002627D
:107910003F32721F62263A3A2E6200004195000003
:10792000382EE82888A8AEA8F8ACAEA80000000061
:1079300003633F335064341C0F1C246400004295E1
:107940000000584EC84890D47C30FE305CD0000017
:10795000000002623F30024A6E33323E264200008F
:1079600044950000584EC84800F4D47E54FE54DCC0
:107970000000000002623F32125F22321E233E5E90
:10798000000045950000584EC84800FCA4A4BCA4C3
:10799000A4BC0000000002623F12721F7F3F2A2A2F
:1079A0002A7F000046950000784EC84800E4AEAE3D
:1079B000A4AEAEE40000000002623F331265351D44
:1079C0000F1D3565000047950000784EC848080433
:1079D000F4545E54F4E40000000002623F221248B6
:1079E0002F3B0B0B2F6F00004995000058CEC84865
:1079F00004F4D4D4D4D4F4F400000000027F3F3265
:107A00003F7F0A0C780E487F00004A95002058CE30
:107A1000484884FCB4B4B4B4FC8400000000027F85
:107A200032126A3A1E22663A3B6600004C9500000C
:107A3000784EC84828F8FE58FEFC58580000000050
:107A400002623F3252653D05054D4D3900004D95AE
:107A50000000784EC84808FC54565654FCFC000000
:107A6000000002623F323225150D7F1D3565000092
:107A70004E950000784EC84810F8BCB6B6BCE81069
:107A80000000000002623F32101555553F151514D5
:107A900000004F95000058CEC848C8FC4464C43C60
:107AA000847C00000000027F3F12007F29293F29CB
:107AB000297F000050950000584EC84800F4949665
:107AC0009694F4040000000002623F32127F011518
:107AD000151D417F00005195000058CEC848086828
:107AE0003828EE2838E800000000027F3F3240616D
:107AF000390F4949790100005295000058CEC84815
:107B00001090DC101058D69000000000027F3F3229
:107B1000213F223E223E223F2000539500105CCEA2
:107B2000C84818A8A8E82C28A81800000000027F60
:107B30003F12253512497F010718000054950000B7
:107B400038EEE8280018E8A8AEA8B8B80000000091
:107B5000027F3F1248683F18081F286800005695AA
:107B60000000784EC8480874547C547C547400005B
:107B7000000001613F31313555457D051525000077
:107B800057950000584EC8484870DC505E50DC7471
:107B90000000000002623F3232282B2A3E2A2B28A6
:107BA000000058950000784EC84808DC7EEA6AEA72
:107BB0007EDC0000000002623F3352652D3D353D02
:107BC0002D45000059950000584EC848087CD4D473
:107BD0007CD4547C0000000002623F32023517471B
:107BE0007D04162C00005B950000584EC84808F82C
:107BF00048D8FEF8D8E80000000002223F327A1F81
:107C00007E163F3F567E00005C950000784EC848C7
:107C100000A4ACB4A6B4BCA40000000002623F32D1
:107C20005267371D057D456720005D950000382EA1
:107C3000E82800E4BCB4E6B4ACE400000000026252
:107C40003F32127F001C171C407F00005E95000031
:107C500058CE4848F08C8030DE68C84800000000EC
:107C6000027F32721F403F42221E1F3200005F958A
:107C700000001EF7140CF84EC818AFE4246400008E
:107C80000000013F193807201F3C0F1F2121000071
:107C900061950000786EE86828BA8ABE8ABE8ABA02
:107CA0000000000002623F32121716167E161617E9
:107CB00000006295000058CE4848FC4474C454E467
:107CC00054C400000000027F32723F03381F4F315E
:107CD0001F31000063950000584EC84888F8E85CE2
:107CE0004E78E8D80000000002623F32203357454A
:107CF0007D051720000064950000584EC8481854B0
:107D0000705ED07E7C540000000002623F326265EB
:107D1000351D0F1D25650000659500009C97F494A6
:107D20008CFCD6D7FED6D4FC0000000001311F1910
:107D3000003E3E2A2A2A3E3E00006695000058CEAC
:107D40004848785E5878F0DED07010000000027F5E
:107D50003302497D0F49201F1F6000006795000016
:107D60003CEE2808F204E464F4E4A4FC0000000003
:107D7000027F32127F10170F1F5D537F000068953E
:107D80000000584EC84888B8AEFC88FCAEB8000069
:107D9000000002623F32127E2A2A2A2A7E3E00001A
:107DA00069950000584EC84808EC7456E654D4ACA7
:107DB0000000000002723F12103D15157F15153DA1
:107DC00000006A95000038EE2828E4243CDC5CF4CE
:107DD00054DC00000000013F311141613F27243F86
:107DE000243700006B950000584EC848487CB4AC5E
:107DF000A0ACB4680000000002623F3242435F540E
:107E00004474574000006C950000784EC84840E428
:107E1000FCEEF4ECE4240000000002223F121065A6
:107E20006F3E37376E6600006D950000584EC848AB
:107E300000B4D4D4FCD4D4B40000000002623F32B9
:107E4000007E2A2A3E2A2A7E00006F95000078CE06
:107E5000C84808DC74DC545C54DC00000000027F7D
:107E60003F12012F293F297F603F000070950000DD
:107E70002CE7E424FCFED2FAD3F2DAD200000000B0
:107E8000013F1F193F17143F043F0C170000719565
:107E90000000784EC8480094DC545654DC9400002E
:107EA000000002623F32303337754D5567330000B2
:107EB000729500103C26E4244CB4DC761664E42C65
:107EC0000000000001713F11223715457D0515277F
:107ED0000000739500003CEE2808FC74F47C56FC0E
:107EE000547400000000013F11793F6017350537D9
:107EF000057400007695000058CEC84804B4F4B468
:107F000086F4B4B400000000023F3F1214157F2D28
:107F10002D1F356D00007F9500008080FCFE80A045
:107F2000B098888480800000000000007F3F2030EF
:107F30003306081030200000E8950000F803060022
:107F400002020202020202FE000000003F000000E6
:107F5000000000002020303F0000E9950000F8F309
:107F6000868082828282828202FE000000003F3F81
:107F70000000000000002020303F0000EA950000D3
:107F8000E0040C0004C4E404040404FC0000000049
:107F90007F00080C070101034C48407F0000EB956F
:107FA0000000F803069092929292920202FE000064
:107FB00000003F000404040404042424203F0000C3
:107FC000ED950000E00448404444C4F4444404FCFB
:107FD000000000007F000C040213111F0040407FCE
:107FE0000000EE950000F00204E0E22222E2E2024C
:107FF00002FE000000003F000007070202032320EA
:10800000301F0000EF950000F0040CD0541414F45D
:10801000340404FC000000007F0004050505252150
:108020001F40407F0000F0950000F803169092F288
:10803000F292921202FE000000003F000808080FB2
:108040000F082828203F0000F1950000F00316508B
:1080500052FAFA52521202FE000000003F000101E3
:10806000011F1F09292F203F0000F2950000F80290
:108070002620A2F2F2A2222202FE000000003F000F
:108080000402011F1F012322203F0000F39500007E
:10809000E0044C40C4744444444404FC0000000028
:1080A0007F080C06111C13145C50407F0000F495EF
:1080B0000000F80204F092929292F20202FE000096
:1080C00000003F000007040404040720303F0000C4
:1080D000F5950000F80326A0A23A32E2222202FE21
:1080E000000000003F0008080D07070C2820201F93
:1080F0000000F6950000E0044840445464444444C1
:1081000004FC000000007F0010180F01011F105830
:10811000407F0000F7950000F803C640E21A7202A3
:10812000628202FE000000003F0203000F08080EFA
:108130002223223F0000F8950000F00204F052F2E2
:10814000F252F20202FE000000003F000003021F94
:108150001F020320203F0000F9950000F80326A02D
:10816000A2FAF2A2A22202FE000000003F00000FCD
:10817000001F1F080F20203F0000FA950000F004A8
:108180008CA0A4F4F4A4A48404FC000000007F00EC
:108190001014141E1E145450607F0000FB95000044
:1081A000F00214F0525252F2F21202FE00000000ED
:1081B0003F0004070505050F0F24203F0000FC9534
:1081C0000000F00284B02222E2FA222202FE000025
:1081D00000003F000807040A09080B2A203F00009E
:1081E000FD950000F00204E022FAFA22E20202FE0B
:1081F000000000003F000809090F0F090F28383F51
:108200000000FE950000F80206784A4A4A4A7A02BF
:1082100002FE000000003F00000F090909092F209D
:10822000203F000000960000F082C4F05242F2426B
:10823000524202FE000000003F01001F0008050737
:10824000092C203F000001960000F0064C6074D419
:10825000D474340404FC000000007F02023F1515B2
:1082600015157F42423F000002960000F8031650A9
:1082700072FADA52929202FE000000003F00121BD6
:10828000090D06062920203F000003960000F00497
:108290000CF094D4D494F40404FC000000007F009B
:1082A000001F121717121F40603F000004960000C5
:1082B000F044CCE054D4D474C40404FC00000000A6
:1082C0007F000007050F1F151758403F0000059657
:1082D0000000E00408C074444474C40404FC0000BA
:1082E00000007F0020331E021E322370407F0000FA
:1082F00006960000F0040CE0A4B4B4A4E40404FC6A
:10830000000000007F00003F12160E0A5740403F59
:10831000000008960000F803965052D27ED2DA127E
:1083200002FE000000003F000D05050D0C072D2C7E
:10833000223F000009960000E006ACE0E4B4A4E4AB
:10834000E4A404FC000000007F01010F0A0F1F1AC3
:108350005F58407F00000A960000F0060CF0D4D46D
:10836000D4D4F40404FC000000007F00001E1A1A9C
:108370001A1A1E40607F00000B960000E0060CE019
:10838000B484A4A4E40404FC000000007F00101BDB
:108390000E020E1E1358407F00000C960000F003E2
:1083A000D67052725A6A7AC202FE000000003F0084
:1083B00010130D0D0D0B1120303F00000D96000025
:1083C000F80386F8AA6A3A6AA2C202FE0000000018
:1083D0003F00001F0D0D0D0D3F20203F00000E96A9
:1083E0000000F0040840B4342464240404FC0000B9
:1083F00000007F00003F141415155F40407F00000F
:108400000F960000E0044CD06444846474C484FC7F
:10841000000000007F001C03110F00095A40407F3C
:10842000000010960000E004C8C0F4C4C4F4C4C442
:1084300004FC000000007F000B0B0A3F3F0A0B4BBF
:10844000407F000011960000F0062CA0A4F4F4A4D4
:10845000A42404FC000000007F0020371D3F3F0DD6
:108460005740403F000012960000F80204F8DADAA4
:10847000DADAFA0202FE000000003F0012120A07D8
:10848000070B1B22203F000014960000F8034690C3
:10849000425252F24A4202FE000000003F0018061B
:1084A000001F0909092F203F000015960000F883DE
:1084B00086687ACACA7A6AD242FE000000003F008B
:1084C000121A0A07070A1A22201F00001696000037
:1084D000F0044C50D47474D4D44404FC0000000064
:1084E0007F00101D151D1D155D50403F00001796A3
:1084F0000000E0041CD0D4F4D4D4D41404FC000054
:1085000000007F00282F1D0D0D3D2F68487F0000C3
:1085100019960000E0044860E47484F444C444FC08
:10852000000000007F00271C0707311F4D51407FCE
:1085300000001A960000F823E6A8BAEAE2BAA2629E
:1085400022FE000000003F000F0A0A1F080D272C22
:10855000203F00001C96000000F8F8A8A8AEA8A8CC
:10856000A8B8800000000000080B0B0A0A7E7E0AF3
:108570000A0B0B0800001D96000000FC0464BC0CF4
:1085800000000000000000000000007F08080D0748
:1085900000000000000000001F960000FCFC04FC2E
:1085A0008C0000E0FE000000000000007F3F04049B
:1085B00063301C07030E3860000021960000FC04A5
:1085C00064DC80888C8CFC848480800000007F00C8
:1085D0000407000000007F00000000002296000059
:1085E000FE023ACE0404FC0404FC04040000000073
:1085F0003F000203301C0700003F203C08002A9681
:108600000000FC04F49C00FCC4C44444C6C4000044
:1086100000007F040407701F60331E1C33600000DD
:108620002E960000FE023AEE2022E22222E22222D0
:10863000000000003F00020330180700003F203810
:10864000080031960000FC04748C1010FE1010FC21
:10865000FE10000000007F08080F61390F01013F84
:108660007F01000032960000FE0232CE0808F85862
:108670004E48C8C8000000003F000427100C070047
:1086800020203F00000033960000FC0464DC04FC62
:10869000FC84848484FC000000007F040407037FC2
:1086A0007F202020207F000034960000FE0212FE72
:1086B0008200FE12121212FE000000003F000407AA
:1086C000331F03010121213F000035960000FE0207
:1086D000F29E0888F81EC8080808000000007F0401
:1086E0000407080909097F090909080036960000EE
:1086F000FC04749C4060B00C0E98206000000000E8
:108700007F04040760301F00007F000000003B96DC
:108710000000FC04649C00FC44444444FC00000051
:1087200000007F000407203F222222223F20200059
:108730003C960000FC0464BC40701EF0F0909090E9
:10874000100000007F0004070000007F3F040404C5
:1087500000003D960000FC0474DC040000FCFE10E8
:108760001010100000007F000407027F212121214A
:10877000217F00003F960000FC04748C04E4242454
:10878000E404FC04040000007F000407000F04441C
:1087900047407F00000040960000FE0232CE1818CD
:1087A000E88B8EC84818000000003F02020300005A
:1087B0003F212020203C000042960000FC04F49C55
:1087C00080F09090FE9090B0000000007F0404279D
:1087D0001F63233E183C2360000044960000FE0205
:1087E0007ACE70FC07901010FF10100000003F04BC
:1087F0000407003F000023203F00000045960000D2
:10880000FE0232FE00222222E2222222000000008A
:108810003F000203080F21203F00030E0000469690
:108820000000FC04F49C80909090FE9090900000DA
:1088300000007F040407003E20203F20207E00002F
:1088400047960000FE0232CE1010FF10F012945036
:10885000000000003F000233180F31183F23213879
:10886000000048960000FE027A8E88E8BE8FE888F5
:108870008888000000003F000203180620303F00F7
:10888000061C000049960000FC04749C8084C464AB
:10889000747CCC80000000007F08080F2022222278
:1088A0003E22222220004B960000FC04FC8CF004A7
:1088B000F414FC9414F4000000007F0404033F202F
:1088C0002F2121292B2F00004C960000FC04749CC2
:1088D00004E4243C3C24E4E4000000007F08080F8A
:1088E000007F222222227F7F00004D960000FC04A0
:1088F000F48C9098DC76647CCC80000000007F00D3
:108900000407101E12127F1212120000509600006F
:10891000FC0464FC00FCA4A4A4A4FC00000000006F
:108920007F000407007F2020271C36620000549639
:108930000000FE02728E0088E8B88EC84808000069
:1089400000007F00040700643213190C1621000098
:1089500055960000FC04FC8C0070D090FE10F010C6
:10896000000000007F0404076131190F071D316109
:1089700000005B960000FC04F49C80FC90507CF0AE
:1089800098C8000000007F0404272424243F3F24CB
:10899000242400005F960000FE02FA0E407840405A
:1089A000FE484848000000007F0404076467213047
:1089B0001F0C0701000061960000FE023ACE20A8BD
:1089C0002828FF282828000000003F000427380F2F
:1089D0001C183F212121200062960000FF017DC765
:1089E0008CA4A4A5A6A4A48C000000003F0202232E
:1089F00030180F00003F2038080064960000FC0487
:108A0000748C2070584CC6585020000000007F0421
:108A10000407311D41417F010D39000067960000B8
:108A2000FC04749C00FC9494949494FC000000005A
:108A30007F040407202424243E2424240000689674
:108A40000000FC04749C00DC54545454DCC000004E
:108A500000007F000407602F301F071037670000F9
:108A600069960000FC04F49C4060584C4E587060BD
:108A7000400000007F0404072027242027382E21EF
:108A800000006A960000FC04749C8888F88A8EC8EE
:108A9000B888000000007F000407007E2222222206
:108AA0007E3C00006C960000FC04FC04FC2424FCCA
:108AB00008F808F8000000007F0407131F19097F59
:108AC00048331F73000072960000FC04F41C20243D
:108AD000E424FC24E620000000007F08080F0525A0
:108AE00027253F252725000074960000FC04F48C00
:108AF000F8F8A8ECFEA8A8F8000000007F08080716
:108B0000080E0B09087E0808080075960000FC0492
:108B1000F48C20A8E8283E68A8A8000000007F0880
:108B20000807494C2E33322A464100007696000051
:108B3000FC04F4DC30DE70D0505010F00000000077
:108B40007F040407011D111F515D603F00007796EF
:108B50000000FC04748C60B09C4E88E89880000093
:108B600000007F0404073F7F24242424247F000086
:108B700085960000FC04748C007C54FCFC547C7CC6
:108B8000000000007F0004077F11111F1F1D597F87
:108B9000000086960000FE023AC648EC667BDA7E4C
:108BA0006660000000003F020203262725253F25BE
:108BB0002521000088960000FC04748C007C54542D
:108BC0007C54547C000000007F000407017F7F215B
:108BD000271D396500008B960000FC04F48C60743E
:108BE0005C5674545444000000007F040407007F66
:108BF000151515557F3F00008D960000FE027ACEB8
:108C0000007C545657547C7C000000003F0404074D
:108C1000212525253F25252500008F960000FE02F1
:108C2000FEC64CC824FC575454F4000000003F0416
:108C30000623181F102F2121292F000090960000D5
:108C4000FC04749C10B8A6A4B4BCE0E000000000D2
:108C50007F000427380A7A464A623B330000949624
:108C60000000FC04FC8C04F4D4D4D4D4F4F400004C
:108C700000007F0404077F7F080A780E487F000009
:108C800097960000FC04F48C00F828EC7E28F8F895
:108C9000000000007F04040760311D0F7F5D4F6DF1
:108CA000000098960000FC04FC8C10945C10105C92
:108CB0009690000000007F080C273F223E223E22B3
:108CC0003E3F000099960000FC04749C10F8A4A09C
:108CD000BEA0ECF0000000007F000407301B4262E1
:108CE0003E020B3300009C960000FC04748C14D4EC
:108CF0005C56545CD414000000007F040407101775
:108D000015157D1517100000A7960000FE027EA61F
:108D10002EE8A89B7CE8EE18000000003F0202311C
:108D2000181F1622292F23230000B0960000FC04F0
:108D3000FC8C3CFCAC2CACECBC3C000000007F008C
:108D4000040335073506352715360000B3960000B5
:108D5000FC0434CC14FCFE3C3C3CFC140000000041
:108D60000B293D05447F0335051F2B080000B696EF
:108D7000000020A4A4A4A4FEFEA4A4A4FC2000003F
:108D800000002033165C487F3F061C16332000008D
:108D9000B9960000C070FC96909096FC9090901050
:108DA0000000000000007F242424243F24242420E9
:108DB0000000BC96000030F8FEA8A8A8FEA8A8A84D
:108DC000A80800000000080B0B0A0A7E3F0A0A0AE6
:108DD0000A0A0000BD9600003018FC5A5858FE5888
:108DE00058585800000000004064271D0D05050D6F
:108DF0004D4979390000BE96000068C888F8C8F06F
:108E0000FC9694FC909000000000301D070F0800B5
:108E10007F24243F24240000C09600008090D8C402
:108E2000C0FEFCF0988C98900000000000007F2AA3
:108E30002A2A2A3F2A2A2A200000C196000080FE02
:108E4000E2FACEE2FA9292FA9292000000001F0338
:108E5000003F00003F12121F12120000C4960000D3
:108E600010F03E901070F89690FC9090000000007A
:108E70000E313E333C307F24243F24240000C5962D
:108E80000000F49484FCFCE4F89E90FE90900000B6
:108E90000000300C477F3F007F24243F2424000043
:108EA000C696000030F8FE6A6868FE686868680068
:108EB00000000000642535150D7F7F0D1535252533
:108EC0000000C796000000F828A8E8AEACE8A8A803
:108ED000B88000000000380F037F2A2A2A3F2A2A80
:108EE0002A200000C9960000BC8EF888C870FC9645
:108EF00090FC909000000000201C070C10007F24C4
:108F0000243F24240000CC960000F000FC40FE40EA
:108F1000E0FC92FC9090000000003F301F103F10DA
:108F2000007F243F24240000CD960000C878D86834
:108F300008CAFC5858E84848000000006C27150C87
:108F400007017F29293F29290000CE960000FC2433
:108F500024FCC0F0FC9690FC9090000000101F19BB
:108F6000190F0C087F24243F24240000CF96000012
:108F7000705C4E68D860F89E90FE909000000000F3
:108F8000222222227F007F24243F24240000D29624
:108F9000000030BCE6E49C60F89E90F694900000DF
:108FA0000000033F22227F017F24243F242400006D
:108FB000D5960000FE2AAABE2AFE30FE4BFBFE48D4
:108FC000000000003F010424273F003F121F1F1232
:108FD0001000E0960080F0FEF49CD0CCC870FE90AB
:108FE000FC9000000000007F3F24241F18087F240D
:108FF0003F242000E8960000F2F252D292FEFE5288
:10900000D292F2F2000000003F3F02040C3F3F0208
:1090100024243F1F0000E9960000380A6A6A6A7E2D
:109020007E6A6A6A4A380000000002030B0F0B4B8D
:109030004B4B4B7B03020000EA960000788AAAAAF9
:10904000AAFEFEAAAAAA8A780000000000222A2A04
:109050002A2A2A2A2A3E7E000000EF960000388A3B
:10906000AAAAAAFE7EAAAAAA8A3800000000426222
:10907000662E3A33333A2E6662420000F3960000C1
:109080001CC56D6D6D7FDF656565455C000000008A
:109090003C0F2222121E072222221E000000F696FA
:1090A0000000384A6A6A6ABEBE6A6A6A4A380000C4
:1090B000000002060715153736755D0F0202000025
:1090C000F7960000788AAAAAAAFEFEAAAAAA8A7817
:1090D00000000000007E2A2A2A3E3E2A2A2A3E005C
:1090E0000000F9960000384AEAEA6A7E7E6A6A6AF7
:1090F0004A380000000004067D4D4D4D4D4D515144
:109100004F700000FE960000380ADADADAFEFEDA66
:10911000DADA0A380000000044555537361E125678
:1091200057751404000000970000388AAAAAAAFE06
:10913000FEAAAAAA8A3800000000017D05057D0765
:10914000077D05457D01000001970000B88ADADA45
:10915000DAFEBEDADADA8AB8000000000848683DB4
:10916000070606077D080808000004970000380A73
:10917000DA5A5ABEBE4A4ACA0A3800000000007EC7
:10918000161716171716577E3E00000006970000A8
:109190009C86B6B636BEBEB6B636661C000000006B
:1091A000223B1B16282A2A2F2F2A2A2A000007973B
:1091B00000001C86B6B6B6BEBEB6B6B6869C00002B
:1091C0000000380F243D2515150D151D3D24000008
:1091D00008970000388A6A6A6A7E7EEA6A6A4A38B4
:1091E00000000000023419003D05057F05253D1DE6
:1091F000000009970000380ADADADAFEBEDADADAB5
:109200008AB80000000006151E16161E1E56563E91
:10921000161400000D970000380AEAEA6A7EFE6A1A
:109220006A6A0A38000000000C067F3535353F3584
:109230003535352100000E970000388ADADADAFE7B
:10924000BEDADADA8A38000000004A4A5A5B7E6ADF
:109250002A3A3B4A4A0A00000F9700009C86B6B69D
:10926000F63E3EF6B6B6869C000000000A0A0A0AE0
:109270003F00003F0A0A0A080000139700001CC5BF
:109280006D6D6D3FBFADADAD851C000000002027AA
:10929000351D0D04043D25252730000016970000DC
:1092A000380A6A6A6A7E7E6A6A6A4A380000000082
:1092B000321A7F0E1A22120E7F0E1A3200001C97ED
:1092C0000000380A6A6A6A7E7E6A6A6A0A380000A2
:1092D0000000321A7F0E1A127F2D2D2D2D7F0000D7
:1092E0001E9700001CC66E6E6EFE7E6E6E6EC61CF5
:1092F00000000000003F15151531253D151D3D24CA
:1093000000002A9700001CC6A626A6BEBEA6E666DA
:10931000E61C0000000022120C082A2B2A3F2A2BF0
:109320002B2800002D970000388ABA3A1ABEBE9A40
:10933000BABA8A380000000004243D21083F2737CC
:109340003737473C0000309700009CE6AEAEEEBEDB
:109350003EEEEEAEA69C00000000011F13333F1D41
:1093600023131E0E13300000329700001CC67676C1
:10937000F63EBEF67676C61C000000003C3D3F354A
:1093800035053C2627273E040000389700005CE6A0
:109390006666E67E3EE6666646DC0000000016175E
:1093A0001F3F1716300F0525351F000039970000A5
:1093B0009CC66E6EEE3EBEAEEEAE869C0000000019
:1093C0001F3F15151D080A0B3E1E0B0A00003E9795
:1093D0000000388ADADA5A7EFEDADADACAB8000031
:1093E0000000352A5B5F394757567F5656570000B5
:1093F0005297000040545454547E7E545454544068
:109400000000000000007F1515151555557F000060
:1094100000005397000054547E7E5454FCFCE4F446
:1094200004FC000000007F0D0D4D7F7F63331F7F24
:109430004073100056970000D0161CD0105454549E
:109440007E5454540000000031171E1108007F158F
:1094500015557F3F00005997000054547E545454D2
:10946000382EE43C2CE0000000007F0B0B4B7F010A
:1094700045457F05050F01005B970000AAAABFAA1A
:10948000AA003C2427E6242C000000003F05052507
:109490003F201F1F383F212120005E970000888851
:1094A0008888FE0000FE8888888800000000040488
:1094B00004047F00007F040404040000609700009F
:1094C00010FCF6B4B4BEBEB4B4B4F4100000000096
:1094D0002A2A2A2A7F00007F2A2A2A2A0000619746
:1094E000000080FC9474FC74C6D474FC74D4000036
:1094F00000003F131A1A1A7F007E7F1A1A1A000002
:1095000062970000F2F212F2F29E92F21212F2F25E
:10951000000000003F3F101F1F12121F10103F3F9E
:1095200000006597000080FE4A4A6A7ADE5A5A6E49
:109530006A4A000000003F031F1F111F1D1D1F115D
:109540001F1E000069970000048484BEA4E4E4A404
:10955000BE84840400000000080B0A0A0A7F7F0A08
:109560000A0A0B08000073970000C45EF454DE047E
:10957000FCFC44C6C242000000000B0A7F0A0B68D4
:109580003F00007F3F00000074970000E22FFAEFD9
:10959000E230FE0380FF30180000000005053F05A3
:1095A00005003F01013F2038000076970000E43FAE
:1095B000F43EFE04FE427E7E42FE000000000505F1
:1095C0003F0505043F202020203800007C97000044
:1095D000C47EE464FE84FC444444FCFC00000000BF
:1095E0000B0A7F0A0B2B27242424272700008597AA
:1095F0000000C45EF45EC400F010FE1010F0000025
:1096000000000B0A7F0A0B6121190F0F396100005E
:109610008B970000C47EE464FEC448487C7E4848C2
:10962000000000000B0A7F0A0B2B24243E3F242459
:1096300020008D970000C87EE87EC89898C8EE8804
:109640008898000000000B0A7F0A0B40662F181C48
:109650003760000091970000DF7272DF22EEC010C9
:1096600090FF901000000000053F3F05301F1F34A1
:10967000232021260000929700009EBEE4BE842095
:10968000A4E43C24E6A0200000000B0A7F0A0B6142
:10969000390E00007E01000094970000C25FF25F67
:1096A000C238FE13F21E12F00000000005053F054F
:1096B0000520110D073F2131100098970000C45E6E
:1096C000F45EDE04CC507E7C48CE000000000B0A25
:1096D0007F0A0B087F090949497F0000A097000015
:1096E000C87EE87EC838CEE8E8C808F80000000068
:1096F0000B0A7F0A0B190D3F3F4D413F0000A39716
:109700000000C47EE47EDE9454FCBCFC14300000F7
:1097100000000B0A7F0A0B24341C7E0C142400006A
:10972000AB970000DE7EE47EC430AEB8A8A808F88F
:10973000000000000B0A7F0A0B083E16165E403F31
:109740000000AD970000DC7EE4FE64F806F454FCF3
:1097500054F4000000000B0A7F0B087F406F3A3F73
:1097600022430000AF970000DE64E47EC424A4FE20
:10977000B4A4AEA4000000000B0A7F0A0B067F040D
:1097800044443F050000B2970000C47EE47EC44418
:10979000547ED47C7E54000000000B0A7F0A0B0824
:1097A0007F0B0F0B4B3F0000B4970000DC7CE8FE02
:1097B00088A4E4BEA4BEBEA4000000000B0A7F0B78
:1097C0000B017F0A3F0A4A7F0000E6970000084825
:1097D000484848FEFC48484848080000000002028B
:1097E0000202027F3F022222321E0000E7970000A1
:1097F0002424FF242400F202FE3E02FE00000000AA
:1098000001013F090F21100E2320301F0000E997AE
:109810000000E8A8BEA8E8084848FE4848480000FC
:1098200000080B0A7E0A0B0202027F02223E0000A1
:10983000EA9700005E5ADADA5E409494FE949494BB
:10984000000000003F0F1F1F222220202F2424276A
:109850000000EB9700004848FE4848007C545454F0
:109860007C7C0000000002027F121E3E223E223E4F
:10987000223E2000EC9700004848FE484804B4C44B
:109880001C84B29A0000000001017F111F3F3F2499
:109890002024247F0000ED97000090909090FE001F
:1098A00000FE9090909000000000242424243F208B
:1098B000203F242424240000F397000040484878E7
:1098C000484E4C48785848480000000000007F2966
:1098D00029292929297F3E000000F59700004878B2
:1098E0004E68584870DC901010F0000000007F298E
:1098F00029293F0008084546763F0000F6970000FA
:1099000048784E784840C4741C84847C0000000071
:109910007F2929293F007E222222227E000075987D
:10992000000002F2F21212DED21212F2F202000073
:10993000000020371710080F030C081B1720000029
:10994000769800000202FE020202FA0AEE0A0AFA01
:109950000000000010101F0000301308070C18331F
:1099600000007798000000FC202000E42434FC2450
:1099700024E400000000180F080C446F30180F108A
:10998000306F0000789800404242FE424200FA0ADE
:10999000EECA0AFA0000000000003F000020131881
:1099A0000F0D183300007998000002FEFE0202FA43
:1099B0000A0EEE0AFAFA0000000006030303301351
:1099C000180F03081B3300007A980000FC00F80011
:1099D000FC00F414DCD414F4000000203F001F004D
:1099E0003F0067301F1B306700007B980000108825
:1099F000C42004F4141CDC14F4F400000000211052
:109A000018064067301C0710376700007C9800007C
:109A100022FEFE2200FA0A0AEE0AFAFA000000000C
:109A2000080F07060033180C070C1B3300007D9845
:109A3000000012F212F21210F212FE1212F20000E4
:109A400000001C07000F0C24171807081837000027
:109A50007E980000FE02FA0A0AFAF2FA0EEE0AFAFC
:109A6000000000001F001F18090133130E031833F4
:109A700000007F980000E808FE08E808F414DCD431
:109A800014F40000000003023F32134067301F113E
:109A90003067000080980000F8F84CC44440F4148B
:109AA0009C9414F4000000003F07007F00006F301A
:109AB0001F13306F00008198000038EE6022EE1016
:109AC000FA0AEEEE0AFA00000000300F20301F20E4
:109AD00027100F0B1837000082980000701CC00C74
:109AE0007804F414DCD414F400000000181F111AD8
:109AF0001C0067301F13306700008398000010D0EF
:109B000056D0D010F4149CDC14F400000000300F88
:109B1000003F1F5067301F1330670000849800809B
:109B200094B4F4CC8484F4149C1414F40000000065
:109B300040407F0003406F301F10306F0000859859
:109B40000000E0E03C3C28E804F41CDC14F40000D5
:109B500000003F0702020247602F1817306F000015
:109B60008698000020182E4C1830F4141CDC14F4D5
:109B7000000000000109396D034067301E13306F8B
:109B8000000087980000F848487EC8D804E434FCF8
:109B900024E4000000003F21330E1F5060371E13E5
:109BA00030670000889800004424343C6444F41476
:109BB000DCD414F40000000021213F1111502730A3
:109BC0001F03106700008998000048487E48480835
:109BD000F414DCDC14F4000000003E1212121E40EB
:109BE00067301F11306700008A9800006808FE087F
:109BF000E808F4141CD414F400000000211D0F0D1B
:109C0000194167301F1B302700008C9800007058E6
:109C10004E4C5804F414DC9414F4000000003F3F50
:109C200021213F406F301F13306F00008D980000DE
:109C30003E58C84C6420F4149C1414F40000000036
:109C400019477F070F5167301F10306700008F984A
:109C50000000C8E89EC86808F4149C9C14F4000036
:109C600000006436130D1E106F201F17306F0000A8
:109C700090980000FE02F21EF202F2FA0EEE0AFACC
:109C8000000000001F10111F111023130C0B1837B8
:109C90000000919800004078C0FE4848E4E434FC9D
:109CA00024E4000000004621371F0E43472F1C17F5
:109CB000306F0000939800009454FCFC5690E4E44C
:109CC00034EC24E400000000601E02223E5067379E
:109CD0001E13306F000094980000504856F6C818C4
:109CE000F4141CDC14F4000000003E2222233E0089
:109CF00067301F133067000096980000BEA8A8A424
:109D0000E410F414DC1414F400000000120A7F0EB6
:109D10001A4227301F1030670000979800003E2A33
:109D2000FE2A2A3EF2FA0EEE0AFA000000000905A9
:109D30003F07050123130C0B18370000989800000B
:109D40009EBEAAAABE80F2FACEEA0AFA000000007D
:109D50003C0E1F1F222229252322242900009A9825
:109D60000000AEAAAEAEAA8E82FA0EEE0AFA00008B
:109D70000000000322223E0620130E0318330000C9
:109D80009B9800002E28EE28282E02FA0AEE0AFAE6
:109D9000000000003F013F3F213F20371C0B1837D8
:109DA00000009C980000C8784ECCF848E42434ECBD
:109DB00024E4000000003F2125141A4867301E03E8
:109DC000106700009D98000058E8BEEC6818E42475
:109DD00034EC24E400000000027F25257F026F3070
:109DE0001F13102F00009E98000082FE6A6AEAFE90
:109DF00040F414DC14F400000000251D1F613D1F19
:109E00004027301F102700009F980000A4AEE4A454
:109E1000EEA424F414DC14F4000000007F08071CF6
:109E20004F7F0047301F30670000A0980000E4F427
:109E30005E56F4E4E4F41CDC14F4000000006F3F10
:109E40000B0B3F2F67271E13306F0000A1980000F7
:109E5000A0ACFC3CBCE000F414DC14F400000000F6
:109E600025150D7F1D15446F300F102F0000A2988F
:109E70000000BEB6B6B6BE2E02FA0AEE0AFA00001E
:109E800000001B263E020F0020130E0508330000C1
:109E9000A4980000FA8ABBBA8AFA02FA0ECE0AFA2D
:109EA00000000000272F2B2B3F1720331C071033F7
:109EB0000000A59800009ADACAFEDADA1AFA0AEE69
:109EC0000AFA000000003E023F1F223E20331C0F12
:109ED00018330000A6980000D0BCD07EF43492FA6B
:109EE0006E6ACABA0000000010171F1B1B1F3B7BC5
:109EF0001B1B1F100000A798000074DE74F45E7432
:109F000004F414DC14F400000000067F2D3F2D2D16
:109F10004027180F10270000CE98000000FE021204
:109F200072C2E23A0206FE0000000000380F000C88
:109F3000060301060C001F301800D1980000FE1225
:109F400072F20AFE08FE547404FC000000001F08B0
:109F5000070106071C17242425360000D2980000AC
:109F6000E88B0EE808FE1262F21AFE000000000004
:109F7000180B0F0D3C0F1807030C1F301000D3985F
:109F80000000FF0971F90DFF00FF5555FFFE0000AD
:109F900000001F0807030C07191D212127390000A5
:109FA000D5980000FC34E4F414FC3CB4B4FEB4BC1A
:109FB000000000003F1807030C0F383A4E464F7858
:109FC0000000D8980000BAAAAABEAA3AFE32E27AE5
:109FD000FE00000000001A223E020E320F0C070F96
:109FE0000F381000D998000048A89C18AC80FC6479
:109FF000C434FC00000000003D0F291F0F791F1C16
:10A00000070C1F703000DA980000FC24C4F404FC34
:10A0100000ACB09EB824000000203F0807030C0FDE
:10A020001D37252D27351000DE98000002020202A0
:10A03000020202FEF050C884000000000000000090
:10A04000000000000F18101C0000DF980000202006
:10A05000F0B8A8B6A6A8B8F03020000000000000B4
:10A060007F64242C3C14342F4C000000E79800003F
:10A07000F09E90F020F0D8ECECD8F020000000002A
:10A0800060380F03007F22223A1A3B240000E89830
:10A09000000060DC463020F0D8FEE6D8F02000005A
:10A0A000000062331E07007F22223A1A3B24000080
:10A0B0000D990000FEFE6AAABA5AEEFA5ABEAA2A02
:10A0C000000000001F01013F3F2B3B1B1B1F3F29CE
:10A0D0000000109900009078E8AEDCE460ECB4B4C5
:10A0E0002C000000000003017F6D2D2D1D1D2D3F54
:10A0F000510100002E990000545C6CAC1CCC68F43B
:10A10000EE546C080000000002017F6D2D2D1D1D16
:10A110002D3F5103000054990000AA7A7EAAB2DBB9
:10A12000FFF67E7E76420000000003013F3D2D3D9C
:10A130001D1D1D3F29030000559900003E3ABAFA43
:10A14000FEF0B8D87E6AAA980000000006027E7F62
:10A15000733312333F3E7246000063990000C070B3
:10A160001E90107030000000000000000000000091
:10A17000203F30180000000000000000659900003A
:10A18000701FC8281800FE0202FEFE00000000003A
:10A1900000301F08381E0700001F3F301800679965
:10A1A000000038CF08380A22F272AAEE26E000003A
:10A1B0000000003F18080033190C2320380F00005E
:10A1C00068990080F09E107010E80808FE0808C822
:10A1D00000000000007F3010000704047F44446F3B
:10A1E0002000699900203CC7041C0458575454D4DB
:10A1F000140400000000003F1808000000000007E1
:10A200003C3000006A990040701EC828388C8C8C45
:10A21000FC8486800000000000203F1008202020E1
:10A220003F20202000006B990000F01E90503088E5
:10A23000888CFC8484840000000000603F10106063
:10A24000301C070E306000006C99002038CF0838B1
:10A25000185847E4444444C400000000003F180874
:10A2600020301C0720203E0F00006D990000F08E6A
:10A27000087808F8C8C84C4CC44400000000007FAF
:10A280003018785F60331E1C236000006E99000058
:10A29000F09E905030603C0EC80808380000000066
:10A2A000007F3F105060301E070C306000006F9937
:10A2B0000000701EC838189090FE909ADCC800000C
:10A2C000000000603F10106121331F7846730000CA
:10A2D00070990000708E087838B88E88F888888861
:10A2E00000000000007F3010001F00007F00101FE2
:10A2F00000007199002038E7E41C34FCF714F404E2
:10A30000FCFC00000000003F1F08001F3F2121242B
:10A31000273B000072990000709E907014949494F2
:10A32000949404FC00000000007F3F10001F080808
:10A330000F47407F000074990040788E083848F03D
:10A340005846404870E000000000003F3010007E9A
:10A35000222222227E00000075990040701ED0301B
:10A360003004FC242424FC040000000000303F10D2
:10A3700008101F1919097F0800007699000038EFAE
:10A3800008180044273E3C744C6400000000003F65
:10A39000180C21111F01013F213100007799004065
:10A3A000788E083808F010DC5ED010F00000000055
:10A3B000007F3018007F000F0447407F00007A992B
:10A3C000000070DED03090C8E80A0E08A8C800006F
:10A3D0000000003F3F184060311E1C172160000044
:10A3E0007C99004078CE08381810FEF810F8161046
:10A3F00000000000003F381861311F03017F010198
:10A4000000007D990000F08E487808E828283E2852
:10A4100028E800000000007F3818040444447E054A
:10A42000050400007F990000F01E10704848FC44AD
:10A43000FEFC4C5800000000007F303044467F6234
:10A44000323F666100008099004078CEC87838308D
:10A45000382CE62C383000000000007F3F10313DE2
:10A4600045417F010D39000081990000709E5070B8
:10A470000434049C34043A0800000000007F3010CB
:10A48000416D2F39193F234100008499000078CF96
:10A49000483808BE2A2AAAAA3E3E00000000003F13
:10A4A0001808003F32121F3F22310000859900003A
:10A4B000709E107010E0984E88E8988000000000B0
:10A4C000003F3010007F24242024247F0000869940
:10A4D0000000708EC87818F8E8282E28E8180000C8
:10A4E0000000003F3F18003F7F252525257C000008
:10A4F0008799000070CE483808C8A898FE98A848E8
:10A5000000000000003F1808202F2F2A2A2A2F20A1
:10A51000000088990000709E1030405C54547E54B6
:10A520005C5800000000007F3010406F211D0D219D
:10A530002F4000008A990040709E1838F8FCA4FE55
:10A54000FEA4A4FC00000000003F301842662A333D
:10A55000333A6E6200008B99004070DE5030107804
:10A560005ED474DC507000000000003F301802120E
:10A5700011342C2B620200008D990000708E087837
:10A5800000E4AEAEA4AEAEE400000000003F381818
:10A590000065351D0F1D256500008F990000709E18
:10A5A0001070D07C4460C43C847C00000000003FFC
:10A5B0003010007E2A2A3E2A3E7E000090990040FC
:10A5C000788E083888A8AEF8A8ACAAA800000000C9
:10A5D000003F10180C262B3E2A2A3E20000091999D
:10A5E000004070DED07014C45E54F4545EC40000A9
:10A5F0000000007F3F10484D4D4F7F4D4D4D0000F6
:10A6000092990000708E087818DC7EEA6AEA7EDC97
:10A6100000000000007F301040652D35353D2D4590
:10A62000000093990000F89E5030A8BEA8BEE0FE3E
:10A6300010F000000000003F30107F0A4A7F603BAE
:10A640001F2100009499004078CE0838187CCC6C0B
:10A6500030FC547C00000000003F301049293F09C5
:10A66000091F2969000095990040789E703062FAB0
:10A67000FAFEFEFAFA6200000000003F301019797D
:10A680007F29393F396900009699000008C8CA4EF1
:10A69000487858484ECAC80800000000007F3F258F
:10A6A00025252525257F7F0000009799002020FE85
:10A6B00020E0E008EEA8B8ACEE0800000000301F73
:10A6C000001F3F202F2A2A2A2F38100098990000B7
:10A6D000E9BEB8EF08E828E808FF89CE00000000CE
:10A6E0003F12121F080D0D351C0F3F3000009999C5
:10A6F00000002024A4E464FCFC66E2A22020000008
:10A70000000003017F2A2A2A2A2A2A7F0103000047
:10A71000A5990000D474FC365230F8F6545454F421
:10A72000000000003E2A2A2A7E40692F37352D6519
:10A730000000A8990000C47C5C7E5C7CC8767272C4
:10A740007E88000000000B0A7B5F5F5F5F5F5F7ABF
:10A750000A0A00006C9A00000004F40404040404D3
:10A76000E4FC000000000000080809090909094983
:10A7700049417D0F00006D9A0000F47404FC3C0414
:10A780001CF40404F43C00000000094949613F4006
:10A7900020310F1F316000006E9A0000C47404F471
:10A7A0001C202020FEA02020000000000909496193
:10A7B0003F60301E030F386000006F9A0000F414F1
:10A7C00004FC0000FC00FC0000FE00000000094941
:10A7D000497D0F780F001F00007F0000709A000075
:10A7E000F41404FC00C0F840FE3030F0000000001B
:10A7F0001949497F07007F40474444771000719A08
:10A800000000F40404FC00FCFC3464C47414000074
:10A81000000009494D7D1F3F3F2C2623272C0000B7
:10A82000739A0000F47404FC1C40E4381818A46007
:10A8300000000000090949613F6021131C1E3360BC
:10A840000000749A0000F28282FE8000F8484B4CAF
:10A8500048F8000000000424263C1F380F000000C8
:10A8600000000000759A0000FA9A82FE8000FE2225
:10A870002222FE00000000000C2424341F203F226E
:10A8800022223F200000769A0000E42404FC00F01D
:10A890001010FE1010F000000000194949791F61E6
:10A8A00025191F2121410000779A0000FA8282FEBB
:10A8B00080FE02FE02FE02FE000000000424243C92
:10A8C0000F3F17111011123F0000789A0000F40496
:10A8D00004FC4070FC949010FE1000000000194928
:10A8E000497F07007F0043407F000000799A000005
:10A8F000E40404FC0060FC5650D010F0000000009E
:10A9000009494D7D0F000F044447603F00007A9ACB
:10A910000000F41404FC0070584E486858C0000051
:10A9200000001949497F072424242424247F00009F
:10A930007B9A0000F41404FC00101010FC1010109E
:10A9400000000000094D45753F2121213F212121B3
:10A9500000007C9A0000F40404FC0838E80A0E08A1
:10A96000883800000000094949791F007F424341AF
:10A97000417000007D9A0000445CB6B4BC8CC4EC0D
:10A98000B4B47C4400000000101016161414141403
:10A990005647741C00007E9A000064B48EA4A4BCC8
:10A9A00080BCA4A43C3C0000000010101616141437
:10A9B00014145647741C00007F9A0000F40404FC31
:10A9C0000084CC746474DC84000000000949457D77
:10A9D0001F0A0A0A7F0A0A0A0000809A0000F4048B
:10A9E00004FC00C0705C464070E0000000000949B3
:10A9F00049793F007E222222227E0000819A0000B7
:10AA0000FA8A82FE80084E3E3C6C5C6C00000000BE
:10AA10000C24243F21311D07013F21311000829A6F
:10AA20000000002EAA2A2E202E2EAAEA0E0E0000CA
:10AA30000000040405050505050525213D0F00005E
:10AA4000849A0000F40404FC0024A4743C24E6A0CE
:10AA5000200000000949497F0761390E00007E018E
:10AA60000000859A0000F40484FC2070FE40FCFC89
:10AA7000188C000000000949453F040405047F05C7
:10AA800005050000869A0000F40404FC20309CEECA
:10AA9000C8E8B8080000000009494D7D1F017F2269
:10AAA00022223F7F0100879A0000E40404FC10D0BA
:10AAB000D070DED0701010000000094949797F6C19
:10AAC0002633191C36630000889A0000F41404FC35
:10AAD000001016FC10F8FE1000000000094D457D26
:10AAE0000F61390F017F7F0100008A9A0000FA820E
:10AAF000F2BE02F292F2F2F292F20000000404249A
:10AB0000201F003F233F1F3F233F00008B9A000080
:10AB1000F41404FC00787C547E54547C0000000043
:10AB2000094949791F010D0F4949791900008C9A8B
:10AB30000000F40404FC4060705C4E58706000003B
:10AB400000000949497D1F202F2027302E230000B7
:10AB50008F9A0000F41404FC0090D87E121458B0B0
:10AB6000000000001949497F0F4D263F1A3E26611B
:10AB70000000909A0000F40404FC0008FEFC484821
:10AB8000FE080000000009494D713F4467170505A4
:10AB900037640400919A0000F41404FC00C8C8A8AB
:10ABA000BEA8E8C800000000094949791F003E120C
:10ABB0001E4E7F3F0000929A0000FA8282FE807E45
:10ABC0004A4AFE4A4A7E000000000424243C1F1921
:10ABD0000D073F070D190000939A0000F41404FCC0
:10ABE00040F0FC9694FC90900000000019494979CF
:10ABF0001F007F24243F24240000969A0000F404C0
:10AC000004FC0050D87C725CD8D0000000000949D8
:10AC1000413F01417A2A251618090000979A000041
:10AC2000F40484FC00F8A8A8AEA8A8B800000000AE
:10AC30000949493F301F7F083F3F487F0000989AED
:10AC40000000FC445C6490B0BCD07E543410000022
:10AC5000000010121E1A1A1A1A1A5E4A78180000FA
:10AC60009A9A0000F40484FC80CC5C6CFC74CC8464
:10AC7000000000000949493F202F29293F293F6F43
:10AC800000009B9A00005032DAFA9EB2D0DCB6B4D3
:10AC90007C440000000010101614141414145447BF
:10ACA000741C00009C9A00004AFEBFEFEEAEC8CEB6
:10ACB000B7B44C440000000008080B0A0A0A0A2A2C
:10ACC0002B223E0E00009D9A0000F40404FC007C40
:10ACD0004472643C447C000000000949493F007F05
:10ACE00029293F29297F00009E9A00008C94B4F402
:10ACF000F4B6B6F4FCB4948C0000000016121B1FCE
:10AD00001A1A1A1A4F4B3A0600009F9A0000F404D0
:10AD1000C4FC00F8A8A8AEA8A8B800000000094923
:10AD20004D3F7C1F124E7F104E7F0000A09A000006
:10AD3000FA8282FE803AAABEAABEAABA0000000029
:10AD40000424243E0F120E223E020E1A0000A19A85
:10AD50000000FA8282FE80BEEAEABE6A2A3E000055
:10AD600000000424243F031A0B233E020B160000AC
:10AD7000A29A0000F40404FC00FC24B656F404FC7F
:10AD80000000000009494D7F203939794749613970
:10AD90000000A39A0000FA82C2FE00FE0A5ADAFA04
:10ADA0005A4E000000040424201F380F293F0709D1
:10ADB0003F0B0000A49A0000F404E47C84FC6CFCCB
:10ADC00044D4744C000000080949413F2035171B4A
:10ADD0007F1D14200000A59A0000F41484FC10F4D8
:10ADE000BCBEE0BEB4D4000000000949493F105584
:10ADF0003F15153F35550000A79A0000F404C4FC28
:10AE000000B4F4F486F4B4B4000000000949493FEA
:10AE100014167F6F2E1F366E0000A89A0000E020E7
:10AE2000BEAAAAAABAA2A2BE20E0000000000000AA
:10AE30003F0A0A0A0A2A2A3F00000000B09A0000CE
:10AE4000FE4A7A42FEC0E03C04047C400000000060
:10AE50003F7F0A4A7F40632F193927610000B19A6A
:10AE60000000FE4A7A42FEC060B80E0CB0600000DE
:10AE700000007F3F4A4A3F00701F00007F00000033
:10AE8000B69A0000FEA53D21FF60FC4646FE434009
:10AE9000000000003F3F05251F003F3018373830C5
:10AEA0000800B79A0000FC4A4A427EC02020FEFEFD
:10AEB0002020000000003F7F0A4A7F007E222323DB
:10AEC000227E0000B89A0000FE4A7A42FEC888E856
:10AED000BE8CC808000000007F3F4A4A3F406426FD
:10AEE00013191C630000BA9A0000FFA53D21FF6002
:10AEF000FE9292929391000000003F1F25251F3083
:10AF00001F3F1F10103F0000BC9A0000FE4A7A420B
:10AF1000FEE0383EC8C83818000000003F3F0A4A2B
:10AF20007F007F232222237F0000C09A0000FE4A78
:10AF30007A42FEC0F8A8FEB8A8F8000000003F3F23
:10AF40000A4A3F080A0B087E08080000C19A000060
:10AF5000FC4A7A42FEC0FC94FC9494FC0000000081
:10AF60003F7F0A4A7F22120E7F0E1A320000C29AD9
:10AF70000000FE4A7A42FEDCC4F4A6A4641C000071
:10AF800000007F0A0A4A3F027E2725257E02000034
:10AF9000C59A0000FC54747CFC90DC78FE705C94D4
:10AFA000000000007F0A4A7F00424E3E333A2E6284
:10AFB0000000CB9A0000FC4A7A42FEDCA4F4A6F41E
:10AFC000A42C000000003F7F0A4A7F406F301E78AB
:10AFD00047602000CC9A0000FE4A7A42FE18E8A89A
:10AFE000AEA8B8B8000000007F0A4A7F3F482F187B
:10AFF000081F38680000D19A0000FE4A7A7EFC9C47
:10B0000074DC545C54DC000000007F0A4A7F3F2758
:10B01000251F155F603F0000D39A0000FF253DBF4C
:10B02000FE86881AEF6A7AEA000000003F05253F95
:10B030003F301F102F232B2F2000D89A000004042C
:10B0400074545456565454740404000000007F3F56
:10B05000013D151515151D417F3F0000DF9A0000C9
:10B0600000FC545454540010988844200000000000
:10B07000213D37311539212131180C060000E19AA4
:10B080000000A0FFADADEDED2094525B4920000023
:10B0900000002131190F0301013F21212139000056
:10B0A000E69A000040FEDADADADA40A8A4965A40BE
:10B0B00000000000101B1E16167F57555555547082
:10B0C0000000EB9A0000A0FEBABAFAFA208C94565F
:10B0D0004A2000000000053D3D2F2B29292D2D2D54
:10B0E0007B000000ED9A000040FEDA5ADADA40A850
:10B0F000A4B6DA40000000003D3D213F2425003F7A
:10B10000242424300000EF9A000040FE5A5ADADA74
:10B1100040ACB4965A4000000000107E7E16161F08
:10B120001E56567E3E100000F99A000040FEDADA04
:10B13000DADA40ACB4165A4800000000097D3F221C
:10B14000121A0E7F060A12320000FB9A000040FE1F
:10B15000DA5ADADA40A8A4B65A40000000000377B1
:10B16000775656575756567676020000039B0000D6
:10B17000A0FEBABA7AF2205C54566A2000000000A1
:10B180000F293D1D4D7D3D0D1D2D290F0000089BF4
:10B190000000607EEA6A6AEAA05454DE2A200000B9
:10B1A00000001C0D3D7D4F5F5D5D5D6D2D1C000041
:10B1B0000F9B0000E0FEFAFAFA6A2054D4562A20C7
:10B1C00000000000321A7F0E0A6027380F1C366319
:10B1D0000000139B0000607E3A3A7AFAA05454763D
:10B1E0002A200000000053515F3B1B1B1B1B3B3BF5
:10B1F000595300001F9B000010FE7E7EFE7E40F42F
:10B200002C2C9A1000000000220F7F7F7F2F3F1F01
:10B210002F3F3F420000239B0000407EDE5E7EFA0F
:10B22000C05454EE2A1000000000007F457D277FA7
:10B23000675F7D1D776000002F9B000000FC1054AD
:10B24000287ADC2C5210FC0000000000003D7D49F3
:10B250004949494D4D4565300000329B00008282CE
:10B26000BAAAAAAAAAAAAABA8282000000003F002B
:10B270000405061C1C060524203F00003B9B000023
:10B280005A7676746C7C7C6C48767676000000008A
:10B29000787C17171F77771F17577F3C00003C9B60
:10B2A000000000F8282828FE382828F8F8000000B8
:10B2B0000000602131190F077D515D515970000068
:10B2C000419B0000F828FC7A28F80068C800FE00BE
:10B2D000000000003119073F292F2C2222232F3193
:10B2E0000000429B000024E424A420FC9496FF94D8
:10B2F00094FC000000000605040726301C073F2CC4
:10B300002F3C0000439B0000F828FE2828F808F88E
:10B310007E48CACC00000000611D077F5D5D5B5167
:10B32000594E4F782000449B0000F88E88F8F8F8BA
:10B3300028FC3E28F8F8000000001F08084F613183
:10B340001D0F7F4D4F690000459B0000F828FE2827
:10B3500028F84848C8FE484800000000611D077FE3
:10B360004D494C47435F43640000479B0000FEFE8D
:10B37000CAEAAA9ACE8A9AAEEA4A000000001F00E2
:10B380002037150D073D353D3F300000489B00003C
:10B39000F828FE2828F8E4F8BCBCB8EC000000004F
:10B3A000611D077F4D4D5F5F4252527F0000499BF8
:10B3B0000000FC94FF94FC00FACAFEFECAFA0000EA
:10B3C0000000300E1F3C2F2C2F232023293F10007C
:10B3D0004D9B0000F828FE28F800FCA4F4B4A4FC5F
:10B3E00000000000311D0F7F4F585F404744547FDD
:10B3F00000004F9B0000D474FC365250F828FE2801
:10B4000028F8000000004A2E331A2E60311D0F7DEF
:10B410004F690000519B0000F828FE2CFC0074646A
:10B42000F67C647400000000711D3F794F485F4551
:10B430004747557F0000549B0000C0FE2ABABE9AC1
:10B44000EBAA9AFE9A2A000000003F032037151D40
:10B450000F3D353D3F3010007C9C000020F0382629
:10B4600026E4F43C2420E00000000000202F2929DD
:10B47000292F2F2929292F2000007F9C0000F02E42
:10B48000E63CEC202020FEA02428000000002F290C
:10B490002F292F60301E037F40700000819C000028
:10B4A00010F8BCB6B4F4FCBCB0B0F0000000000072
:10B4B00001017D3535353535357D01010000829C32
:10B4C0000000F897F39EF60808F84F4848C80000B7
:10B4D00000001714171417301C0720203F0F00001E
:10B4E000859C0000F03CE63CEC1090FE909294901D
:10B4F000000000002F292F293F301F633E183761BD
:10B500000000869C0000F82EE63CE4047484FC04F1
:10B51000E4340000000027353715171202027F02BD
:10B5200002020000879C0000F02EE63CEC000000C8
:10B53000FE101010000000002F292F292F007F215E
:10B540002121217F0000889C0000F82EE43CEC00C3
:10B55000E0203E2424E4000000002F292F293F7022
:10B560001F020202020700008B9C0000F02EE63C46
:10B57000E4C0F81E9010FE10000000002F292F29B3
:10B580002F007F0003427F0000008D9C0000F02E02
:10B59000E63CEC20F82E28E808F8000000006F29AF
:10B5A0002F292F003F424247446700008E9C000035
:10B5B00070949C70705ED8D0581C1670000000000B
:10B5C00021212F2D2D2D2F2D2D2D2F200000909C52
:10B5D0000000F02EE63CE4C0F0DC464878E00000D5
:10B5E00000002F292F292F007E222222227E0000F8
:10B5F000919C0000F02EE63CEC808888FEFE888856
:10B60000000000002F291F191F2024243F3F24245D
:10B610002000929C0000F82EE43CEC088888FE880C
:10B620008888000000002F292F292F007E22222247
:10B630003E7E0000949C0000F02EE63CE088F85E20
:10B64000484848C8000000002F292F292F017F09F2
:10B650000949497F0000959C0000F82EE63CE0E493
:10B6600024F43CE424E4000000002F292F290F7F5C
:10B67000003F003F407F00009A9C0000F02EE63C17
:10B68000E40898F8CEE8B808000000002F292F2918
:10B690002F41311E00007F0100009B9C0000F02E16
:10B6A000E63CE488E8280E0868C8000000002F295E
:10B6B0002F292F4021371C1F236000009C9C000075
:10B6C000F02EE634EC00909CF0F09C90000000001E
:10B6D0002F292F292F2404043F7F040404009E9C5B
:10B6E0000000A0A86EECF8AEAAA86CECA8A0000020
:10B6F000000041425F5756565F57565E5E4100005C
:10B700009F9C0000F82EE43CE0009494949494FCF8
:10B71000000000002F292F292F020A1242427F0227
:10B720000000A09C0000F02EE63CE4E4F454FC543D
:10B7300054F4000000002F292F292F412F3A3F22D7
:10B7400062430000A19C0000F82EF43CE0E424E4F5
:10B75000E4E424E4000000002F292F29077F037F61
:10B760003F7F477F0000A29C0000FC939EF220E6F2
:10B7700004645EF744440000000037141417301FBF
:10B780001131212F21210000A39C0000F82EF4ECA0
:10B7900000FC00FC9CF4F49C000000002F292F2FDB
:10B7A000202424253F2424250000A49C0000F82EFA
:10B7B000E43CEC00FC24FC2424FC000000002F29C5
:10B7C0002F293F4045457F7F45450000A59C00004F
:10B7D000F82EF4EC00F888F82020FCFC00000000B3
:10B7E0002F292F2F001F080F01477F3F0000A69C25
:10B7F0000000F02EE63CE49098DE6674DC840000E5
:10B8000000002F292F292F241C447F041C34000002
:10B81000A79C0000F02EE63CEC0424BCE434920229
:10B82000000000002725273537203F457F3F0D3B8F
:10B830000000A89C0000487A24C0D84C407E2034E8
:10B840001C1800000000425E5F5B5B5F5F5B5B5A41
:10B850005E400000A99C0000F897F39EF09CA4A411
:10B86000A7A4A49C000000001714171417201807A1
:10B87000003F20380000AB9C0000F82EF4EC00FCE8
:10B8800024FC00FC04FC000000002F292F2F303F77
:10B89000151D207F080F0000AD9C0000F82EE63C2F
:10B8A000E04454547E545454000000002F292F29A2
:10B8B0002F007F1515557F3F0000AE9C0000F82635
:10B8C000F42CE0A0A8683E28E8A0000000002F2982
:10B8D0002F290F4D263F1A3E26400000B09C000045
:10B8E000F82EF4FC04FC24FCFCF808F8000000002E
:10B8F0002F292F2F101F117F7F611F370000B19C50
:10B900000000F02EE63CE49090FE00FE90900000D7
:10B9100000002F292F293F04047F007F040400002A
:10B92000B29C0000F897F39EF600BE2A2AAA2A3E8F
:10B93000000000001714171417203F32123F223363
:10B940001000B39C0000F02EE43CE4007C545454FE
:10B950007C7C000000002F292F291F107F29292916
:10B96000297F0000B49C0000F02EE63CE4FC242477
:10B97000FC2424FC000000002F292F290F7F202FFA
:10B98000292F207F0000B59C0000F896F39EF2005E
:10B99000FE92909292FE00000000171417141720D8
:10B9A000180F003F20301000B69C0000F02EF43C31
:10B9B000E020B08CE68C98B0000000002F292F29E1
:10B9C0002F3838784C4A3B380000B79C0010FC9761
:10B9D000F29EF0FE42CAFECA42FE000000001714AA
:10B9E0001714371F000F0427203F0000B89C0000E9
:10B9F000F02EE63CE408E8282E28E8E800000000E5
:10BA00002735371517300D417F010D390000BA9CDD
:10BA10000000F82EE43CE4D454F44C84FC00000014
:10BA200000002F292F391F27243F24333F60300087
:10BA3000BB9C0000F02EE63CE43866187C403C6677
:10BA4000000000002F292F292F7F29293F29297F36
:10BA50000000BC9C0000F826F43CE024F4A4AEA452
:10BA6000F4A4000000002F292F290F406F201E2072
:10BA7000206F0000BD9C0000F02EE63CE008FE8830
:10BA8000BEA8BE88000000002F292F291F24341CC7
:10BA90007F0C14240000C39C0000F02EF43CE0FC5A
:10BAA000FC94FC9494FC000000002F292F292F3CCB
:10BAB0000C7C434C643C0000C49C0000F02EE63C2F
:10BAC000E41C445C5C5C541C000000002F292F29FE
:10BAD0002F010D0F494979090000C59C0000F82E7F
:10BAE000F4EC4444FC46E0FCFEE0000000002F299A
:10BAF0002F2F0C077F03300F0F300000C69C000073
:10BB0000F02EE63CE438FE56545454F40000000095
:10BB10002725373517486D3F35356D650000C79CC3
:10BB20000000F82EE43CE400F8A8AEA8A8F8000055
:10BB300000006F692F292F404A4A7E7E4A4A000042
:10BB4000CA9C0000F826F4EC00F8A8A8AEA8A8B893
:10BB5000000000002F292F2F781F7F083F3F487FCC
:10BB60000000CB9C0000F02EE63CE4844C74EC74A6
:10BB70005CC4000000002F291F191F202F293F2916
:10BB8000396F0000CC9C000092FA3E9EDA12985C5D
:10BB90006868988800000000425E5F5B5B5F5F5BE7
:10BBA0005B5A5E400000CD9C0000F02EE63CE4D0E5
:10BBB00054FE74545C94000000002F292F292F009C
:10BBC0007E2B2B2B2B7F0000CE9C0000F02EF43C14
:10BBD000E0007C5454547C7C000000002F292F2965
:10BBE0002F135D7F3317497F0000CF9C0000F02E9C
:10BBF000E63CE43CA43CE43CA43C000000002F29CB
:10BC00002F292F3219007F040C330000D09C000034
:10BC1000F02EE63CE404F4849C84B68A0000000024
:10BC20002F292F292F3B3A223F22227A0000D39C32
:10BC30000000FC939EF0C25FF2DF0AFF08F80000EC
:10BC400000001310180B05053F053C0F201F0000D6
:10BC5000D49C0000F02EE63CE474547C547C547474
:10BC6000000000002F292F292F2415457D051D35A3
:10BC70000000D59C0000F0AEE6BCE034B4B4FCB4E7
:10BC8000B434000000002F282F282F202A2A2A2A27
:10BC90002A7E0000D69C0000FC6C6EEEECFC905CF2
:10BCA0007E68D8880000000046465F5B5B5F5F5B94
:10BCB0005B5A5E400000D79C0000F826F43CE0C0D0
:10BCC0007CEC6CEC7CDC000000002F292F290F4558
:10BCD0006D3D35352D650000D89C000078FEACFC2C
:10BCE000ECB4989C7674DC8400000000425E5E5BDD
:10BCF000595D5F5B5A5C5C400000D99C0000F02EEF
:10BD0000F43CE0F848D8DEFCD8F8000000002F2909
:10BD10002F296F1F7E16163F567E0000DC9C000008
:10BD2000F8263CE4FCCC74C4F4E4D4C40000000065
:10BD30002F29292F3F07271F47310F310000DD9C96
:10BD40000000F02EF43CE048EA6CF86CEE4800008D
:10BD500000002F292F292F3A3B2A2B2A2B7A00006B
:10BD6000DE9C0000F826FCE400D05430FE3056D0B3
:10BD7000000000002F292F2F442F1B0E1E127F12B0
:10BD80000000DF9C0000F82EF43CE0E8AA7C287C50
:10BD90006EE80000000027292F39170B1B3B4B7F53
:10BDA0003F0B0000E29C0000F0AEE6BCE4387C7E75
:10BDB000547E547C000000002F282F282F414F6B09
:10BDC0004B6B7F4F00001F9E000000F8F808282EE4
:10BDD000280848780000000000000809090909093E
:10BDE00009094941791F0000209E000010FE10F053
:10BDF0000000FC0636A4FC0000000000380F000F15
:10BE000004080B0A4A4A623E0000219E000068C8EE
:10BE100088F818F8F80CAE88F80000000000300C24
:10BE2000070F000B0B0A0A4A623E0000229E000028
:10BE30000808C848E8EE4C587EE4243400000000AE
:10BE400010101714141515155545743C0000239E49
:10BE50000000FC0404FC00FC041666447C000000A6
:10BE600000001F040407080909090949693F000087
:10BE7000259E0000FC24E4C47404FC0416A4C47CC5
:10BE8000000000003F282E232E200B0A0A4A4A3EBB
:10BE90000000269E0000F49484FC8484FC0416A414
:10BEA000C47C00000000304C477F00080B0A0A4A9F
:10BEB0004A3E0000289E00003E7C48447400FC146A
:10BEC0003684FC000000000002027F0202080B0A18
:10BED0000A4A4A3E0000299E00007808FE88087839
:10BEE000F8F83EA8F81800000000301E033F1000CC
:10BEF0000B0B0A4A4A3E00002A9E00001010FE105A
:10BF00001010FC0416447C00000000007F11111189
:10BF10001F0405054545613F00002B9E0000887801
:10BF20000EC80808F8F81E687838000000001D47A1
:10BF3000413F051909090949693F00002C9E00008D
:10BF4000E0E03C3C28E800F81CACC87800000000A9
:10BF50003F0702020207080B0A4A4A3E00002D9ED4
:10BF60000000FC24FC2424FCF8F81CA8C87800007D
:10BF7000000007027F0202030B0B0A4A423E000048
:10BF80002F9E0000D0DCD4F4B4DE96B4F4D45CD0A0
:10BF90000000000010101714151716165647643CC1
:10BFA0000000319E0000F88C8CFC848400F83EA8D0
:10BFB000E878000000003F2010273C30080B0A4AB8
:10BFC0004A3E0000329E0000F0CE48C808F8F8FC57
:10BFD00016A4FC00000000000F0F484F7F0F090B54
:10BFE0004A4A6A3E0000339E0000484CF6B49CC4A6
:10BFF0009CBCA4AC2C3000000000101017141515C8
:10C0000016145645643C0000359E0000F8F8BE88C2
:10C010007838F8C80E0C88B800000000131B4A4A94
:10C020007E0E3F7F424141701000369E0000687CCA
:10C030007A7864C0687C7A68444000000000101080
:10C040001F191B1B19195D4F68380000379E00002F
:10C0500014547E149444743E24047C402000000058
:10C0600010101F191B1B1F195B4B68380000389EEE
:10C070000000F414FCF414F400FC1656643C0000B8
:10C0800000007F003F1F407F08090949493F000029
:10C09000399E0020282CFC242620F8F81CA8F8380B
:10C0A000000000007E2223223E080B0B0A4A4A3E73
:10C0B00000003A9E0080E0FC26A0FEA020F808AE1A
:10C0C000E87800000000007F0C077F030A0B0A4A93
:10C0D0004A3E00003D9E000060584E4C5800F80853
:10C0E0001E686838000000003F3F21213F00090919
:10C0F0000949493F00003E9E000044349484FCC638
:10C1000086FC849434240000000010101F1C1D1EA7
:10C110001E1E5E4F6C3800003F9E000042840808DF
:10C12000F80808FC16A4FC1C00000000701C000CA1
:10C1300007040A0B0A4A4A3E0000419E0000E8A894
:10C14000BCBCA86808F81CACC878000000000C440F
:10C150007E070504080B0A4A4A3E0000429E000082
:10C16000F414F404F414F4F81CBEE87800000000A1
:10C170007F477F007F473F0B0A4A4A3E0000439EAD
:10C180000000DC5C5454DCC0FCFC36A4FC00000065
:10C1900000007F0909497F3F0B0B4A4A6A3E0000B5
:10C1A000449E0000B88E88FE8888FC1436A4E43CC7
:10C1B000000000007E2222223E3E0B0A0A4A423E36
:10C1C0000000459E000024FC22FEE4AC20FC16B6D4
:10C1D000E47C00000000447F22133F63380B0A4ACE
:10C1E0004A3E0000469E0000188CE060C408FC1423
:10C1F00036A4E43C00000000037F22223E3F0B0AED
:10C200000A4A423E0000479E0000F44CC0F444FC41
:10C2100000F818AEE878000000007F04033F437F79
:10C22000080B0A4A4A3E0000489E0000D05CF058C5
:10C23000567000F81E68780800000000130E7F1288
:10C24000121E08090949493F0000499E0000941444
:10C25000D410FE1410FC16A6FC7C000000003F3039
:10C260001F111F30380B0A4A4A3E00004A9E000048
:10C27000487E48487E4840FC36A6FC3C0000000052
:10C280003F3F29293F3E080B0A4A4A3E00004B9E89
:10C29000000088BE8888BE8800F81CACC878000002
:10C2A00000007F243F24243F080B0A4A4A3E000036
:10C2B0004C9E0000E8784EE858E800F80EA8887810
:10C2C000000000000F05653F2537080B0A4A4A3E6B
:10C2D00000004E9E0000F8A8FEB8A8F8F8FC36A4AE
:10C2E000FC3C000000000C0B097E0808090B0A4A00
:10C2F000423E00004F9E0000FE12FE00FE12FEFCB9
:10C300000E54741C000000001F213F3F21311F0507
:10C310000525251F0000519E000074545654746476
:10C32000FCFC36A4FC3C0000000009497D0F09001C
:10C330000B0B0A4A4A3E0000559E000010FE1010EA
:10C34000FC24FC00F8BEA878000000003F111F7E0E
:10C350001F427F080B4A4A3E0000579E00005C5473
:10C360005C5C545C00FC1676643C00000000010735
:10C3700045457D1D08090949493F0000589E0000B8
:10C38000E03E2A323EE0FC1436A4E43C000000000B
:10C39000007F0A4A7F000B0A0A4A423E00005A9E6A
:10C3A000000090769010DC1290FC04A6E47C000063
:10C3B0000000392F3B313D1F380B0A4A4A7E0000EE
:10C3C0005B9E0000FCA4A4BCA4BC00FC06A6E47C0C
:10C3D000000000003F3F3F2A2A7F080B0A4A4A3EDE
:10C3E00000005C9E00005032DAFA96F2D8DEB6B455
:10C3F0007C440000000010101F1C1D1E1E1C5E4F00
:10C400006C3800005E9E00009CE49C92B29A00FC96
:10C4100016A4C47C000000003B223F3F223A080BD8
:10C420000A4A4A3E0000639E0000A8AEF8F8FEE803
:10C4300088F808AEE87800000000320E7F7F3F1BCE
:10C44000000B0A4A4A3E0000649E000098E85CE83F
:10C45000485800F83CA8F83800000000017F293F48
:10C460002929080B0A4A4A3E0000669E00007CF417
:10C470009C7C7CFC7C7CFCA6E47C00000000455C91
:10C480003637352C05090B4A4A3E0000679E0000EE
:10C49000F848E84E48F848F80CAEE878000000008C
:10C4A0003F201734340F100B0A4A4A3E0000689EA2
:10C4B00000004C34FC843C3C3CF808AEE8780000BA
:10C4C000000057752A2A1519000B0A4A4A3E000037
:10C4D000699E0000D8E8585EE8F840FC16A4C47CC9
:10C4E00000000000304B433F0B13080B0A4A4A3E42
:10C4F00000006A9E000038FEA8FEACA808F81EA83E
:10C50000F8380000000038073417241C080B0A4ACA
:10C510004A3E00006B9E0000423ADAFABADAC8A836
:10C52000BEF84A6A0000000010101F1C1D1E1E1CD1
:10C530005E4F6C3800006C9E00005054BCF41C34FC
:10C5400000FC06A6847C000000007F053F155D7F8F
:10C55000080B0A4A4A3E00006D9E00006E4A7A5A55
:10C560005E9014747E6C741000000000101017159B
:10C57000171715155547643C0000709E000000FC1D
:10C5800064F42C74FEF4FCF4F414000000003F0783
:10C59000202F2A2F2E2E2A6E4E380000719E00006A
:10C5A000F8187E687864FC6EF4F46E640000000095
:10C5B00009094D413F444F7E37377E460000739E48
:10C5C000000074DE74F45E7400FC1666643C0000C7
:10C5D0000000077F2D3F2D2D08090949493F000024
:10C5E0007E9E0000E0A03EE0E000282EF8382E28D5
:10C5F000000000007F28272D3F182D27253D2525E9
:10C6000000007F9E000000FC2424FC2426FCFC2467
:10C6100024E4000000007C0F417F4565253F6D4507
:10C6200045710000829E000080FE2AEA7E6A6BFE51
:10C630006A6A7A82000000003F0321310D0504057B
:10C640003D2121310000879E0000C0FC34F4BCB4C1
:10C65000B6FCB4B4F434000000203F0B292D1D1D9E
:10C660007D1D192B29290000889E000000FC54D450
:10C67000FCD4D6FCD4D4D474000000007F475657B5
:10C6800056567E555656564300008B9E000080FC41
:10C6900034F4BCB4B6FCB4B47404000000007F0FE2
:10C6A0006B2F3E1A7E1B1A2E2A6B0000929E0000F2
:10C6B000F828FEFC28E808FE4848FE0800000000B4
:10C6C0003F3F35253F254437150517640000939EED
:10C6D000000014DC7E4CD45474CC5E4C5C540000DE
:10C6E00000003C07637F2B2B2B7F4B4B4B630000E1
:10C6F0009D9E000080FCECEC5C4C4EFCECECFC8461
:10C70000000000007F175F3D7D7D7F025A423F029F
:10C7100000009F9E0000F828FEFC28E8D43C307EF4
:10C7200038D4000000003F3F253F25052F19071E84
:10C73000127F1000A69E00008494949494FEFE94B0
:10C7400094949484000000004C6426273B1A123A0B
:10C750002E6660400000B49E0000B4E4FE74BC305D
:10C760007CCAE8E808F8000000006D271B1E2210B4
:10C770000D073F45693F0000B89E000054D4FE54A9
:10C7800054441010FEFE1010000000006627191D12
:10C79000374021190F0F39610000BB9E0000F8F8E7
:10C7A00048C8F8484E48C8F8C848000000203F0B69
:10C7B0000C037F010A0C037F030C0000BD9E0000E8
:10C7C00000FC24E4F464A6A464F4E4A400000000E3
:10C7D0007F07096865363A2C243930410000BE9E37
:10C7E000000080FC9474FC3456D474FC5494000013
:10C7F00000007F07181A121E7E5657555474000009
:10C80000C49E000020A4A4BEA4E4E4A4BEA4A4206A
:10C8100000000000406F2A3A0A0F0F0A3A2A6F40C0
:10C820000000C99E000098A8ACF8A8AEACF8F8AE1D
:10C83000A89800000000405F3F35151F1F153535D3
:10C840005F400000CD9E000090D45474B4FCFCB452
:10C850003456D090000000002622361D597E3E1925
:10C860001D3622060000CE9E0000D474FC7E72901D
:10C8700098CE38988878000000000426221F597E40
:10C880003E191F2622060000CF9E00005474F4FCBF
:10C8900032500000FEFE101010000000121D7D3FFF
:10C8A0001D133F3F2121217F0000D19E000000BECB
:10C8B000A2AEA2FEFEBAAEA2BE0000000000321A76
:10C8C00002021A03031A02021A120000D49E000088
:10C8D0007C54FC747C6060186E4C1060000000009A
:10C8E000351527351D04010161390F010000D89E5F
:10C8F00000007C5C54FC5C7C2020FEFE2C280000A8
:10C900000000350535370535601C07031C30000075
:10C91000DB9E000018CC7EC248C8CE58DA6CEC38DA
:10C920000000000050351515751F1F751515355081
:10C930000000DC9E00007C54FC747C00784040FECB
:10C94000407C000000003505273515243F20203F9E
:10C95000207E0000DD9E00007C54FC747CC0FCE066
:10C9600010FE10F00000000035350725351C0B0EB9
:10C97000380F403F0000DF9E00007C5CFC5C7C10B8
:10C9800098DCF6B41C0C00000000351507351524A2
:10C99000642639190D070000E09E00007C54E4F481
:10C9A0005C7C888888FE8888000000003505373761
:10C9B0000535007E2222227E0000E29E00007C746B
:10C9C000FC547C00907C161058B0000000003535F7
:10C9D00007351544642F3B3A2E620000E59E0000A7
:10C9E0007E5AFE7A5A7EC8E82A2C28E80000000009
:10C9F000350537351505314D613F05390000E79E96
:10CA000000002CBCFCBEBA889CE6BCC4C43C000040
:10CA1000000050371617761F1F7717163750000083
:10CA2000E99E00007C74FC747C2028A8BEE8A86005
:10CA30000000000035052735150465341C1F34241B
:10CA40000000EA9E00007C74FC547C40D0DC7A4CF0
:10CA5000CC50000000003535073535014B2A2D1428
:10CA60001A090000EF9E00007C54FCF45C7C4878BE
:10CA70004E4C7848000000003505373705157F3FDC
:10CA80002929297F0000F99E000008CA5E684FF836
:10CA9000F84F685ECA0800000000003F080E033F20
:10CAA0003F012E203F000000FB9E0000BCD8FEFE90
:10CAB000D89410D0FE909498000000007F0C3F06A0
:10CAC0004C7F186F231C3E610000FC9E0000FCD8C8
:10CAD000FE9ED0B4C8E828FE2AEC000000007F0EBD
:10CAE0003F064C7F3F3F057F457F0000FE9E0000D4
:10CAF00000EE2E2A2AFA2A2A2A2EE0000000000040
:10CB0000000F0505051F35252525273800000B9F3B
:10CB1000000034F6B6BEAEA6A6BEB6F616140000E9
:10CB20000000000F0D0D0D1F3D2D2D2D2F3000008D
:10CB30000D9F000084B6EEEEEEFCFCEAEAEAFE8011
:10CB400000000000003F2F2F2F3F6F6F6F6F7C6042
:10CB500000000E9F0000FCFC80BEB63636B6BE80DC
:10CB6000FE0000000000321E02023F00003F0202F1
:10CB7000023E0000109F000012EA0EFE6A6A6A6A16
:10CB8000FE14F41C00000000281B0A0B3F01013FAB
:10CB90000B0A0B380000139F0000A4A4BEA4A42419
:10CBA0009090FCFE909000000000233E223A3F70DF
:10CBB00061271C1C27610000179F0000A0AAECFC45
:10CBC0009E8080BEECE8AAB0000000006D7D2D2D97
:10CBD0003D2D622E3B3B2E660000199F0000A4FCF9
:10CBE000BCBEFCBC94F47E7EF494000000002027C0
:10CBF0003B3B2B2F2B7B2B2B2F200000209F00005B
:10CC0000007C54565240405454547C0000000000B4
:10CC1000007F6029227F602D2A0F7E600000229F06
:10CC200000007C5440547C40E09C8084BCE00000C8
:10CC300000007F6A7F2A3F60603847407F00000025
:10CC40002C9F00007C5450547C00F010FCFE10F02F
:10CC5000000000007F2A7F2A3F607F213F3F217F25
:10CC600000002F9F0000FC54D054547C94D4FC94BA
:10CC7000F4B4000000007F2D7F2F0B7F607C242404
:10CC8000247C0000379F00007C5450547C008CD4DE
:10CC9000ACD4D60A000000007F2A7F2A3F606A2BAE
:10CCA0003B1E2B6B0000399F00007C5450547C00CD
:10CCB000BCACECACACBC000000007F2A7F2A3F601B
:10CCC000636E333A2E6300003B9F00000080FCEC53
:10CCD000ECEEECECECFC80000000000050577434EB
:10CCE000141717147414171000003D9F0000C0FEA5
:10CCF000E6E7FEFE08FE7E08F80000000000351E94
:10CD000007073E073C0F00003F2018003E9F000031
:10CD1000BCFCCECEFCBC848484FC84840000000077
:10CD20006B390B0B790B0000007F00000000449F63
:10CD30000000BCFCCECCFCC048387C7C38680000CD
:10CD400000006B3D0F0F7D0B2F3F3535353F000049
:10CD5000509F000008088898E8CECCE8988808081A
:10CD6000000000000161391F000000007F01010187
:10CD70000000519F00004444446CB436B4346C4409
:10CD8000444400000000301F31353F203F2D2D2846
:10CD90007F0000007F9F000040C07C40407EFE4836
:10CDA0004848484000000000003F20282C2323244E
:10CDB00028287F000000809F0000407C40FE4848FB
:10CDC0004000FEC06030000000003F382F2D387F4B
:10CDD00002037F4040700000839F0000F878C0FE8F
:10CDE00048C800FC4444FCFC000000003F28272CFD
:10CDF000287F407F44447F7F0000849F0000FC7CAC
:10CE0000C07E484860304C8E3860000000003F38DB
:10CE1000272C3F3F0109113907030000859F0000BF
:10CE2000FC7CC07E484830CC48C808F800000000B0
:10CE30003F38272C3F3F007F424744770000869FC2
:10CE400000007878407E484884E43C84847C00007C
:10CE500000003F382F2D387F007E2222227E0000E6
:10CE6000879F0000FC40FE48C800E0FE40FCC07008
:10CE7000000000003F3C27287F203F3F103F20302C
:10CE80000000889F0000F840FE7C4848FC242424D1
:10CE900024FC000000003F38272C3F3F7F21273D26
:10CEA0003D670000899F0000F840FE7C48C894F46C
:10CEB0009C94F484000000003F38272C3F3F7E22E2
:10CEC0002222227E00008A9F0000FC7C407E48488F
:10CED000407E42C2427E000000003F382726287F65
:10CEE000781F307F424240008B9F00007840FE4810
:10CEF0004840F494FCFE92F2000000003F28272CEA
:10CF00003F007E121F0F4A7E00008C9F0000FC40F5
:10CF1000FE7EC840FE52D252525E000000003F38F2
:10CF2000272C3F301F4A4B7E4B4B0000999F00003F
:10CF3000202020A0FE20E0E02428A0200000000007
:10CF400030100C0730101F3F2623203000009A9F1E
:10CF5000000088C868384E4878EAAEBC98C800001F
:10CF60000000486A2A3F1A0A0A1A3F2A2A48000083
:10CF70009B9F000010F0F8B8BCB4B6BCB8E8F8103D
:10CF8000000000004464241C2E243C7557564C6459
:10CF900000009F9F000060F0382626E4F43C242027
:10CFA000E00000000000000F0505053F7F454545F6
:10CFB00047780000A09F000010D0C8D8D4D6D6D49F
:10CFC000D8C8D81000000000007E12127E12127E17
:10CFD00012527E00000001FF00000000FC00000073
:10CFE000000000000000000000000000330000000E
:10CFF000000000000000000002FF0000000000042C
:10D000007C00007C00000000000000000000000028
:10D010000000000000000000000003FF000000000E
:10D020002020FC2020E03C20200000000000000226
:10D03000023E0302021F02020000000004FF000083
:10D04000000000784CC6878C08000000000000003B
:10D0500000000818181030110F060000000005FF2E
:10D060000000F88C04CC7000C0308C40C000000080
:10D070000000000101310C03000F3120301F0000BF
:10D0800006FF0000000000BCE6E23E1C008000003D
:10D090000000000000000F1910111B0E0E1B0000F5
:10D0A000000007FF000000000000003C3C00000002
:10D0B0000000000000000000000000000000000070
:10D0C0000000000008FF0000000000000000000059
:10D0D00000F0180400000000000000000000000044
:10D0E000000F3060000009FF00000418F00000008D
:10D0F0000000000000000000000060380F00000089
:10D1000000000000000000000AFF00000000206096
:10D11000C0FCFCC060200000000000000002020112
:10D12000010F0F010102020000000BFF00000000D0
:10D13000000000F8F80000000000000000000001FE
:10D140000101011F1F010101010000000CFF00008F
:10D150000040E0C0000000000000000000000000EF
:10D1600000020100000000000000000000000DFFB0
:10D17000000000202020202020202020200000006F
:10D18000000000000000000000000000000000009F
:10D190000EFF000000C0C000000000000000000002
:10D1A000000000000000000000000000000000007F
:10D1B00000000FFF000000000000000080C0603091
:10D1C000180C000000006030180C0603010000007D
:10D1D0000000000010FF00000000E0F80C04040C48
:10D1E000F8E00000000000000000030F1810101805
:10D1F0000F030000000011FF0000000000080CFCFD
:10D20000FC00000000000000000000001010101FD3
:10D210001F1010100000000012FF000000000008A6
:10D220000C0404CCF80000000000000000001018FE
:10D230001C16131110100000000013FF0000000066
:10D2400000080C8484CC780000000000000000007E
:10D250000818101010190F060000000014FF00003D
:10D2600000000080E0301CFCFC000000000000001A
:10D27000000003030202021F1F020000000015FF4E
:10D280000000000000FC444444C48400000000008E
:10D29000000000000818101010180F030000000014
:10D2A00016FF00000000C0F0984C44C48C00000041
:10D2B000000000000000030F181010180F070000F6
:10D2C000000017FF0000000004040404C4741C04E0
:10D2D00000000000000000000000001F030000002C
:10D2E0000000000018FF000000000078CCC484CCCF
:10D2F00078000000000000000000060F1010101160
:10D300000F060000000019FF0000000070F88C04F8
:10D31000048CF8E00000000000000000001811116B
:10D32000190C0701000000001AFF0000000018009F
:10D3300000000000000000000000000000001800D5
:10D34000000000000000000000001BFF00000000C3
:10D3500006000000000000000000000000000010B7
:10D360001B06000000000000000000001CFF000081
:10D370000080C04060201010080804000000000079
:10D3800000000101030206040C08180000001DFF44
:10D3900000000090909090909090909090000000ED
:10D3A000000000000000000000000000000000007D
:10D3B0001EFF0000000408081010206040C080001C
:10D3C000000000000018080C040602030101000020
:10D3D00000001FFF0000080484CC7810000000004B
:10D3E000000000000000000033000000000000000A
:10D3F0000000000020FF0000C0701884C62222E256
:10D40000260418F000000000071C306346444667FD
:10D4100024040301000021FF0000000000C0F81CEC
:10D420001CF0800000000000000000101E07020237
:10D430000203071E1000000022FF00000000FCFC99
:10D44000848484CCFC3800000000000000001F1F12
:10D4500010101010190F0000000023FF0000000042
:10D46000E038080C04040C08000000000000000074
:10D47000070E0818101018080000000024FF000014
:10D480000000FC0C0404040C18F0800000000000F4
:10D4900000001F18101010180C070000000025FFD6
:10D4A0000000000000FC84848484840400000000E8
:10D4B00000000000001F10101010101000000000ED
:10D4C00026FF0000000000FCFC848484840400002B
:10D4D000000000000000001F1F000000000000000E
:10D4E000000027FF000000C0F0180C0C84848C881A
:10D4F0000000000000000000070C18181010180FA2
:10D500000000000028FF00000000FC808080808078
:10D5100080FC00000000000000001F000000000070
:10D52000001F0000000029FF00000000040404FCAC
:10D53000FC04040400000000000000001010101F94
:10D540001F101010000000002AFF00000000000063
:10D55000000000FCFC0000000000000000000008CB
:10D560001810181F0700000000002BFF000000002B
:10D57000FCFC80C0F0980C040000000000000000DB
:10D580001F1F010000030E18100000002CFF0000F8
:10D59000000000FCFC000000000000000000000093
:10D5A0000000001F1F1010101010000000002DFFC1
:10D5B000000000FC1C70C00000C0701CFC000000DB
:10D5C0000000001F0000030E0E0300001F000000FB
:10D5D0002EFF00000000FC1C30E0800000FC00007A
:10D5E0000000000000001F00000003061C1F0000D8
:10D5F00000002FFF000000E0F8080C04040C08F8FD
:10D60000E0000000000000030F0818101018080FB9
:10D610000300000030FF00000000FCFC0404048450
:10D620008CF800000000000000001F1F0101010134
:10D6300001000000000031FF000000F0FC040602C1
:10D64000020604FCF000000000000001070C0808BE
:10D65000183C24272100000032FF00000000FCFCE1
:10D6600084848484CC7800000000000000001F1F28
:10D67000000001070E180000000033FF000000004A
:10D6800000784CC4848C0C080000000000000000EE
:10D690000818181010191B0F0000000034FF0000BC
:10D6A0000000040404FCFC0404040000000000006A
:10D6B00000000000001F1F0000000000000035FFF8
:10D6C00000000000FC000000000000FC0000000062
:10D6D00000000000070C181010180C0700000000D4
:10D6E00036FF000000041CF080000080F01C0000E9
:10D6F0000000000000000000071C1C0700000000E4
:10D70000000037FF00047CE00000E03C3CE000004B
:10D71000E07C0400000000071E1E030000031F1C25
:10D720000F00000038FF00000000041C30E0E03073
:10D730001C040000000000000000101C070101078D
:10D740001C100000000039FF000000000C1C70C01D
:10D75000C0701C0C00000000000000000000001F52
:10D760001F000000000000003AFF00000000040459
:10D770000484E4741C0C0000000000000000181C6D
:10D78000171110101010000000003BFF00000000F7
:10D7900000000000000000FE020202000000000085
:10D7A000000000000000007F404040003CFF0000FF
:10D7B0000C183060C0800000000000000000000075
:10D7C00000000000000103060C18306000003DFF5F
:10D7D00000000404FC000000000000000000000045
:10D7E000004040407F0000000000000000000000FA
:10D7F0003EFF0000000000000804040800000000D4
:10D800000000000000000000000000000000000018
:10D8100000003FFF000000000000000000000000CA
:10D8200000000000000101010101010101010101ED
:10D830000101010040FF0000000000000404080096
:10D8400000000000000000000000000000000000D8
:10D8500000000000000041FF0000000000203090A8
:10D8600090B0E0000000000000000000000F090878
:10D8700008040F000000000042FF00000000F8F85C
:10D88000804040C0C00000000000000000003F3F9A
:10D89000302020301D0F0000000043FF000000007A
:10D8A00000E02030101030000000000000000000F8
:10D8B00001070C0808080C040000000044FF0000E9
:10D8C00000000080C04040C0F8F8000000000000E8
:10D8D00000000F1B302020303F3F0000000045FFBC
:10D8E00000000000C0E0B0909090E0C00000000098
:10D8F0000000000003070C0808080C0000000000EE
:10D9000046FF00000000004040F85C444444000032
:10D910000000000000000000003F000000000000C8
:10D92000000047FF0000000000F86C44446C3C0419
:10D930000000000000000000183F22222222361EB4
:10D940000000000048FF0000000000F8804040C0D8
:10D95000C0000000000000000000003F00000000C8
:10D960003F3F0000000049FF00000000000000CC25
:10D97000CC00000000000000000000000000003F9C
:10D980003F000000000000004AFF0000000000000F
:10D990000000F3F3000000000000000000008080A1
:10D9A00080C07F3F0000000000004BFF000000002F
:10D9B00000FC0000008040000000000000000000AB
:10D9C000003F0E06070D3020000000004CFF000055
:10D9D0000000000000F8F800000000000000000057
:10D9E00000000000001F3F202020000000004DFF2D
:10D9F0000000F060301010F0E020101030E0000067
:10DA000000000F000000000F0F000000000F0000DA
:10DA10004EFF0000000000F020101030F0C00000A9
:10DA2000000000000000000F000000000F0F0000C9
:10DA300000004FFF00000000C0E030101030E0C0D8
:10DA4000000000000000000003070C08080C07039A
:10DA50000000000050FF00000000FCFC0804040C63
:10DA6000FCF000000000000000003F3F0302020342
:10DA700001000000000051FF00000000F0F80C045D
:10DA8000040CFCFC00000000000000000001030288
:10DA900002033F3F0000000052FF0000000000F0C2
:10DAA000F060301010100000000000000000000FB7
:10DAB0000F00000000000000000053FF0000000005
:10DAC0000060F090901020000000000000000000B6
:10DAD0000004080809090F020000000054FF0000BC
:10DAE00000002020F0F8202020200000000000008E
:10DAF00000000000070F181010100000000055FF74
:10DB000000000000F0F000000000F0000000000045
:10DB100000000000030F0C0808040F0000000000C4
:10DB200056FF0000000010F080000080F0100000A0
:10DB30000000000000000000030E0E0300000000C3
:10DB4000000057FF000030F000008070F0C00000BF
:10DB5000F0300000000000010F0C070000070C0F60
:10DB60000100000058FF00000000003060C0C060ED
:10DB700030000000000000000000000C0601030659
:10DB80000C000000000059FF00000000043CF08081
:10DB900000E03C0400000000000000002020301FD6
:10DBA0000F010000000000005AFF000000000010FC
:10DBB0001010D07030000000000000000000080CC1
:10DBC0000E0B08080808000000005BFF00000000C2
:10DBD0000000000000000000FE0200000000000045
:10DBE00000000000000000017F4000005CFF00001A
:10DBF0000000000000000000000000000000000025
:10DC000000000000000000000000000000005DFFB8
:10DC1000000004FC00000000000000000000000004
:10DC20000000407F01000000000000000000000034
:10DC30005EFF000060301010302040C08080C06067
:10DC400000000000000000000000000000000000D4
:10DC50000000E0FF00000000C0F01808FE081810E7
:10DC6000000000000000000001070C083F080C0441
:10DC700000000000E1FF0000000000F0F8080808C4
:10DC80001810000000000000000021313F21212178
:10DC9000212000000000E3FF000404040404040445
:10DCA0000404040404040400000000000000000058
:10DCB0000000000000000000E5FF00000000083840
:10DCC000E08080E03808000000000000000000054F
:0ADCD000053F3F05050000000000BD
:040000050800018965
:00000001FF
