:020000040800F2
:10000000E016002001030008B17B0008954A0008B3
:100010008D540008FD1600087D8B000800000000CC
:10002000000000000000000000000000257C000827
:10003000B918000800000000217C00087D7C000841
:100040001B0300081B0300081B0300081B03000818
:100050001B0300081B0300081B0300081B03000808
:100060001B0300081B0300081B0300081B030008F8
:10007000011700081B030008111700081B030008E4
:100080001B0300081B0300081B0300081B030008D8
:100090001B0300081B0300081B0300081B030008C8
:1000A0001B0300081B0300081B0300081B030008B8
:1000B0001B0300081B0300081B0300081B030008A8
:1000C0001B0300081B0300081B0300081B03000898
:1000D0001B0300081B0300081B0300086D8B0008AE
:1000E0001B0300081B0300081B0300081B03000878
:1000F0001B0300081B0300081B0300081B03000868
:100100001B0300081B0300081B0300081B03000857
:100110001B0300081B030008557D00081B03000893
:100120001B0300081B0300081B0300081B03000837
:100130001B0300081B0300081B0300081B03000827
:100140001B0300081B0300081B0300081B03000817
:100150001B0300081B0300081B0300081B03000807
:100160001B0300081B0300081B0300081B030008F7
:100170001B0300081B0300081B030008000000000D
:100180001B0300081B03000800F002F800F0A8F8A9
:1001900014A696E8000CB244B344DA4501D100F04D
:1001A0009FF8BAE80F000FA696E83000A5EB04050B
:1001B00004EB0607AAEB0704A7F101074FEA1515A0
:1001C0004FEA3414A4F10104AC4201D300F088F8E2
:1001D00013F0010F18BFFB1A43F0010300F001F800
:1001E000DBE71847489C0000689C0000103A24BFD9
:1001F00078C878C1FAD8520724BF30C830C144BF8C
:1002000004680C6070470000704700000023002461
:1002100000250026103A28BF78C1FBD8520728BF16
:1002200030C148BF0B6070476E2900F05D827029B5
:1002300000F0B383662909F0EB81652909F0E881B4
:10024000672909F0E581612909F0E48103681B0A47
:1002500028BF41F08001692900F00A82642900F07A
:100260000782752900F004826F2900F04183782904
:1002700000F07F83E92900F0DB82E42900F0D882D6
:10028000F52900F0D582EF2900F03E83F82900F02F
:100290007E830368DB0928BF41F08001632901F0F8
:1002A000B180732901F0B680E32901F0C180F32900
:1002B00001F0C680002070471FB509F09CF901F0DD
:1002C00019F904000020002109F008F9401C6060C1
:1002D0000020002109F0ECF8E0601FBD10B510BD52
:1002E00001F0DAF81146FFF7E7FF08F0D7FC01F05C
:1002F000B7F903B4FFF7F2FF03BC08F0A1FC00005C
:100300000948804709480047FEE7FEE7FEE7FEE7A9
:10031000FEE7FEE7FEE7FEE7FEE7FEE704480549E5
:10032000054A064B70470000417D0008890100081E
:10033000E0100020E0160020E0120020E012002073
:10034000704753EA020C00F069802DE9F04B4FF042
:100350000006002B1FBFB3FA83F503FA05F424FA55
:1003600005F65E4012BF1643B2FA82F502FA05F4B2
:10037000C5F120051EBF22FA05FC44EA0C04203515
:1003800056EA044C4FEA144418BF641C4FF00008AE
:100390004FF00009904271EB030C39D3002919BFCB
:1003A000B1FA81F701FA07F6B0FA80F700FA07F61A
:1003B000C7F120071EBF20FA07FC46EA0C062037CB
:1003C000B6FBF4FCA7EB0507103F07F01F0BCBF1C2
:1003D00020062CFA06F60CFA0BFB44BFB3460026A7
:1003E000202FA4BF5E464FF0000B5BEA060C08BF4F
:1003F0004FF0010B19EB0B0948EB0608ABFB027C35
:1004000006FB02CC0BFB03CCC01B71EB0C01C1E75C
:100410000B46024641464846BDE8F08B13B50843FB
:1004200018BF4FF0FF300146AFF30080BDE81C401D
:10043000704700000FB4044910B503AA029800F0F9
:1004400087F910BC5DF814FB540E00207CB51D46E6
:1004500016460C00009007D04142A14202D320442E
:10046000401E01E04FF0FF30064B7B442A466946B0
:100470000190304600F051F9002C02D0009A002182
:1004800011707CBDD3020000032A40F2308010F0CE
:10049000030C00F0158011F8013BBCF1020F62441F
:1004A00098BF11F801CB00F8013B38BF11F8013BB0
:1004B000A2F1040298BF00F801CB38BF00F8013B5D
:1004C00011F0030300F03883083AC0F0088051F8B7
:1004D000043B083A51F804CBA0E80810F5E7121DD8
:1004E0005CBF51F8043B40F8043BAFF30080D207F7
:1004F00024BF11F8013B11F801CB48BF11F8012BC3
:1005000024BF00F8013B00F801CB48BF00F8012BE5
:1005100070474FF000020429C0F0128010F0030C65
:1005200000F01B80CCF1040CBCF1020F18BF00F8E6
:10053000012BA8BF20F8022BA1EB0C0100F00DB895
:100540005FEAC17C24BF00F8012B00F8012B48BFF3
:1005500000F8012B70474FF0000200B51346944697
:100560009646203922BFA0E80C50A0E80C50B1F10B
:100570002001BFF4F7AF090728BFA0E80C5048BF1F
:100580000CC05DF804EB890028BF40F8042B08BFBD
:10059000704748BF20F8022B11F0804F18BF00F8B9
:1005A000012B7047704770477047704770B504461D
:1005B00085690068C10601D5302600E02026C00705
:1005C00007D070BDD4E9012130469047206A401C15
:1005D00020626D1EF6D570BD70B504468569007841
:1005E000C00707D170BDD4E9012120209047206ABF
:1005F000401C20626D1EF6D570BD09684A0501D504
:1006000040B27047C905FCD500B2704709684A0579
:1006100001D5C0B27047C905FCD580B2704770B52E
:100620000C460546012A05D02878800600D5EA69DF
:10063000002302E0012305E05B1C934202D2E05C50
:100640000028F9D1A869E618C01AA861286A1844D8
:1006500028622846FFF7AAFF04E0D5E9012114F833
:10066000010B9047B442F8D32846FFF7B5FF70BDA1
:100670002DE9F0410646002410687529314616A57B
:1006800010D0FFF7BAFF002802DA404213A507E0B6
:1006900031688A0701D512A502E0490704D511A5E2
:1006A000012401E0FFF7B2FF00210A2206F124072E
:1006B00009E0B0FBF2FCB0FBF2F302FB1C003030AF
:1006C00078541846491C0028F3D123462A46304660
:1006D000BDE8F04100F0A7BA000000002D000000C6
:1006E0002B0000002000000011680268006A53051A
:1006F00001D508700AE0D30501D5088006E013068D
:1007000003D5C217C1E9000200E00860012070476C
:1007100001694A1C02610878704700B58FB0CDE9C5
:1007200001310021059105497944CDE903101146B5
:10073000684600F03DF90FB000BD0000E5FFFFFF87
:10074000D1E900239A4202D2531C0B60107070470B
:10075000074B70B50D467B44FFF7DFFF0446284684
:1007600000F072FE10B14FF0FF3070BD204670BD3A
:100770000F8500002DE9FF5F15468A460446DFF825
:10078000AC80F8440027D8E900103E46CDE90010BF
:1007900010E03AF816106A4602A800F059FE411C13
:1007A00007D02178890603D5E269391891420DD81E
:1007B0000744761C2078800602D5E069B84205DD42
:1007C000AE42E6DB3AF816000028E2D1A069C01B71
:1007D000A0612046FFF7EAFED8E90010CDE900103D
:1007E000002017E03AF818106A4602A800F030FE20
:1007F000B0F1FF3F81460BD000250DF1080B05E05D
:10080000D4E901211BF8050090476D1C4D45F7D335
:1008100008F10100B0428046E4DB206A38442062DF
:100820002046FFF7D9FEBDE8FF9F0000928E000032
:100830002DE9F0418046D21D22F007020025D2E9C1
:100840000002F52915A614D0011E72F1000106DA86
:100850000023D0EB030063EB020211A608E0D8F8F6
:1008600000108B0701D50FA602E0490701D50EA69F
:1008700001251146002408F1240704E000F08EF958
:1008800030323A55641C50EA0102F7D12B46324609
:1008900021464046BDE8F04100F0C5B90000000027
:1008A0002D0000002B0000002000000030B40021CB
:1008B00000F1240408E002F00705D208303542EACE
:1008C0004372DB086554491C52EA0305F3D10468FE
:1008D000002310A2250708D504F020040C4304D0FF
:1008E000C46901230CA2641EC46130BC00F09BB932
:1008F00010B5044621461068FFF788FE02462046E0
:10090000BDE810400023D1E7D21D22F00701D1E954
:100910000023CBE70000000030000000F0B40D46DB
:100920000188090502D5214C7C4402E01F4C7C441F
:100930000E34002100F1240608E002F00F0712092E
:10094000E75D42EA03721B097754491C52EA030728
:10095000F3D102780023120704D5702D06D009B117
:10096000022311342246F0BC00F05DB9012310349B
:10097000F8E770B504460D4621461068FFF746FEBD
:10098000024629462046BDE870400023C6E7D21D36
:1009900022F00703D3E90023C0E70368126843F09D
:1009A000200303600823C3610023B7E7F48C000031
:1009B0002DE9F05F894604464FF0000ADFF874B174
:1009C000FB44C0F820A02046E1688847002874D086
:1009D000252806D0D4E901219047206A401C2062D6
:1009E000F1E700265F462046E16888472028054653
:1009F00007DB312D05D2781910F8200C08B1064319
:100A0000F1E7B00701D526F00406C4F81CA00027C2
:100A1000C4F818A02A2D09D0284608F041FD38B3A3
:100A200004EB8708303DC8F8185019E059F8041B4A
:100A3000204604EB87029161E1688847012F054653
:100A400018D1E069002820DA26F020061DE0D8F849
:100A5000180000EB800005EB40003038C8F81800A3
:100A60002046E1688847054608F01AFD0028EED1C7
:100A7000012F0AD02E2D08D12046E16888477F1C1F
:100A80000546022F46F02006C4DBA069002803DAE1
:100A9000404246F00106A061F00701D026F01006A2
:100AA0006C2D0BD0682D09D04C2D39D06A2D35D046
:100AB000742D35D07A2D33D016E038E0E1682F461A
:100AC00020468847B842054609D16C2F26D04FF4FE
:100AD0008060E168064320468847054604E06C2FA5
:100AE0001AD04FF4807006430DB3A5F141001928C8
:100AF00002D8203546F400664A462946204626603C
:100B00004E46FFF791FB80B101280BD0F61D26F071
:100B1000070000F1080956E74020E4E78020D8E705
:100B20000020D6E706F104094DE7284652E7206A7F
:100B3000BDE8F09F848C000010B5203AC0F00B8017
:100B4000B1E81850A0E81850B1E81850A0E81850C3
:100B5000203ABFF4F5AF5FEA027C24BFB1E8185039
:100B6000A0E8185044BF18C918C0BDE810405FEA9B
:100B7000827C24BF51F8043B40F8043B08BF704717
:100B8000D20728BF31F8023B48BF11F8012B28BF1C
:100B900020F8023B48BF00F8012B704730B5B0F198
:100BA0000A0271F100034FEA900E4EEA817EB0EB2B
:100BB0000E0061EB91014FEA101E4EEA017E10EB30
:100BC0000E0041EB11114FEA102E4EEA016E10EBB0
:100BD0000E0041EB11214FEA104E4EEA014E10EB90
:100BE0000E0041EB1141401841F100014FEAD000E5
:100BF00040EA41704FEAD1014FEA810444EA90741F
:100C000010EB800544EB01046D1944EB0404521B06
:100C1000A3414FF0000348BF0A3200D530BD401C4D
:100C200041F1000130BD2DE9F0470D46994692464D
:100C3000044600F124080168880604D5E06921F023
:100C40001001216000E00120A84201DD471B00E007
:100C50000027A1697A1902EB0900081AA06120781F
:100C6000C00602D42046FFF7A1FC002608E0D4E924
:100C700001211AF806009047206A401C761C206269
:100C80004E45F4DB2078C0060AD52046FFF78EFCDF
:100C900006E0D4E9012130209047206A401C206200
:100CA000381EA7F10107F4DC07E0D4E9012118F8A8
:100CB00005009047206A401C2062281EA5F101050E
:100CC000F3DC2046FFF788FC2078000602D50220DE
:100CD000BDE8F0870120FBE72DE9FF4F0C461E46DB
:100CE0004FF0FF378BB0D2E90001DDF860800A9049
:100CF0008A46C1F30A5505B93D46002108464FF022
:100D00000000BAF1000F00F4400005DA00EB8000AB
:100D10004FF4400101EA50004FEA9059B9F1010F38
:100D200000DDB9460A9850EA4A000ED044F6105049
:100D3000A5F2FF3545432F14B8F1000F1ED07542C0
:100D4000291E1EDDC9F100021CE0B8F1010F4FF0B1
:100D5000000001D0302103E0F24305E02154401CA3
:100D6000B042FBDB30460022002121540B99C1F830
:100D70000880C1E900200FB0BDE8F08FBD1B6D1CDD
:100D8000DEE74A4600DA694206A800F0F7FB06AB48
:100D900093E8070003AB83E8070050460A9907F081
:100DA0009EFF8DE80700A0F500501F3800900398C3
:100DB000002D0ADD42F21F014A460844002303A920
:100DC0000390684608F008FA09E0A0F500504A468A
:100DD0001F38002303A90390684608F012FA8DE833
:100DE00007000004000C03D04FF0FF30410800E082
:100DF0001046B8F1000F03D00022009215461EE005
:100E0000751E05D4FFF7CAFE303262556D1EF9D546
:100E1000B3460122084302D000227F1C04E0207860
:100E2000302801D100227F1E002A099784D01DE0BE
:100E3000112D07DAFFF7B2FE303262556D1C50EA11
:100E40000102F5D1084302D00098C8B10EE000219C
:100E5000681E05E0235C625C63542254401E491CFA
:100E60008142F7DBAB46A81B401E0990002004F826
:100E70000B000B98099AC0F80880C0E9002B7AE7AC
:100E800011264FF0000857E72DE9F04F8846044639
:100E9000D21D22F0070191B0D1E90001CDE90A018C
:100EA00008F0E6FA02460B98C00F01D02D2007E0AB
:100EB0002068810701D52B2002E0202101EAC00033
:100EC000032A099001D0072A05DB03464146204644
:100ED00000F014FB0BE12078800601D5E06900E00A
:100EE0000620B8F1650F814606D0B8F1660F18D01C
:100EF000B8F1670F70D131E00020B9F1110F009007
:100F000001DB112301E009F101030AAA01A90CA8E0
:100F1000FFF7E2FEDDE90C70002609F101058346CA
:100F200047E001204B4600904FF000470AAA01A974
:100F30000CA8FFF7D1FEDDE90DB00C995D46002647
:100F400010B909F101000D18B9EB050003D4C0F187
:100F5000FF3609F10105A5EB09002BE0B9F1010FFE
:100F600001DA4FF001090020B9F1110F0090484655
:100F700001DD112300E003460AAA01A90CA8FFF72E
:100F8000ABFEDDE90C704D46002683462078000755
:100F90000AD4AB4500DA5D4601A8012D04DD4119F4
:100FA00011F8011C302907D04F4502DA17F1040F60
:100FB00004DA012082460FE06D1EEEE7002F02DC0E
:100FC000ED1B3E4403E0781CA84200DD7D1CB81BED
:100FD00000F1010A4FF000472078000703D4AA452A
:100FE00001DB4FF0FF3A0021B7F1004F0DF143084C
:100FF0008DF8431024D002202B23002F01DA7F42EA
:101000002D230A21021EA0F1010000DC5FB197FB35
:10101000F1FC97FBF1F201FB1C7C17460CF1300C44
:1010200008F801CDEEE7A8F1010003702188090559
:1010300001D5452100E06521A0F1010800F8011C5F
:1010400009980FA9A1EB0807FF1D00B10120411964
:1010500001EBEA70A1693844081A401EA0612078AB
:10106000C00602D42046FFF7A1FA099828B1D4E9B6
:1010700001219047206A401C20622078C00622D5BA
:101080002046FFF793FA1EE0002E04DBB34502DD95
:1010900001A8805D00E03020D4E901219047206A5A
:1010A000401C2062761CAAF101005FEA000A0AD106
:1010B00000F020FAC0680168405CD4E90121904743
:1010C000206A401C2062281EA5F10105DCDC07E037
:1010D000D4E9012118F8010B9047206A401C2062D6
:1010E000381EA7F10107F3DC2046FFF775FA03204D
:1010F00011B041E62DE9F04F04460D46D21D22F015
:10110000070089B0D0E900974846394608F0B0F9A1
:101110000246F80F01D02D2307E02068810701D592
:101120002B2302E0202101EAC0038DF820300BB10F
:10113000012000E00020032A824601D0072A04DBB8
:101140002946204600F0DAF93FE12078800601D4F4
:101150000D2500E0E569C7F30A560D2D49DA002197
:101160004FEA175B08464FF00000002F00F44000E4
:1011700007DA00EB80004FF4400100EBD07001EA89
:1011800060008115012901DD4FF0FF3100224FEA97
:10119000850CBCF1180F06D31346ACF118004FF0C4
:1011A0008052C24003E04FF4801323FA0CF30CF199
:1011B0000C0CBCF1200F04D3ACF1200C09FA0CF09C
:1011C00001E007FA0CF000294FF0004801DD18B9E2
:1011D0000FE00ED140450CD319EB02095F4121B954
:1011E000404502D19F4329EA0209BBEB175F00D0BB
:1011F000761C2088000502D57B48784402E07A48B6
:101200007844193808AA302302F80A30037C0AF11E
:101210000101002E0AF1020A53546A4602DC4FF023
:10122000300101E04FF031014FF001088DF800105E
:1012300002D0A6F2FF3603E059EA470100D06B4E18
:10124000002D02DC2178090704D54FF002082E2179
:101250008DF80110C44600210BE0C7F303433F01A2
:10126000C35C491C6D1E02F80830052908F101080D
:1012700001DA002DF1DC00210CE000EB1973491CB0
:101280001B786D1E082902F808304FEA091908F189
:10129000010801DA002DF0DC21688B0602D516E08A
:1012A000A8F10108E04505DD02EB080313F8013C55
:1012B000302BF5D0B8F1000F09DD02EB080313F86D
:1012C000013C2E2B03D1090701D4A8F10108002D00
:1012D00005DD3E2102F808106D1E08F10108407C72
:1012E000002E02F8080008F1010804DA2D207642E9
:1012F00002F8080002E02B2002F808000A214FF44F
:101300007A70864208F101080BDB96FBF0F330336C
:1013100002F8083096FBF0F308F1010800FB1366B1
:1013200001E0642E0CDB642096FBF0F3303302F80E
:10133000083096FBF0F308F1010800FB136601E0AA
:101340000A2E06DB96FBF1F0303002F8080008F1B7
:10135000010896FBF1F001FB1060303002F8080044
:10136000A16908F1010808EB050202EB0A00081A5E
:10137000A0612078C00602D42046FFF717F9216A41
:1013800008AE01EB0A00206204E0D4E9012116F85E
:10139000010B9047BAF1010AF7D22078C00602D5B6
:1013A0002046FFF703F96E4609E016F8010B3E28C8
:1013B0000FD0D4E901219047206A401C2062B8F187
:1013C0000108F2D22046FFF707F909B00320BDE873
:1013D000F08F206A2844206203E0D4E90121302004
:1013E00090476D1EEBD3F8E76E84000002FCFFFF10
:1013F00010B5436913B1AFF3008001E0FFF70FF9B7
:10140000012010BD127800F124010A7000224A70F8
:101410000122EDE711684FF0FF32E9E710B54369AB
:1014200013B1AFF3008001E0FFF7A4F9012010BD74
:10143000128800F1240182840022C2840122EDE797
:1014400011684FF0FF32E9E7007B00F08000704741
:101450002DE9F04116460C46054600F043F80368B6
:1014600093F80101012807D0FF2C12D8185D80B134
:1014700001202C70BDE8F081D3F8070132462146E7
:1014800003F20713C7182846BC46BDE8F041002305
:1014900060474FF0FF30EDE7754600F0EBF8AE46E1
:1014A00005006946534620F00700854618B020B570
:1014B000FEF734FFBDE820404FF000064FF0000774
:1014C0004FF000084FF0000BAC46ACE8C009ACE8A8
:1014D000C009ACE8C009ACE8C00921F007018D469D
:1014E0007047000010B500F005F8001D10BD00BFEA
:1014F000ED7F000000487047300000202DE9F041EA
:101500001F46044603260168072A01F4006004DB35
:1015100008B116A505E016A503E008B115A500E081
:1015200015A521F010002060A069C01EA0610FB1B8
:10153000401EA0612046FFF739F84FB1D4E90121E0
:1015400038469047206A401C2062C01C206206E09A
:10155000206AFAE7D4E9012115F8010B9047761EBD
:10156000F8D22046FFF738F8BDE8F0814E414E0032
:101570006E616E00494E4600696E66002DE9F047C7
:10158000814616468AB0354878440DC88DE80D006E
:1015900032487844801C03AC0DC884E80D0041F645
:1015A0009B300844372190FBF1F290FBF1F5A5F157
:1015B000800501FB12041B3C02D56442012000E0BF
:1015C0000020DFF898A080460027FA44AAF1BE0A5E
:1015D0000EE0E0070AD03246684607EB47010123D8
:1015E0000AEB810107F00DFE8DE8070064107F1CF7
:1015F000002CEED1194F7F44AE3F19E0E80715D01B
:1016000007EB04100DF1180A90E80E008AE80E00AE
:10161000C068F04201D1981908903246012306A90A
:1016200003A807F0EEFD03AB83E807006D10641C10
:10163000002DE3D14FF0010332466946B8F1000FA7
:1016400003A802D007F0C8FD01E007F0DAFDC9E900
:101650000001C9F808200AB0BDE8F08770810000D9
:1016600010B50446AFF300802046BDE81040FEF7F9
:1016700040BE00000048704710000020000000003D
:1016800030B44FF0013C50F8042B51F8043BCCFA35
:1016900052F4D51A20D1FCB950F8042B51F8043B70
:1016A000CCFA52F4D51A17D1B4B950F8042B51F82A
:1016B000043BCCFA52F4D51A0ED16CB950F8042B75
:1016C00051F8043BCCFA52F4D51A05D1002CDAD0EB
:1016D00030BC4FF00000704729BAB1FA81F111F027
:1016E0001801D1F120008440F2D1CA40CB4012F061
:1016F000FF0213F0FF0330BCD01A7047FFE7FEE78C
:1017000080B540F6A860C2F2000000F073F980BD19
:1017100080B540F60870C2F2000000F06BF980BDA1
:1017200082B001900198007810384AF6AB21CAF6D1
:10173000AA21A0FB011000090090009949F22C7029
:10174000C0F60000405C0199C8650098042807D3E2
:10175000FFE701990868042262F30900886506E042
:101760000199086840F2FF3290438865FFE70198CD
:10177000806D02B07047000086B0059000208DF8A3
:1017800013000598806A03900598806910BBFFE7F5
:101790000398029003281BD80299DFE801F0020D9C
:1017A0000218059890F82F00C00720B1FFE701202C
:1017B0008DF81300FFE70CE00598C06AB0F1C07F18
:1017C00004D1FFE701208DF81300FFE701E000E0FE
:1017D000FFE745E005988069B0F5005F25D1FFE798
:1017E0000398019003281ED80199DFE801F0020652
:1017F000021101208DF8130016E0059890F82F00D3
:10180000C00720B1FFE701208DF81300FFE70BE0D0
:101810000598C06AB0F1C07F04D1FFE701208DF8C0
:101820001300FFE700E0FFE719E0039800900328AA
:1018300004D3FFE70098032804D00EE001208DF8C0
:1018400013000BE0059890F82F00C00720B1FFE7C8
:1018500001208DF81300FFE700E0FFE7FFE7FFE757
:101860009DF8130006B0704784B003900291019276
:10187000009303980168086820F4802008600098AD
:1018800003990968486003988068402809D1FFE7F8
:101890000198039909688860029803990968C860EB
:1018A00008E002980399096888600198039909681B
:1018B000C860FFE704B070477047000072B6FFE7EA
:1018C000FEE7000080B584B002900298806D019020
:1018D00000F068FD0090029890F8350002280DD0C5
:1018E000FFE7029980204865FFE70299002081F810
:1018F0003400FFE701208DF80F0055E002980168E1
:10190000086820F01600086002980168486920F015
:10191000800048610298006C20B9FFE70298806C53
:1019200038B1FFE702980168086820F008000860F5
:10193000FFE702980168086820F001000860FFE7EF
:10194000029800680068C007C8B1FFE700F02AFDF0
:101950000099401A062811D3FFE702992020486514
:101960000299032081F83500FFE70299002081F8F1
:101970003400FFE703208DF80F0015E0E0E7029840
:10198000C16D3F208840019988600299012081F84B
:101990003500FFE70299002081F83400FFE7FFE7F8
:1019A00000208DF80F00FFE79DF80F0004B080BD08
:1019B00082B00090009890F83500022807D0FFE729
:1019C00000998020486501208DF807000EE00099FD
:1019D000052081F8350000980168086820F00100B2
:1019E0000860FFE700208DF80700FFE79DF807007B
:1019F00002B0704780B586B005900020039040F299
:101A00000000C2F20000006848F2B511C1F64E3184
:101A1000A0FB0110800A02900598806D019001984A
:101A20000068049004980599C96DC8400007002813
:101A30001AD5FFE70598006800684007002812D50E
:101A4000FFE705980168086820F004000860059821
:101A5000C16D08208840019988600599486D40F063
:101A600001004865FFE7FFE704980599C96DC84084
:101A7000C007A0B1FFE7059800684069000600288C
:101A80000CD5FFE70598C16D012088400199886059
:101A90000599486D40F002004865FFE7FFE70498AC
:101AA0000599C96DC8404007002814D5FFE705987F
:101AB00000680068800700280CD5FFE70598C16D15
:101AC00004208840019988600599486D40F0040021
:101AD0004865FFE7FFE704980599C96DC840C0064F
:101AE000002847D5FFE70598006800680007002830
:101AF0003FD5FFE70598C16D1020884001998860A7
:101B0000059800680068400300281AD5FFE705988B
:101B1000006800680003002809D4FFE70598006CFE
:101B200020B1FFE70598016C8847FFE708E00598BA
:101B3000806C20B1FFE70598816C8847FFE7FFE7DD
:101B400016E0059800680068C005002807D4FFE784
:101B500005980168086820F008000860FFE705980C
:101B6000006C20B1FFE70598016C8847FFE7FFE7AD
:101B7000FFE7FFE704980599C96DC8408006002873
:101B800040F18D80FFE7059800680068C0060028D6
:101B900040F18480FFE70598C16D202088400199BD
:101BA0008860059890F83500052834D1FFE705983E
:101BB0000168086820F01600086005980168486907
:101BC00020F0800048610598006C20B9FFE7059877
:101BD000806C38B1FFE705980168086820F00800BC
:101BE0000860FFE70598C16D3F2088400199886033
:101BF0000599012081F83500FFE70599002081F85B
:101C00003400FFE70598006D20B1FFE70598016DEE
:101C10008847FFE77BE005980068006840030028DC
:101C20001AD5FFE70598006800680003002809D46A
:101C3000FFE70598406C20B1FFE70598416C8847A5
:101C4000FFE708E00598C06B20B1FFE70598C16B7E
:101C50008847FFE7FFE720E0059800680068C005B7
:101C6000002811D4FFE705980168086820F01000EB
:101C700008600599012081F83500FFE705990020EB
:101C800081F83400FFE7FFE70598C06B20B1FFE75C
:101C90000598C16B8847FFE7FFE7FFE7FFE7059877
:101CA000406DA0B3FFE70598406DC00730B3FFE774
:101CB0000599052081F8350005980168086820F02D
:101CC00001000860FFE70398013003900299884201
:101CD00001D9FFE707E0FFE7059800680068C00743
:101CE0000028F0D1FFE70599012081F83500FFE7D2
:101CF0000599002081F83400FFE7FFE70598C06CE4
:101D000020B1FFE70598C16C8847FFE7FFE706B001
:101D100080BD000080B586B004900020039000F0E4
:101D200041FB0290049820B9FFE701208DF81700CD
:101D3000A3E00498406A08B1FFE7FFE70499022096
:101D400081F83500FFE70499002081F83400FFE7AF
:101D500004980168086820F001000860FFE7049813
:101D600000680068C00790B1FFE700F01BFB029914
:101D7000401A06280AD3FFE70499202048650499F1
:101D8000032081F835008DF8170076E0E7E7049826
:101D9000006800680390039848F23F01CFF21001F9
:101DA00008400390049900914868D1F808C0CB68B6
:101DB0000A6940EA0C00184310434A6910438A69D3
:101DC0001043CA691043096A01430398084303900A
:101DD0000498406A042808D1FFE70499C86A096B8F
:101DE0000143039808430390FFE7039804990968A7
:101DF00008600498006840690390039820F0070089
:101E000003900498416A0398084303900498406A39
:101E100004281AD1FFE70498816A039808430390C5
:101E20000498C06A80B1FFE70498FFF7A5FC50B1A1
:101E3000FFE70499402048650499012081F83500A6
:101E40008DF8170019E0FFE7FFE703980499096888
:101E500048610498FFF764FC01900498C16D3F202D
:101E6000884001998860049900204865049A0121FE
:101E700082F835108DF81700FFE79DF8170006B0BF
:101E800080BD000080B588B0069005910492039350
:101E900000208DF80B000698806D0190FFE70698F2
:101EA00090F83400012804D1FFE702208DF81F00CC
:101EB00045E00699012081F83400FFE7FFE7069826
:101EC00090F8350001282BD1FFE70699022081F810
:101ED000350006990020486506980599049A039BE9
:101EE000FFF7C2FC0698C16D3F20884001998860C9
:101EF00006980168086840F0160008600698006CB3
:101F000038B1FFE706980168086840F008000860EB
:101F1000FFE706980168086840F00100086009E0E2
:101F2000FFE70699002081F83400FFE702208DF8D2
:101F30000B00FFE79DF80B008DF81F00FFE79DF8F1
:101F40001F0008B080BD000080B584B0039000F091
:101F500029FA0290039801900198013048B1FFE7F7
:101F600040F20400C2F20000017801980844019098
:101F7000FFE7FFE700F016FA0299401A019988423C
:101F800001D2FFE7F6E704B080BD00008EB00D90EF
:101F90000C9100200A90099008900B90FFE70B9895
:101FA0000F2800F2CC81FFE70B99012088400A90AE
:101FB0000C9800680A990840099009980A99884283
:101FC00040F0B881FFE70C98406800F0030001285A
:101FD00007D0FFE70C98406800F0030002282FD1DB
:101FE000FFE70D98806808900B984100032000FAE5
:101FF00001F10898884308900C98C0680B99490033
:1020000000FA01F108980843089008980D99886033
:102010000D98406808900B99012000FA01F108988A
:10202000884308900C984068C0F300100B9900FAA0
:1020300001F108980843089008980D994860FFE757
:102040000C98406800F00300032818D0FFE70D98B3
:10205000C06808900B984100032000FA01F108982D
:10206000884308900C9880680B99490000FA01F1A8
:1020700008980843089008980D99C860FFE70C98E5
:10208000406800F00300022826D1FFE70D980B9965
:102090006FF0030202EA51010844006A08900B98AD
:1020A00000F0070081000F2000FA01F10898884332
:1020B00008900C9800690B9901F00701890000FA5B
:1020C00001F108980843089008980D990B9B02EAC3
:1020D000530211440862FFE70D98006808900B98BE
:1020E0004100032000FA01F10898884308900C98F9
:1020F000406800F003000B99490000FA01F10898CC
:102100000843089008980D9908600C98807980071A
:10211000002800F00E81FFE7FFE70020079043F65C
:102120004400C4F20200016841F48041016000688B
:1021300000F4804007900798FFE70B9820F0030019
:1021400043F60801C4F20101405808900B9800F0D2
:10215000030081000F2000FA01F1089888430890DD
:102160000D980021C4F20201884203D1FFE700204C
:1021700006905EE00D9840F20041C4F202018842F0
:1021800003D1FFE70120059050E00D9840F60001D3
:10219000C4F20201884203D1FFE70220049042E02A
:1021A0000D9840F60041C4F20201884203D1FFE7D6
:1021B0000320039034E00D9841F20001C4F20201C3
:1021C000884203D1FFE70420029026E00D9841F2F7
:1021D0000041C4F20201884203D1FFE705200190CB
:1021E00018E00D9841F60001C4F20201884203D1C3
:1021F000FFE7062000900AE00D9941F60042C4F284
:1022000002020820914208BF07200090FFE70098D3
:102210000190FFE701980290FFE702980390FFE723
:1022200003980490FFE704980590FFE7059806904F
:10223000FFE70698C0B20B9901F00301890000FA8C
:1022400001F108980843089008980B9921F00301C0
:1022500043F60802C4F20102885043F60840C4F273
:1022600001000068089009990898884308900C9824
:102270008079C006002805D5FFE70999089808432A
:102280000890FFE7089843F60841C4F2010108608E
:1022900043F60C40C4F201000068089009990898C0
:1022A000884308900C9880798006002805D5FFE7C0
:1022B0000999089808430890FFE7089843F60C41ED
:1022C000C4F20101086043F60440C4F20100006852
:1022D000089009990898884308900C98807980079D
:1022E000002805D5FFE70999089808430890FFE7FB
:1022F000089843F60441C4F20101086043F6004027
:10230000C4F2010000680890099908988843089071
:102310000C988079C00728B1FFE70999089808430D
:102320000890FFE7089843F60041C4F201010860F5
:10233000FFE7FFE7FFE70B9801300B902FE60EB0A9
:102340007047000082B00190ADF80210019800695A
:10235000BDF80210084204D0FFE701208DF801000B
:1023600003E000208DF80100FFE79DF8010002B0B6
:102370007047000082B00190ADF802108DF8012086
:102380009DF8010028B1FFE7BDF8020001998861BE
:1023900005E0BDF80200000401998861FFE702B082
:1023A0007047000041F2D000C2F2000000687047A0
:1023B00040F20400C2F20000027841F2D001C2F201
:1023C00000010868104408607047000080B543F6BB
:1023D0000041C4F20201086840F400700860086817
:1023E00040F480600860086840F480700860032052
:1023F00000F08AF80F2000F005F800F03BF800200C
:1024000080BD000080B582B0009040F20000C2F2B2
:102410000000006840F20401C2F200010A784FF4A3
:102420007A71B1FBF2F1B0FBF1F000F0A5FD20B143
:10243000FFE701208DF8070018E000980F280DD85D
:10244000FFE700994FF0FF30002200F043F80098BA
:1024500040F20801C2F20001086003E001208DF89B
:10246000070003E000208DF80700FFE79DF8070054
:1024700002B080BD82B0FFE70020019043F6440027
:10248000C4F20200016841F480410160006800F478
:10249000804001900198FFE7FFE70020009043F69D
:1024A0004000C4F20200016841F080510160006800
:1024B00000F0805000900098FFE702B070470000E5
:1024C00080B582B08DF807009DF9070006F058FB33
:1024D00002B080BD80B586B08DF8170004910392DC
:1024E0000020029006F064FB02909DF91700019015
:1024F00002980499039A05F05DFB0146019806F0E5
:102500005FFB06B080BD000080B582B001900198ED
:1025100006F078FB02B080BD80B584B002900191D6
:10252000029820B9FFE701208DF80F0021E1019802
:1025300043F60041C4F20201096801F00701884234
:1025400012D9FFE7019943F60040C4F2020001707E
:10255000006800F007000199884204D0FFE70120DD
:102560008DF80F0005E1FFE702980078800700284A
:102570002AD5FFE7029800784007002809D5FFE731
:1025800043F60801C4F20201086840F4E050086014
:10259000FFE7029800780007002809D5FFE743F617
:1025A0000801C4F20201086840F460400860FFE7D7
:1025B00043F60801C4F20201086820F0F000029A14
:1025C000926810430860FFE702980078C00700286F
:1025D0006ED0FFE702984068012811D1FFE743F66B
:1025E0000000C4F20200006800F400310020B0EBEB
:1025F000514F04D1FFE701208DF80F00B9E02CE026
:1026000002984068022805D0FFE702984068032836
:1026100011D1FFE743F60000C4F20200006800F0A9
:1026200000710020B0EB516F04D1FFE701208DF85D
:102630000F009EE010E043F60000C4F202000068C4
:1026400000F002010020B0EB510F04D1FFE70120A0
:102650008DF80F008DE0FFE7FFE743F60801C4F2B5
:102660000201086820F00300029A526810430860D3
:10267000FFF798FE0090FFE743F60800C4F202005F
:10268000006800F00C0002994968B0EB810F0ED091
:10269000FFE7FFF787FE0099401A41F2893188422F
:1026A00004D3FFE703208DF80F0062E0E4E7FFE7C3
:1026B000019843F60041C4F20201096801F00701E4
:1026C000884212D2FFE7019943F60040C4F20200AB
:1026D0000170006800F007000199884204D0FFE70C
:1026E00001208DF80F0044E0FFE7029800784007D2
:1026F00000280CD5FFE743F60801C4F20201086880
:1027000020F4E050029AD26810430860FFE7029874
:102710000078000700280DD5FFE743F60801C4F252
:102720000201086820F46040029A126940EAC2007F
:102730000860FFE700F04CF843F60801C4F202011C
:102740000968C9B20A0949F21471C0F60001895C2E
:10275000C84040F20001C2F20001086040F20800E7
:10276000C2F200000068FFF74DFE00208DF80F0058
:10277000FFE79DF80F0004B080BD000040F20000AC
:10278000C2F200000068704780B5FFF7F7FF43F61C
:102790000801C4F202010968C1F3822249F22471DE
:1027A000C0F60001895CC84080BD000080B5FFF71D
:1027B000E5FF43F60801C4F20201096889B24A0B39
:1027C00049F22471C0F60001895CC84080BD000058
:1027D00080B586B00020059004900390029043F6E7
:1027E0000800C4F20200006800F00C0001460191EC
:1027F00040B1FFE7019804280AD0FFE701980828B4
:102800000CD04FE042F20040C0F2F40002904FE0E2
:1028100041F20020C0F27A00029049E043F6040041
:10282000C4F20200016801F03F0105910068400216
:10283000002813D5FFE743F60400C4F20200006845
:10284000C0F3881041F20021C0F27A01A0FB01011F
:10285000059A0023FDF775FD049012E043F604008D
:10286000C4F202000068C0F3881042F20041C0F2D6
:10287000F401A0FB0101059A0023FDF762FD04901D
:10288000FFE743F60400C4F20200006800F44031A0
:10289000022000EBD130039004980399B0FBF1F0D3
:1028A000029005E042F20040C0F2F4000290FFE71F
:1028B000029806B080BD000080B586B004900498F0
:1028C00020B9FFE701208DF8170050E30498007845
:1028D000C007002800F0A580FFE743F60800C4F217
:1028E0000200006800F00C00042813D0FFE743F654
:1028F0000800C4F20200006800F00C0008281ED195
:10290000FFE743F60400C4F202000068400200281A
:1029100015D5FFE743F60000C4F20200006800F49A
:1029200000310020B0EB514F08D0FFE70498406819
:1029300020B9FFE701208DF8170018E370E0FFE7EA
:1029400004984068B0F5803F09D1FFE743F60001E5
:10295000C4F20201086840F48030086020E0049866
:102960004068B0F5A02F0DD1FFE743F60001C4F297
:102970000201086840F480200860086840F4803054
:1029800008600CE043F60001C4F20201086820F47C
:1029900080300860086820F480200860FFE7FFE7C7
:1029A000FFE704984068E8B1FFE7FFF7FBFC0390FE
:1029B000FFE743F60000C4F20200006800F40031B3
:1029C0000020B0EB514F0CD1FFE7FFF7EBFC039970
:1029D000401A652804D3FFE703208DF81700C6E2EC
:1029E000E7E71CE0FFF7DEFC0390FFE743F600009B
:1029F000C4F20200006800F400310020B0EB514F37
:102A00000CD0FFE7FFF7CEFC0399401A652804D3EA
:102A1000FFE703208DF81700A9E2E7E7FFE7FFE7EC
:102A2000FFE7049800788007002840F19680FFE7D0
:102A300043F60800C4F20200006810F00C0F13D037
:102A4000FFE743F60800C4F20200006800F00C0043
:102A500008282CD1FFE743F60400C4F20200006806
:102A60004002002823D4FFE743F60000C4F202002E
:102A7000006800F002010020B0EB510F09D0FFE721
:102A80000498C068012804D0FFE701208DF81700E2
:102A90006DE243F60001C4F20201086820F0F8007C
:102AA000049A126940EAC2000860FFE754E0049803
:102AB000C06870B3FFE70021C4F24721012008601D
:102AC000FFF770FC0390FFE743F60000C4F202003A
:102AD000006800F002010020B0EB510F0CD1FFE7BD
:102AE000FFF760FC0399401A032804D3FFE7032093
:102AF0008DF817003BE2E7E743F60001C4F202015C
:102B0000086820F0F800049A126940EAC2000860E0
:102B100021E00021C4F2472100200860FFF742FCB9
:102B20000390FFE743F60000C4F20200006800F0E3
:102B300002010020B0EB510F0CD0FFE7FFF732FC91
:102B40000399401A032804D3FFE703208DF81700E8
:102B50000DE2E7E7FFE7FFE7FFE7049800780007EB
:102B600000284BD5FFE70498406918B3FFE740F60B
:102B70008061C4F2472101200860FFF713FC039035
:102B8000FFE743F67400C4F20200006800F002019F
:102B90000020B0EB510F0CD1FFE7FFF703FC0399C6
:102BA000401A032804D3FFE703208DF81700DEE165
:102BB000E7E722E040F68061C4F247210020086088
:102BC000FFF7F0FB0390FFE743F67400C4F2020046
:102BD000006800F002010020B0EB510F0CD0FFE7BD
:102BE000FFF7E0FB0399401A032804D3FFE7032013
:102BF0008DF81700BBE1E7E7FFE7FFE704980078EF
:102C00004007002840F1CE80FFE700208DF8070044
:102C100043F64000C4F202000068C000002815D44A
:102C2000FFE7FFE70020009043F64000C4F20200F7
:102C3000016841F080510160006800F08050009010
:102C40000098FFE701208DF80700FFE747F200003A
:102C5000C4F200000068C005002822D4FFE747F254
:102C60000001C4F20001086840F480700860FFF7BA
:102C700099FB0390FFE747F20000C4F200000068F0
:102C8000C00500280CD4FFE7FFF78CFB0399401A1E
:102C9000032804D3FFE703208DF8170067E1EAE774
:102CA000FFE7FFE704988068012809D1FFE743F6B2
:102CB0007001C4F20201086840F0010008601FE0E2
:102CC0000498806805280DD1FFE743F67001C4F22F
:102CD0000201086840F004000860086840F0010044
:102CE00008600CE043F67001C4F20201086820F0AD
:102CF00001000860086820F004000860FFE7FFE7B3
:102D0000FFE704988068F8B1FFE7FFF74BFB0390FB
:102D1000FFE743F67000C4F20200006800F0020111
:102D20000020B0EB510F0ED1FFE7FFF73BFB0399FB
:102D3000401A41F28931884204D3FFE703208DF81D
:102D4000170014E1E5E71EE0FFF72CFB0390FFE717
:102D500043F67000C4F20200006800F00201002097
:102D6000B0EB510F0ED0FFE7FFF71CFB0399401AA1
:102D700041F28931884204D3FFE703208DF8170020
:102D8000F5E0E5E7FFE79DF80700012809D1FFE737
:102D900043F64001C4F20201086820F08050086048
:102DA000FFE7FFE704988069002800F0DC80FFE778
:102DB00043F60800C4F20200006800F00C00082886
:102DC00000F08580FFE70498806902285CD1FFE766
:102DD0006021C4F2472100200860FFF7E3FA039066
:102DE000FFE743F60000C4F20200006800F0007143
:102DF0000020B0EB516F0CD0FFE7FFF7D3FA039937
:102E0000401A032804D3FFE703208DF81700AEE033
:102E1000E7E70499C869D1F820C04B6A8A6A40EA9A
:102E20000C0040EA8310D2034FF6FF739A43A2F5D9
:102E300080321043C96A40EA016043F60401C4F2DB
:102E4000020108606021C4F2472101200860FFF7F9
:102E5000A9FA0390FFE743F60000C4F202000068FD
:102E600000F000710020B0EB516F0CD1FFE7FFF7CD
:102E700099FA0399401A032804D3FFE703208DF839
:102E8000170074E0E7E721E06021C4F24721002049
:102E90000860FFF787FA0390FFE743F60000C4F2EB
:102EA0000200006800F000710020B0EB516F0CD000
:102EB000FFE7FFF777FA0399401A032804D3FFE7E7
:102EC00003208DF8170052E0E7E7FFE74AE0049897
:102ED0008069012804D1FFE701208DF8170046E042
:102EE00043F60400C4F2020000680290049880696E
:102EF000012831D0FFE7029800F480000499C969E5
:102F0000884229D1FFE7029800F03F000499096A3E
:102F1000884221D1FFE7029847F6C0710840049922
:102F2000496AB0EB811F17D1FFE7029800F44030E7
:102F30000499896AC9034FF6FF729143A1F5803164
:102F4000884209D1FFE7029800F070600499C96ACD
:102F5000B0EB016F04D0FFE701208DF8170006E009
:102F6000FFE7FFE7FFE700208DF81700FFE79DF878
:102F7000170006B080BD000080B582B001900198B6
:102F800004F052FE02B080BD81B0009001B07047E5
:102F900081B0009001B0704785B003900291FFE7C7
:102FA000039890F83C00012804D1FFE702208DF837
:102FB00013007EE00399012081F83C00FFE7FFE762
:102FC0000399022081F83D00039800684068019051
:102FD0000398006880680090019820F070000190CC
:102FE00002980168019808430190019803990968C3
:102FF0004860039800680021C4F2010188423CD077
:10300000FFE703980068B0F1804F36D0FFE70398E0
:10301000006840F20041C4F2000188422DD0FFE771
:103020000398006840F60001C4F20001884224D0F1
:10303000FFE70398006840F60041C4F200018842AF
:103040001BD0FFE70398006840F20041C4F2010181
:10305000884212D0FFE70398006844F20001C4F2EE
:103060000101884209D0FFE70398006841F600019A
:10307000C4F2000188420ED1FFE7009820F08000E2
:1030800000900298416800980843009000980399C6
:1030900009688860FFE70399012081F83D00FFE798
:1030A0000399002081F83C00FFE700208DF8130011
:1030B000FFE79DF8130005B07047000080B582B0AF
:1030C0000090009820B9FFE701208DF807003FE04D
:1030D000009890F83D0040B9FFE70099002081F882
:1030E0003C00009800F038F8FFE70099022081F8D2
:1030F0003D00009951F8040B04F034FE00990120C2
:1031000081F84600FFE70099012081F83E00009910
:1031100081F83F00009981F84000009981F8410052
:10312000FFE7FFE70099012081F84200009981F84C
:103130004300009981F84400009981F84500FFE7B9
:103140000099012081F83D0000208DF80700FFE77D
:103150009DF8070002B080BD80B586B00590059847
:10316000006840F60001C4F20001884212D1FFE776
:10317000FFE70020049043F64000C4F2020001681B
:1031800041F004010160006800F00400049004981C
:10319000FFE740E00598006840F60041C4F20001F6
:1031A000884212D1FFE7FFE70020039043F640007A
:1031B000C4F20200016841F008010160006800F0FB
:1031C000080003900398FFE724E00598006841F2A7
:1031D0000001C4F2000188421BD1FFE7FFE7002095
:1031E000029043F64000C4F20200016841F0100171
:1031F0000160006800F0100002900298FFE736209E
:10320000019001210022FFF765F90198FFF758F9B5
:10321000FFE7FFE7FFE706B080BD000083B0019045
:10322000019890F83D00012804D0FFE701208DF8B7
:103230000B006AE00199022081F83D0001980168C5
:10324000C86840F00100C860019800680021C4F21D
:10325000010188423CD0FFE701980068B0F1804F3F
:1032600036D0FFE70198006840F20041C4F2000147
:1032700088422DD0FFE70198006840F60001C4F2B3
:103280000001884224D0FFE70198006840F6004121
:10329000C4F2000188421BD0FFE70198006840F2A9
:1032A0000041C4F20101884212D0FFE70198006892
:1032B00044F20001C4F20101884209D0FFE70198FD
:1032C000006841F60001C4F20001884212D1FFE714
:1032D00001980068806800F00700009000980628B8
:1032E00007D0FFE701980168086840F00100086016
:1032F000FFE706E001980168086840F001000860F7
:10330000FFE700208DF80B00FFE79DF80B0003B0EE
:103310007047000080B586B00490039100208DF8BE
:103320000B00FFE7049890F83C00012804D1FFE768
:1033300002208DF81700ABE00499012081F83C00D1
:10334000FFE7FFE70499022081F83D000498006838
:1033500080680190019820F077000190019820F496
:103360007F4001900198049909688860039800687B
:103370000090002872D0FFE7009810286ED0FFE779
:10338000009820286AD0FFE70098302866D0FFE731
:103390000098402855D0FFE70098502837D0FFE725
:1033A0000098602840D0FFE7009870280BD0FFE716
:1033B0000098B0F5805F05D0FFE70098B0F5005F9A
:1033C00016D052E055E004980068039B5A6899684B
:1033D000DB6804F0B5FD04980068806801900198EE
:1033E00040F077000190019804990968886040E0F6
:1033F00004980068039B5A689968DB6804F0A0FD94
:1034000004980168886840F48040886031E004983E
:103410000068039A5168D26804F07EFF049800683F
:10342000502104F0A7FD24E004980068039A516835
:10343000D26804F099FF04980068602104F09AFDB6
:1034400017E004980068039A5168D26804F064FF9A
:1034500004980068402104F08DFD0AE0049800689B
:103460000399096804F086FD03E001208DF80B0044
:10347000FFE70499012081F83D00FFE7049900204F
:1034800081F83C00FFE79DF80B008DF81700FFE77F
:103490009DF8170006B080BD80B586B004900391FA
:1034A000049820B9FFE701208DF8170088E0049800
:1034B00090F83D0040B9FFE70499002081F83C00F6
:1034C000049800F081F8FFE70499022081F83D009C
:1034D00004980168886844F2070290438860049960
:1034E00051F8040B04F03EFC0498006880680290D8
:1034F000049800688069019004980068006A009050
:1035000003980168029808430290019840F2033141
:103510008843019003998868896940EA01210198EC
:1035200008430190019840F60C41884301900198AE
:103530004FF2F001884301900399C868C96940EAD5
:10354000012101980843019003990869096A000163
:1035500040EA0131019808430190009820F02200D0
:103560000090009820F0880000900399486849690D
:1035700040EA0111009808430090029804990968F4
:10358000886001980499096888610098049909681D
:1035900008620499012081F84600049981F83E00F0
:1035A000049981F83F00049981F84200049981F858
:1035B0004300049981F83D0000208DF81700FFE7D3
:1035C0009DF8170006B080BD80B588B00790002038
:1035D00006900590049003900290079800680021DF
:1035E000C4F20101884234D1FFE7FFE700200190D7
:1035F00043F64400C4F20200016841F00101016099
:10360000006800F0010001900198FFE7FFE700204B
:10361000009043F63000C4F20200016841F010014E
:103620000160006800F0100000900098FFE74FF480
:103630002060029002200390002004900590012059
:10364000069041F20000C4F2020002A9FEF79EFCBF
:10365000FFE708B080BD000080B586B004900391FC
:10366000049890F83E008DF80B00049890F83F0005
:103670008DF80A00049890F842008DF8090004982B
:1036800090F843008DF808000398B8B9FFE79DF85B
:103690000B00012805D1FFE79DF80900012804D09F
:1036A000FFE701208DF8170079E00499022081F8E6
:1036B0003E00049981F84200FFE742E003980428A5
:1036C00017D1FFE79DF80A00012805D1FFE79DF813
:1036D0000800012804D0FFE701208DF817005EE004
:1036E0000499022081F83F00049981F84300FFE724
:1036F00026E09DF80B0001280FD1FFE79DF80A0096
:1037000001280AD1FFE79DF80900012805D1FFE74C
:103710009DF80800012804D0FFE701208DF817006C
:103720003DE00499022081F83E00049981F83F00B1
:10373000049981F84200049981F84300FFE7FFE70C
:10374000FFE70398019020B1FFE70198042807D014
:103750000DE0049800680021012204F0D5FB14E07C
:10376000049800680421012204F0CEFB0DE00498C7
:10377000006800210122009204F0C6FB009A049820
:103780000068042104F0C0FBFFE7049801680868A2
:1037900040F00100086000208DF81700FFE79DF859
:1037A000170006B080BD000081B0009001B07047E6
:1037B00080B584B0039003980068C06802900398B5
:1037C0000068006901909DF804008007002824D556
:1037D000FFE79DF80800800700281DD5FFE7039844
:1037E00001686FF0020008610399012008770398CF
:1037F00000688069800720B1FFE70398FFF7D4FFD6
:1038000006E0039800F042F9039800F037FAFFE76A
:10381000039900200877FFE7FFE79DF804004007C1
:10382000002825D5FFE79DF80800400700281ED591
:10383000FFE7039801686FF0040008610399022014
:10384000087703980068806910F4407F04D0FFE790
:103850000398FFF7A9FF06E0039800F017F9039813
:1038600000F00CFAFFE7039900200877FFE7FFE775
:103870009DF804000007002824D5FFE79DF8080004
:10388000000700281DD5FFE7039801686FF00800C6
:10389000086103990420087703980068C0698007CD
:1038A00020B1FFE70398FFF77FFF06E0039800F0E1
:1038B000EDF8039800F0E2F9FFE70399002008779C
:1038C000FFE7FFE79DF80400C006002825D5FFE7C5
:1038D0009DF80800C00600281ED5FFE70398016880
:1038E0006FF01000086103990820087703980068BA
:1038F000C06910F4407F04D0FFE70398FFF754FF3E
:1039000006E0039800F0C2F8039800F0B7F9FFE76B
:10391000039900200877FFE7FFE79DF80400C00740
:1039200078B1FFE79DF80800C00748B1FFE70398AA
:1039300001686FF001000861039800F089FAFFE761
:10394000FFE79DF804000006002810D5FFE79DF86A
:1039500008000006002809D5FFE7039801686FF00A
:10396000800008610398FFF70FFBFFE7FFE79DF872
:1039700004004006002810D5FFE79DF80800400627
:10398000002809D5FFE7039801686FF0400008613F
:10399000039800F06FFAFFE7FFE79DF80400800648
:1039A000002810D5FFE79DF808008006002809D5FB
:1039B000FFE7039801686FF0200008610398FFF7A4
:1039C000E7FAFFE7FFE704B080BD000080B588B0EC
:1039D00007900020069005900490039002900798AD
:1039E000006840F60001C4F20001884222D1FFE7DE
:1039F000FFE70020019043F63000C4F202000168A6
:103A000041F008010160006800F008000190019891
:103A1000FFE74FF4804002900220039000210491C0
:103A20000591069040F60040C4F2020002A9FEF79C
:103A3000ADFA29E00798006840F60041C4F20001A1
:103A4000884220D1FFE7FFE70020009043F63000D6
:103A5000C4F20200016841F001010160006800F059
:103A6000010000900098FFE70F20029002200390D1
:103A700000210491059106900020C4F2020002A9E1
:103A8000FEF784FAFFE7FFE708B080BD81B0009041
:103A900001B0704780B586B0049003910292002077
:103AA0008DF80700FFE7049890F83C00012804D146
:103AB000FFE702208DF8170089E00499012081F8C2
:103AC0003C00FFE7FFE7029800900C2800F27080AE
:103AD0000099DFE801F0076D6D6D206D6D6D3A6D39
:103AE0006D6D530004980068039904F059FA049826
:103AF0000168886940F00800886104980168886955
:103B000020F00400886103980269049801688869BC
:103B10001043886150E004980068039904F0B6FAF5
:103B200004980168886940F400608861049801681D
:103B3000886920F4806088610398026904980168AC
:103B4000886940EA0220886136E004980068039999
:103B500004F016FB04980168C86940F00800C861C9
:103B600004980168C86920F00400C86103980269DC
:103B700004980168C8691043C8611DE00498006892
:103B8000039904F077FB04980168C86940F4006069
:103B9000C86104980168C86920F48060C86103980E
:103BA000026904980168C86940EA0220C86103E01C
:103BB00001208DF80700FFE7FFE70499002081F856
:103BC0003C00FFE79DF807008DF81700FFE79DF820
:103BD000170006B080BD000080B582B0009000984C
:103BE00020B9FFE701208DF807003FE0009890F82A
:103BF0003D0040B9FFE70099002081F83C000098A3
:103C000000F038F8FFE70099022081F83D000099A4
:103C100051F8040B04F0A6F80099012081F8460041
:103C2000FFE70099012081F83E00009981F83F00EC
:103C3000009981F84000009981F84100FFE7FFE713
:103C40000099012081F84200009981F84300009911
:103C500081F84400009981F84500FFE700990120B0
:103C600081F83D0000208DF80700FFE79DF8070070
:103C700002B080BD81B0009001B0704781B000906B
:103C800001B0704780B58CB00A900991099828B9A5
:103C9000FFE70A9890F83E0007901CE00998042876
:103CA00005D1FFE70A9890F83F00069010E00998C8
:103CB000082805D1FFE70A9890F84000059004E035
:103CC0000A9890F841000590FFE705980690FFE7F5
:103CD00006980790FFE70798012804D0FFE7012026
:103CE0008DF82F00AFE0099828B9FFE70A99022064
:103CF00081F83E001EE00998042806D1FFE70A99E2
:103D0000022081F83F00049012E00998082806D1AB
:103D1000FFE70A99022081F84000039005E00A9924
:103D2000022081F841000390FFE703980490FFE729
:103D30000498FFE70A98006809990122019204F0AB
:103D4000E3F801980A9909680022C4F2010291423D
:103D500002900CD0FFE70A9800684FF60041CBF6BE
:103D6000FE710844B0FA80F040090290FFE7029823
:103D7000C00738B1FFE70A980168486C40F400407A
:103D80004864FFE70A9800680021C4F201018842F4
:103D90003CD0FFE70A980068B0F1804F36D0FFE7CB
:103DA0000A98006840F20041C4F2000188422DD018
:103DB000FFE70A98006840F60001C4F2000188425B
:103DC00024D0FFE70A98006840F60041C4F20001E1
:103DD00088421BD0FFE70A98006840F20041C4F215
:103DE0000101884212D0FFE70A98006844F20001FE
:103DF000C4F20101884209D0FFE70A98006841F641
:103E00000001C4F20001884212D1FFE70A9800685D
:103E1000806800F0070008900898062807D0FFE7A0
:103E20000A980168086840F001000860FFE706E0B2
:103E30000A980168086840F001000860FFE7002068
:103E40008DF82F00FFE79DF82F000CB080BD00001B
:103E500080B582B001900198006841F20001C4F27F
:103E60000001884203D1FFE701F030FBFFE702B019
:103E700080BD000081B0009001B0704780B586B071
:103E800004900391ADF80A20049890F8420020288D
:103E900048D1FFE7039820B1FFE7BDF80A0020B939
:103EA000FFE701208DF8170040E004990120086326
:103EB00004990020486304980399BDF80A2004F08F
:103EC00073FD8DF809000498006B012821D1FFE7EC
:103ED000FFE70020019004980068006801900498B2
:103EE0000068406801900198FFE7FFE7FFE704984A
:103EF000006850E8030F40F010000090FFE70099C1
:103F00000498026842E803100028F0D1FFE7FFE7B9
:103F100003E001208DF80900FFE79DF809008DF806
:103F2000170003E002208DF81700FFE79DF8170047
:103F300006B080BD80B586B00590ADF8121005982A
:103F4000006844F60001C4F20001884201D0FFE796
:103F5000A0E0BDF81200002800F09180FFE7BDF856
:103F60001200B0F5807F04D9FFE74FF48070029013
:103F700003E0BDF812000290FFE70298ADF81000D0
:103F8000BDF81200B0F5807F07D9FFE740F6484141
:103F9000C2F2000101200870FFE740F64940C2F27A
:103FA0000000007803283AD8FFE740F64A40C2F202
:103FB0000000007840F64941C2F200010978084447
:103FC0008DF80F009DF80F00042806D3FFE79DF839
:103FD0000F0004388DF80F00FFE79DF80F1040F632
:103FE0004800C2F2000000EB0120BDF8102040F2B2
:103FF0004071C2F20001FCF747FABDF810009DF8CD
:104000000F2040F64001C2F2000121F8120040F6F4
:104010004941C2F200010878013008702EE040F6F4
:104020004A40C2F20000019000788DF80F009DF820
:104030000F1040F64800C2F2000000EB0120BDF86E
:10404000102040F24071C2F20001FCF71DFABDF8E9
:1040500010009DF80F2040F64001C2F2000121F847
:1040600012009DF80F0003F063FB0199087040F601
:104070004841C2F2000101200870FFE7FFE703F0AA
:1040800017FC38B1FFE740F64B41C2F200010120B6
:104090000870FFE706B080BD80B582B0019001983E
:1040A000006844F60001C4F20001884201D0FFE735
:1040B00035E040F64841C2F200010120087040F6A8
:1040C0004E60C2F200000088F0B1FFE7019890F85E
:1040D0004100202818D1FFE740F64E61C2F20001EE
:1040E0000020088040F65061C2F2000101200870F3
:1040F00003F0E4FC38B1FFE740F65061C2F2000182
:1041000001200870FFE7FFE703F0D2FB38B1FFE7BB
:1041100040F64B41C2F2000101200870FFE702B0F7
:1041200080BD000080B592B01190119800680068C1
:10413000109011980068C0680F901198006840694D
:104140000E9000200D900C90109800F00F000D9034
:104150000D9888B9FFE79DF84000800600280AD531
:10416000FFE79DF83C008006002804D5FFE7119882
:1041700004F0C8FA02E2FFE70D98002800F0C280C0
:10418000FFE79DF83800C00738B9FFE7BDF83C00ED
:1041900010F4907F00F0B680FFE79DF84000C00764
:1041A00058B1FFE79DF83D00C00730B1FFE7119916
:1041B000486C40F001004864FFE79DF8400040076C
:1041C00000280BD5FFE79DF83800C00730B1FFE7A6
:1041D0001199486C40F002004864FFE79DF84000E8
:1041E000800700280BD5FFE79DF83800C00730B1E5
:1041F000FFE71199486C40F004004864FFE79DF820
:1042000040000007002811D5FFE79DF83C0080061C
:10421000002805D4FFE79DF83800C00730B1FFE75C
:104220001199486C40F008004864FFE71198406C11
:10423000002866D0FFE79DF84000800600280AD5D8
:10424000FFE79DF83C008006002804D5FFE71198A1
:1042500004F058FAFFE7119800684069C0F3801035
:104260000C901198406C0007002804D4FFE70C98CC
:1042700000283ED0FFE7119804F0CAF911980068B1
:104280004069400600282FD5FFE7FFE7FFE71198B8
:10429000006850E8050F20F040000B90FFE70B99F5
:1042A0001198026842E805100028F0D1FFE7FFE707
:1042B0001198C06B98B1FFE71198C16B48F2BD30FF
:1042C000C0F6000008651198C06BFDF771FB28B1BE
:1042D000FFE71198C06B016D8847FFE703E0119875
:1042E000FFF7DAFEFFE703E01198FFF7D5FEFFE7DF
:1042F00006E01198FFF7D0FE119900204864FFE70F
:10430000FFE73BE11198006B012840F01781FFE7C0
:104310009DF84000C006002840F11081FFE79DF89D
:104320003C00C006002840F10981FFE7FFE70020BC
:104330000A901198006800680A9011980068406817
:104340000A900A98FFE71198006840694006002823
:1043500040F19A80FFE71198C06B00684068ADF8A3
:104360002600BDF82600002875D0FFE7BDF826001E
:104370001199898D88426EDAFFE7BDF82600119900
:10438000C8851198C06BC069B0F5807F58D0FFE731
:10439000FFE7FFE71198006850E8030F20F48070F2
:1043A0000890FFE708991198026842E80310002876
:1043B000F0D1FFE7FFE7FFE7FFE71198006850E85B
:1043C000050F20F001000790FFE707991198026898
:1043D00042E805100028F0D1FFE7FFE7FFE7FFE71D
:1043E0001198006850E8050F20F040000690FFE7A4
:1043F00006991198026842E805100028F0D1FFE7FD
:10440000FFE71199202081F84200119900200863EC
:10441000FFE7FFE71198006850E8030F20F0100055
:104420000590FFE705991198026842E803100028FB
:10443000F0D1FFE7FFE71198C06BFDF743FAFFE704
:104440001199022048631198818DC28D891A89B211
:10445000FFF770FD17E0BDF826001199898D88429D
:1044600010D1FFE71198C06BC069B0F5807F08D10B
:10447000FFE71199022048631198818DFFF75AFDDB
:10448000FFE7FFE7FFE779E01199888DC98D401AB2
:10449000ADF812001198C08D00284ED0FFE7BDF88E
:1044A0001200002849D0FFE7FFE7FFE711980068F6
:1044B00050E8030F20F490700390FFE703991198E0
:1044C000026842E803100028F0D1FFE7FFE7FFE7AA
:1044D000FFE71198006850E8050F20F001000290F6
:1044E000FFE702991198026842E805100028F0D110
:1044F000FFE7FFE71199202081F842001199002081
:104500000863FFE7FFE71198006850E8030F20F009
:1045100010000190FFE701991198026842E803102A
:104520000028F0D1FFE7FFE71199022048631198B6
:10453000BDF81210FFF7FEFCFFE71FE09DF84000FA
:10454000000600280AD5FFE79DF83C000006002879
:1045500004D5FFE7119804F0BFFA0FE09DF8400082
:10456000400600280AD5FFE79DF83C0040060028D9
:1045700004D5FFE7119804F095F8FFE712B080BD6D
:1045800080B582B00090009820B9FFE701208DF837
:10459000070040E00098806908B1FFE700E0FFE70E
:1045A000009890F8410040B9FFE70099002081F899
:1045B0004000009800F034F8FFE70099242081F8CB
:1045C000410000980168C86820F40050C860009855
:1045D00004F04CF900980168086920F490400861E3
:1045E00000980168486920F02A0048610098016835
:1045F000C86840F40050C860009900204864009AE0
:10460000202182F84110009A82F8421000994863F4
:104610008DF80700FFE79DF8070002B080BD00009D
:1046200080B58CB00B9000200A90099008900790FC
:1046300006900B98006844F60001C4F2000188421D
:1046400040F09380FFE7FFE70020059043F640002D
:10465000C4F20200016841F480210160006800F4A6
:10466000802005900598FFE7FFE70020049043F6BF
:104670003000C4F20200016841F0020101600068EC
:1046800000F0020004900498FFE74FF440600690A9
:104690000220079000200290089003200990072034
:1046A0000A9040F20040C4F2020006A9FDF76EFC39
:1046B000029940F6A860C2F20000039046F2280278
:1046C000C4F2020202604FF0006242608160C16089
:1046D0004FF48062026141618161C16101624162A6
:1046E000FDF718FB18B1FFE7FDF7E8F8FFE7FFE774
:1046F0000B9840F6A861C2F20001C1630B98886371
:10470000FFE740F60870C2F20000019046F258013F
:10471000C4F2020101604FF00061416040218160FC
:104720000021C1604FF48062026141618161C16119
:1047300001624162FDF7EEFA18B1FFE7FDF7BEF83E
:10474000FFE7FFE70B9840F60871C2F200018163B2
:104750000B988863FFE72720009000221146FDF7A1
:10476000B9FE0098FDF7ACFEFFE70CB080BD00007D
:1047700081B0009001B0704781B0009001B07047E7
:1047800080B586B004900391ADF80A20049890F8A3
:10479000410020286AD1FFE7039820B1FFE7BDF868
:1047A0000A0020B9FFE701208DF8170062E00398A6
:1047B00004990862BDF80A0004998884BDF80A00CB
:1047C0000499C884049900204864049A212182F83D
:1047D000411004998A6B48F27D51C0F60001D16303
:1047E00004998A6B48F2F951C0F6000111640499EA
:1047F0008A6B48F2D931C0F60001D1640499896B03
:10480000086503A8019004980268806B0199096803
:104810000432BDF80A30FDF735FB58B1FFE70499C3
:10482000102048640499202081F8410001208DF86F
:1048300017001FE0049801686FF040000860FFE770
:10484000FFE70498006850E8050F40F080000090F2
:10485000FFE700990498026842E805100028F0D1AB
:10486000FFE7FFE700208DF8170003E002208DF836
:104870001700FFE79DF8170006B080BD80B584B033
:1048800002900298006844F60001C4F200018842D8
:1048900001D0FFE766E0EFF31080039003980190EA
:1048A00072B640F64E60C2F200000088ADF8020019
:1048B000BDF8020058B3FFE7BDF8020040F64C61B6
:1048C000C2F200010988884221DCFFE740F652600D
:1048D000C2F200000188BDF8022011440180008866
:1048E000B0F5007F09D3FFE740F65261C2F2000144
:1048F0000888A0F500700880FFE740F64C61C2F21E
:1049000000010888BDF80220801A088016E0BDF872
:10491000020090B1FFE740F65261C2F200010020B0
:10492000088040F64C61C2F20001088040F65061F8
:10493000C2F2000101200870FFE7FFE740F64E6178
:10494000C2F2000100200880019802F0DBFF03F0B2
:10495000B5F838B1FFE740F65061C2F2000101201E
:104960000870FFE704B080BD81B0009001B07047CF
:1049700080B582B040F27403C2F20003019350206C
:104980003F21022200F04AF90198018841F2D40047
:10499000C2F20000016090ED000AB8EEC00A9FED7F
:1049A000211A20EE010A40F27800C2F2000090EDD8
:1049B000001A9FED1D2A20EE020A30EE410A9FEDFB
:1049C0001B1A30EE010A40F27000C2F2000080EDC6
:1049D000000A90ED000AB4EE410AF1EE10FA0DDB88
:1049E000FFE740F27000C2F2000090ED000A9FED78
:1049F000101A30EE010A80ED000AFFE740F2700065
:104A0000C2F2000090ED000A9FED091A30EE010A93
:104A100080ED000A90ED000AB1EE400A80ED000A38
:104A200002B080BD00000038000034430000B443F1
:104A30000000B4C380B582B000F05EF86420FDF7DA
:104A400083FA40F27403C2F20003019350203F2125
:104A5000022200F0E3F80198018841F2D800C2F286
:104A60000000016090ED000AB8EEC00A9FED071A41
:104A700020EE010A9FED061A20EE010A40F27800AE
:104A8000C2F2000080ED000A02B080BD00000038D4
:104A900000003443FFE7FEE780B584B040F2802198
:104AA000C4F2412100200860FFE740F60001C4F293
:104AB0000201086820F00C000860086840F004005B
:104AC0000860FFE740F28421C4F2412100200390F6
:104AD00008600120019004F0B7F8019840F28021AD
:104AE000C4F241210291086004F0AEF802990398E3
:104AF000086004B080BD000040F28021C4F2412172
:104B00000120086040F28421C4F24121086070470E
:104B100080B582B040F28021C4F2412100200860BB
:104B2000FFE740F60001C4F20201086820F00C0023
:104B30000860086840F004000860FFE740F2842144
:104B4000C4F2412101200090086004F07DF8009833
:104B500040F28021C4F241210191086004F074F810
:104B600001990020086002B080BD000080B584B0CB
:104B70008DF80F0000208DF80D0040F28421C4F262
:104B8000412101200860FFE740F60001C4F2020164
:104B9000086820F00C000860FFE700208DF80E0088
:104BA000FFE79DF80E0007282ADCFFE740F280218E
:104BB000C4F241210191002008600120029004F01C
:104BC00043F80199029808609DF80D0040008DF8A7
:104BD0000D0040F20420C4F24120006830B1FFE72C
:104BE0009DF80D0001308DF80D00FFE7012004F065
:104BF0002BF8FFE79DF80E0001308DF80E00D0E78E
:104C00009DF80F0018B9FFE7FFF782FF02E0FFF7FA
:104C100043FFFFE79DF80D0004B080BD80B582B072
:104C20008DF806008DF805108DF80420009300F033
:104C30009BF89DF806004000C0B200F04BF800F071
:104C4000EFF830B1FFE700F0BDF801208DF8070064
:104C50003BE09DF8050000F03DF800F0E1F820B9D8
:104C6000FFE7012003F0F0FFFFE700F07DF89DF87B
:104C7000060040000130C0B200F02CF800F0D0F87F
:104C8000FFE79DF80400D0B1FFE79DF8040001287C
:104C900006D1FFE70020FFF769FF0099087005E0E3
:104CA0000120FFF763FF00990870FFE79DF80400FB
:104CB00001388DF80400009801300090E1E700F021
:104CC00081F800208DF80700FFE79DF8070002B08B
:104CD00080BD000080B584B08DF80F00FFE740F67E
:104CE0000001C4F20201086820F00C0008600868A6
:104CF00040F004000860FFE740F28021C4F2412147
:104D0000002008608DF80E00FFE79DF80E000728D0
:104D100027DCFFE79DF80F00C00940F28421C4F2B0
:104D2000412108609DF80F0040008DF80F00012020
:104D3000029003F089FF029840F28021C4F24121E1
:104D40000191086003F080FF019A02980021116030
:104D500003F07AFFFFE79DF80E0001308DF80E009A
:104D6000D3E704B080BD000080B584B0FFE740F613
:104D70000001C4F20201086820F00C000860086815
:104D800040F004000860FFE740F28421C4F24121B2
:104D900000910120086040F28021C4F2412102917B
:104DA00008600220019003F04FFF009A0198002153
:104DB0000391116003F048FF02990398086004B062
:104DC00080BD000080B584B0FFE740F60001C4F26A
:104DD0000201086820F00C000860086840F0040038
:104DE0000860FFE740F28021C4F2412101910020D8
:104DF000086040F28421C4F2412102910860012040
:104E0000039003F021FF01990398086003F01CFF51
:104E100002990398086003F017FF04B080BD0000FA
:104E200080B582B000208DF80600FFE740F6000153
:104E3000C4F20201086820F00C000860FFE740F2AD
:104E40008421C4F2412101200090086003F0FCFE9F
:104E5000009840F28021C4F24121086003F0F4FE82
:104E6000FFE740F20420C4F24120006888B1FFE768
:104E70009DF8060001308DF806009DF80600FB281D
:104E800006DBFFE7FFF79EFF01208DF8070009E032
:104E9000E7E740F28021C4F24121002008608DF84C
:104EA0000700FFE79DF8070002B080BD80B584B021
:104EB000FFE70020039043F63000C4F202000168CF
:104EC00041F400110160006800F4001003900398A1
:104ED000FFE70C200090002201921146FDF7FAFA3C
:104EE0000098FDF7EDFA019A0E2002901146FDF7A9
:104EF000F1FA0298FDF7E4FA04B080BD80B59AB0EB
:104F0000002019901890179016901590FFE7002038
:104F1000149043F63000C4F20200016841F0200111
:104F20000160006800F0200014901498FFE7FFE78C
:104F30000020139043F63000C4F20200016841F0F3
:104F400080010160006800F0800013901398FFE773
:104F5000FFE70020129043F63000C4F2020001681F
:104F600041F004010160006800F004001290129802
:104F7000FFE7FFE70020119043F63000C4F2020083
:104F8000016841F001010160006800F0010011902A
:104F90001198FFE7FFE70020109043F63000C4F2BD
:104FA0000200016841F040010160006800F040002B
:104FB00010901098FFE7FFE700200F9043F63000B5
:104FC000C4F20200016841F010010160006800F0C5
:104FD00010000F900F98FFE7FFE700200E9043F6B8
:104FE0003000C4F20200016841F002010160006873
:104FF00000F002000E900E98FFE7FFE700200D90F2
:1050000043F63000C4F20200016841F0080101607B
:10501000006800F008000D900D98FFE741F2004095
:10502000C4F2020001904EF21801009100220A928F
:10503000FDF7A0F90A9A40F60000C4F202000390BE
:1050400003210291FDF796F90A9A41F60000C4F295
:1050500002000890F1210491FDF78CF90A9A41F2BF
:105060000000C4F202000B9080210691FDF782F946
:105070000A9A40F60040C4F202000790012109910B
:10508000FDF778F9009B0198099A0A9915931692F1
:105090001791189115A90C91FCF778FF029B0398C2
:1050A000099A0C99159311231693179202220592CF
:1050B0001892FCF76BFFDDF810C00898099B0A9A5C
:1050C0000C99CDF854C0169317921892FCF75EFF16
:1050D000DDF814C00898099A0A9B0C99CDF854C0C1
:1050E00016931792FCF752FFDDF818C0099B0A9A35
:1050F0000B980C99CDF854C0169317921892FCF7A0
:1051000045FF0798099B0A9A0C99159316931792D5
:105110001892FCF73BFF07980A9A0C99C023159345
:1051200016921792FCF732FF08980A9A0C994FF4DE
:105130000C43159316921792FCF728FF0A980C99C6
:105140004FF4407215921690179040F20040C4F24E
:105150000200FCF71BFF099B0A9A0B980C99159308
:1051600016921792FCF712FF1AB080BD80B58EB070
:1051700005A800902421FBF7EEF900990022019286
:105180000492039240F66870C2F20000029000237D
:10519000C4F201030360426082604FF6FF73C36094
:1051A0000261426182610323059306920123079302
:1051B000089209920A920B930C920D92FEF76CF9E9
:1051C00018B1FFE7FCF77AFBFFE70020039004909B
:1051D00040F66870C2F2000003A9FDF7DDFE18B1C9
:1051E000FFE7FCF76BFBFFE70EB080BD80B58EB02C
:1051F000002100910D910C910B910A910991089158
:10520000079106910591049103910291019140F655
:10521000B070C2F2000040F60002C4F20002026068
:1052200003224260816040F2E732C2600161816125
:10523000FDF744FF18B1FFE7FCF740FBFFE74FF431
:1052400080500A9040F6B070C2F200000AA9FEF742
:1052500061F818B1FFE7FCF731FBFFE740F6B070EB
:10526000C2F20000FEF7B8FC18B1FFE7FCF726FB1E
:10527000FFE700200890099040F6B070C2F20000ED
:1052800008A9FDF789FE18B1FFE7FCF717FBFFE758
:1052900060200190002002900390059040F6B070CD
:1052A000C2F2000001A90822FEF7F4FB18B1FFE7E3
:1052B000FCF704FBFFE740F6B070C2F20000FEF717
:1052C00085FB0EB080BD000080B58EB0002100913E
:1052D0000D910C910B910A910991089107910691FA
:1052E0000591049103910291019140F6F870C2F288
:1052F000000040F60042C4F2000202600322426055
:10530000816040F2E732C26001618161FDF7D6FE43
:1053100018B1FFE7FCF7D2FAFFE74FF480500A908C
:1053200040F6F870C2F200000AA9FDF7F3FF18B1C9
:10533000FFE7FCF7C3FAFFE740F6F870C2F200009F
:10534000FEF74AFC18B1FFE7FCF7B8FAFFE70020C8
:105350000890099040F6F870C2F2000008A9FDF725
:105360001BFE18B1FFE7FCF7A9FAFFE760200190E8
:10537000002202920392059240F6F870C2F20000F9
:1053800001A9FEF787FB18B1FFE7FCF797FAFFE7E3
:1053900040F6F870C2F2000001A90422FEF77AFB81
:1053A00018B1FFE7FCF78AFAFFE740F6F870C2F29F
:1053B000000001A90822FEF76DFB18B1FFE7FCF71A
:1053C0007DFAFFE740F6F870C2F2000001A90C2256
:1053D000FEF760FB18B1FFE7FCF770FAFFE740F655
:1053E000F870C2F20000FEF7F1FA0EB080BD0000C6
:1053F00080B582B000210191009141F24000C2F2DB
:10540000000041F20002C4F20002026041F26702B1
:10541000426081606322C2608161FDF74FFE18B176
:10542000FFE7FCF74BFAFFE700200090019041F204
:105430004000C2F200006946FDF7AEFD18B1FFE77B
:10544000FCF73CFAFFE702B080BD000080B582B0F7
:1054500041F28800C2F20000019044F60001C4F25B
:10546000000101604FF4E131416000218160C160C1
:1054700001610C2242618161C161FFF781F818B1BD
:10548000FFE7FCF71BFAFFE702B080BDFFE7FEE78E
:1054900080B582B0EFF3108001900198009072B651
:1054A00040F27C00C2F200000078022803D1FFE73E
:1054B00000F0FCFA02E000F011FBFFE7009810B9E1
:1054C000FFE762B6FFE702B080BD000080B500F0E4
:1054D000C7F901F0D7FF00F017FB80BD81B08DF850
:1054E000030000208DF80200FFE79DF80200072866
:1054F00017D8FFE79DF803009DF8022090400106B1
:105500003020002948BF312040F27C01C2F2000166
:1055100011448870FFE79DF8020001308DF8020009
:10552000E3E701B07047000080B582B000F024F9D5
:1055300002F0B6F820B1FFE701208DF8070060E027
:10554000FFF778FA01F00AFA28B9FFE700210846C8
:1055500001F06AFB06E049F69450C0F60000FAF745
:1055600069FFFFE700F086FE20B1FFE701208DF81C
:10557000070046E000F02AF930B1FFE700F0D0FF65
:1055800001208DF807003CE001F016FF30B1FFE785
:1055900000F0C6FF01208DF8070032E000F0E0F9CE
:1055A0009FED1A0ADFED1A0AB2EE041A00F050FA63
:1055B0004FF4C8709FED170A00F01CFA012000900C
:1055C00000F008FA009800F05FFA00F02DFD41F2BB
:1055D0004000C2F20000FDF721FE40B1FFE701F0FC
:1055E0002BFF00F09DFF01208DF8070009E049F630
:1055F000C250C0F60000FAF71DFF00208DF807002A
:10560000FFE79DF8070002B080BD00BF00008C429C
:10561000000000000000C84380B586B0FFF7A8F97D
:1056200002F09CF840F27000C2F20000006803F043
:1056300071FF41EC100B684680ED000B49F61862D3
:10564000C0F6000201210391084601F01BFA01F0A7
:10565000B9FF03990590059844F6D352C1F262024E
:10566000A0FB0232930948F21F52C5F2EB12A0FBD5
:105670000220400949F69A12C1F69912A0FB02C213
:1056800002EB8202A0EB42006A46106049F6E1524A
:10569000C0F60002022001F0F5F900F071FB8DF870
:1056A00013009DF81300FFF719FF039940F27C00E7
:1056B000C2F200000290831C49F6D552C0F60002E7
:1056C000032001F0DFF900F017F80298039903783E
:1056D00090F801C049F60460C0F6000049F6F052A7
:1056E000C0F60002BCF1000F18BF0246042001F012
:1056F000C9F906B080BD000080B582B000F0BAFCE8
:105700008DF807009DF8070001281AD1FFE740F245
:105710007C00C2F20000407898B9FFE740F27C00BC
:10572000C2F200000178013101700078072807D328
:10573000FFE740F27C01C2F2000102200870FFE79F
:1057400017E09DF80700022812D1FFE740F27C0025
:10575000C2F20000407858B9FFE740F27C01C2F283
:1057600000010120487001F067FFFFF791FEFFE79D
:10577000FFE702B080BD000081B040F27C01C2F2C0
:10578000000102200870002048708DF80300FFE738
:105790009DF80300072810D8FFE79DF8031040F29A
:1057A0007C00C2F20000014430208870FFE79DF8C1
:1057B000030001308DF80300EAE740F27C01C2F2F9
:1057C00000010020887201B07047000080B582B0EF
:1057D00040F28801C2F200010020087400F022F8B3
:1057E00040F66870C2F200003C21FDF735FF50B171
:1057F000FFE740F28801C2F2000100200874012096
:105800008DF8070009E040F28801C2F20001012092
:10581000087400208DF80700FFE79DF8070002B02C
:1058200080BD000081B040F28801C2F20001087C16
:105830008DF8030040F66870C2F200000268002094
:10584000506240F29C02C2F2000210800860888020
:105850008860C8609DF80300087401B070470000BC
:1058600085B040F28800C2F20000007C08B9FFE772
:105870004EE040F66870C2F200000068406AADF881
:105880001200BDF91200002804D4FFE7BDF8120091
:10589000019005E0BDF81200CFF6FF700190FFE720
:1058A00001980390BDF8120040F29C01C2F2000181
:1058B0000988401AADF81000BDF91000002804D482
:1058C000FFE7BDF91000009006E0BDF81000A0F55C
:1058D000803000B20090FFE70098ADF80A00BDF8F4
:1058E000120040F29C01C2F200010880039840F2CD
:1058F0008801C2F200010860BDF80A008880BDF985
:105900000A20886810448860C8680130C860FFE7D2
:1059100005B0704782B08DED000A9DED000AB5EE2E
:10592000400AF1EE10FA03DAFFE70020019011E0DF
:105930009DED000A9FED091AB4EE410AF1EE10FA4E
:1059400005DDFFE70020C4F27A40019002E00098F4
:105950000190FFE79DED010A02B0704700007A4414
:1059600080B582B040F2A000C2F200000190B3EE18
:10597000040A9FED151ADFED151A9FED152AF0EEBA
:10598000410A01F053FC0199FA2008850020C4F275
:105990009630C86200200863486381F8380081F8B7
:1059A000390081F83A00012281F83B2081F83C005F
:1059B00081F83D0081F83E006422A1F8402048644F
:1059C000886402B080BD00BF000000000000C84233
:1059D0000000964381B08DF803009DF80300002875
:1059E00018BF012040F2A001C2F2000181F83A0084
:1059F00001B0704780B584B0ADF80E008DED020A9D
:105A0000BDF90E00B0F1FF3F04DCFFE70020ADF868
:105A10000E00FFE7BDF90E00B0F57A7F05DDFFE768
:105A20004FF47A70ADF80E00FFE7BDF80E0040F2BB
:105A3000A001C2F20001019108859DED020AFFF765
:105A400069FF019981ED0B0AC86A486204B080BD04
:105A500080B584B08DED030ACDED020A8DED011AFB
:105A60009DED030ADDED020A9DED011A40F2A00052
:105A7000C2F2000090ED0B2ADFED021A01F0D6FB16
:105A800004B080BD0000C84281B08DF803009DF9CC
:105A900003100120002948BF4FF0FF3040F2A00161
:105AA000C2F2000181F83B0001B0704780B582B0BE
:105AB00040F2A000C2F20000019001F01BFC01992D
:105AC000886C48640020A1F8400081F83D0081F80E
:105AD0003E00012081F83C0002B080BD80B540F25C
:105AE000A000C2F20000002180F83C1080F83D10B8
:105AF00080F83E106422A0F840204164816401F0E7
:105B0000F9FB00F00DFD80BD80B588B000208DF858
:105B10001C00ADF81A0040F2A000C2F2000090F89C
:105B20003E0098B1FFE740F2A000C2F2000090F8FA
:105B30003E10013980F83E1090F83E0028B9FFE78A
:105B400000F0EEFC01F094FDFFE715E100F018F91C
:105B5000014640F2A000C2F2000080F8381090F830
:105B60003A0040B1FFE740F2A000C2F2000090F816
:105B70003800039009E040F2A000C2F2000090F863
:105B8000380080F0FF000390FFE703988DF81F00B6
:105B90009DF81F0000F01F008DF81E0040F2A000CD
:105BA000C2F2000090F83C0000283ED0FFE79DF8CC
:105BB0001F0000F01C001C280ED0FFE79DF81F00FE
:105BC00000F00E000E2807D0FFE79DF81F0000F040
:105BD0000700072820D1FFE740F2A000C2F2000032
:105BE00090F83D0002280AD8FFE740F2A001C2F277
:105BF000000191F83D00013081F83D00FFE740F2DF
:105C0000A000C2F2000090F83D00032803D3FFE794
:105C100000F088F9B0E007E040F2A001C2F2000114
:105C2000002081F83D00FFE7FFE700208DF81D0010
:105C3000FFE79DF81D00072822D8FFE79DF81E000A
:105C40009DF81D1088400006002812D5FFE79DF83A
:105C50001D1049F23470C0F600004156BDF81A001C
:105C60000844ADF81A009DF81C0001308DF81C00A6
:105C7000FFE7FFE79DF81D0001308DF81D00D8E714
:105C800040F2A000C2F2000090F83C0008B9FFE723
:105C900072E000F095F99DF81C0040B9FFE740F272
:105CA000A001C2F20001002081F8390064E040F256
:105CB000A000C2F200000290012180F83910BDF965
:105CC0001A1000EE101AB8EEC00A9DF81C1001EE72
:105CD000101AB8EE411A80EE010A80ED0C0AD0EDE0
:105CE0000C0A9FED260A01F037FA02988DED050A9D
:105CF00090F93B1000EE101AB8EEC01A9DED050A9F
:105D000020EE010A8DED050AB0F92800012811DB0B
:105D1000FFE740F2A000C2F2000090ED120AB0F9D5
:105D2000280001EE100AB8EEC11A80EE010A8DEDCE
:105D3000010A04E09FED110A8DED010AFFE79DEDD8
:105D4000010A8DED040A9DED041A9DED050A20EE71
:105D5000010A8DED050A059940F2A000C2F200008B
:105D6000416390ED120A9DED051ADFED040A00F083
:105D7000F7FA00F00FFCFFE708B080BD000000005C
:105D800080B582B000208DF8070040F60040C4F2D4
:105D900002004021FCF7D6FA012807D1FFE79DF861
:105DA000070040F080008DF80700FFE740F6004054
:105DB000C4F202008021FCF7C5FA012807D1FFE7F1
:105DC0009DF8070040F040008DF80700FFE741F61E
:105DD0000000C4F202004FF48061FCF7B3FA01281E
:105DE00007D1FFE79DF8070040F020008DF807007D
:105DF000FFE741F60000C4F202004FF40061FCF737
:105E0000A1FA012807D1FFE79DF8070040F0100034
:105E10008DF80700FFE741F60000C4F202004FF4DE
:105E20000041FCF78FFA012807D1FFE79DF8070032
:105E300040F008008DF80700FFE740F20040C4F290
:105E400002004FF48071FCF77DFA012807D1FFE7CB
:105E50009DF8070040F004008DF80700FFE740F2CE
:105E60000040C4F202004FF40071FCF76BFA012805
:105E700007D1FFE79DF8070040F002008DF807000A
:105E8000FFE741F20000C4F202000121FCF75AFAD8
:105E9000012807D1FFE79DF8070040F001008DF8C9
:105EA0000700FFE79DF8070002B080BD83B0ADF8A2
:105EB0000600BDF8060000EE100AB8EE400A9FED9D
:105EC000181A80EE010A8DED000A9DED000AB7EE6A
:105ED000001AB4EE410AF1EE10FA04DBFFE74FF0CE
:105EE0007E50029018E09DED001A21EE010A20EE8E
:105EF000010AB1EE082A21EE022ABAEE0E3A32EE7B
:105F0000032A21EE021AB2EE042A31EE021A20EE22
:105F1000010A8DED020AFFE79DED020A03B070470A
:105F20000000C84280B582B07820ADF8060040F28B
:105F3000A000C2F2000090ED120ABDF9060001EEC9
:105F4000100AB8EEC11AB4EE410AF1EE10FA0DDAF9
:105F5000FFE740F2A000C2F2000090ED120ABDEE91
:105F6000C00A10EE100AADF80600FFE7BDF9060002
:105F7000002805DCFFE7FFF7B1FD01F079FB1CE02D
:105F800040F2A000C2F20000002180F83C1080F82E
:105F90003D10052280F83E206422A0F84020416494
:105FA000816401F0A7F9BDF80600404203B218462B
:105FB00019461A4600F0CAF8FFE702B080BD00009B
:105FC00080B582B040F2A000C2F200000090B0F8AC
:105FD0004000FFF76BFF00988DED010A90ED111A5C
:105FE000B0F9281000EE101AB8EEC00A90ED112A90
:105FF00030EE420A9DED012A20EE020A30EE010A3F
:1060000080ED120AB0F8400063280ADCFFE740F296
:10601000A001C2F20001B1F840000130A1F8400037
:10602000FFE702B080BD000080B582B0FCF7BAF98E
:10603000019041F60000C4F202000221FCF782F94F
:10604000014640F2F400C2F200000170007840F214
:10605000F501C2F200010870019840F2F001C2F2AD
:1060600000010860019840F2EC01C2F200010860F2
:1060700002B080BD80B584B0FCF794F9029041F67F
:106080000000C4F202000221FCF75CF98DF8070061
:106090009DF8070040F2F401C2F20001097888423D
:1060A0000ED0FFE79DF8070040F2F401C2F20001B4
:1060B0000870029840F2F001C2F200010860FFE7A8
:1060C00040F2F400C2F20000007840F2F501C2F2A2
:1060D00000010978884230D0FFE7029840F2F001D1
:1060E000C2F200010968401A142826D3FFE740F2E3
:1060F000F400C2F20000017840F2F500C2F20000A4
:106100000170007838B9FFE7029840F2EC01C2F262
:106110000001086010E0029840F2EC01C2F20001B8
:106120000968401A00900098C10801207C2988BFA6
:1061300002208DF80F0004E0FFE700208DF80F002B
:10614000FFE79DF80F0004B080BD000080B588B067
:10615000ADF81E00ADF81C10ADF81A20ADF81830DF
:10616000BDF91E0000F0DEF8ADF81000BDF91C000E
:1061700000F0D8F8ADF81200BDF91A0000F0D2F81E
:10618000ADF81400BDF9180000F0CCF8ADF8160019
:1061900001208DF80D00FFE79DF80D00042838D888
:1061A000FFE79DF80D100DF10E0030F911000028E9
:1061B00008D4FFE79DF80D100DF10E0030F8110026
:1061C000019009E09DF80D100DF10E0030F811005E
:1061D000404280B20190FFE70198ADF80A009DF8B7
:1061E0000D00002100F04CF99DF80D000DF10E019D
:1061F00031F9101000F0F6F89DF80D00BDF80A1006
:1062000000F03EF9FFE79DF80D0001308DF80D001C
:10621000C2E708B080BD000080B582B08DED000AF5
:106220009DED000AB5EE400AF1EE10FA0FDBFFE734
:106230009DED000AB6EE001A30EE010ABDEEC00A6E
:1062400010EE100A00F06EF8ADF806000EE09DEDBD
:10625000000ABEEE001A30EE010ABDEEC00A10EED2
:10626000100A00F05FF8ADF80600FFE7BDF9060080
:1062700002B080BD80B582B040F6F870C2F2000076
:106280000021FDF7FFFC20B1FFE701208DF807009A
:106290002EE040F6F870C2F200000421FDF7F2FC97
:1062A00020B1FFE701208DF8070021E040F6F870EB
:1062B000C2F200000821FDF7E5FC20B1FFE7012054
:1062C0008DF8070014E040F6F870C2F200000C21CF
:1062D000FDF7D8FC20B1FFE701208DF8070007E0AB
:1062E00000F05CF800F01CF900208DF80700FFE7D3
:1062F0009DF8070002B080BD82B08DF807009DF8C0
:1063000007100020009041B1FFE79DF80710002022
:10631000052938BF01200090FFE7009800F0010038
:1063200002B0704782B000900098B0F57A7F05DD2A
:10633000FFE74FF47A70ADF806000DE0009810F515
:106340007A7F05DAFFE74FF61840ADF8060003E064
:106350000098ADF80600FFE7BDF9060002B07047EF
:1063600080B584B08DED030ACDED020A8DED011AE2
:106370009DED032A9DED024A32EE441A9DED013A4D
:1063800031EE430A32EE042A72EE030A31EE031AAA
:1063900072EE431A00F0ACF804B080BD81B0012069
:1063A0008DF80300FFE79DF80300042818D8FFE7E5
:1063B0009DF8032040F2EC11C2F20001002021F808
:1063C00012009DF8032040F2F801C2F2000141F8EA
:1063D0002200FFE79DF8030001308DF80300E2E79B
:1063E00001B0704780B584B08DF80F00ADF80C1087
:1063F0009DF80F00FFF780FF08B9FFE73DE09DF82B
:106400000F1049F23C70C0F6000000EB011010388C
:106410000290BDF90C0030B9FFE700208DF80700AD
:106420008DF806001AE0BDF90C00012804DBFFE737
:106430000298807B009006E00298807BB0FA80F0A2
:1064400040090090FFE700988DF807009DF80700CD
:10645000B0FA80F040098DF80600FFE7029908685D
:1064600089889DF80720FBF785FF0299886889894C
:106470009DF80620FBF77EFFFFE704B080BD00001B
:1064800082B08DF80700ADF804109DF807000138C0
:1064900001460091032828D80099DFE801F0020B9B
:1064A000141DBDF8040040F6F871C2F2000109683D
:1064B00088631BE0BDF8040040F6F871C2F20001E9
:1064C0000968486312E0BDF8040040F6F871C2F2B2
:1064D00000010968C86309E0BDF8040040F6F871DE
:1064E000C2F200010968086400E0FFE702B07047EB
:1064F00084B08DED030ACDED020A8DED011ACDEDCC
:10650000001A039840F2D811C2F2000148600298C4
:1065100088600198C8600098086104B07047000066
:1065200080B582B001208DF80700FFE79DF80700D5
:1065300004281CD8FFE79DF8072040F2D811C2F2CA
:106540000001002041F822009DF8070000EB8001C7
:1065500040F20C10C2F2000000EBC10000F0CAFED5
:10656000FFE79DF8070001308DF80700DEE7002304
:10657000184619461A46FFF7E9FD02B080BD000033
:1065800040F2EC11C2F20001002048808880C880EF
:106590000881704780B584B0FFF7F2FF01208DF8C5
:1065A0000500FFE79DF80500042850D8FFE740F2FA
:1065B000D410C2F20000007878B3FFE79DF8052000
:1065C00002EB820140F20C10C2F2000000EBC100AD
:1065D00040F2D811C2F2000101EB820191ED000AF4
:1065E0009DF8052040F2EC11C2F2000131F91210C1
:1065F00001EE101AF8EEC10A9FED1B1A00F03CFDE7
:106600008DED000A9DED000AFFF706FE9DF80520BE
:106610000DF1060121F8120012E09DF8051040F27C
:10662000D810C2F2000000EB810090ED000AFFF7E5
:10663000F3FD9DF805200DF1060121F81200FFE79A
:10664000FFE79DF8050001308DF80500AAE7BDF9C8
:106650000800BDF90A10BDF90C20BDF90E30FFF796
:1066600075FD04B080BD00BF0080BB4480B5A2B002
:1066700002A88021F9F74DFF00208DF80700FFE701
:106680009DF8070007281FD8FFE79DF807000021A5
:1066900000F0CAFA402002A9802200F025FB60B970
:1066A000FFE79DF8071040F2F910C2F2000000EB7E
:1066B000C1108021F9F72DFFFFE7FFE79DF80700E4
:1066C00001308DF80700DBE70021084600F0ACFA46
:1066D00022B080BD80B582B08DF8070000200DF19A
:1066E0000701012200F000FB02B080BD83B00190E1
:1066F0000091019890F90000002808D4FFE7019864
:1067000000780099086001208DF80B0099E001984D
:10671000007800F0E000C0281AD1FFE70198407827
:10672000B0B1FFE70198407800F0C00080280FD199
:10673000FFE701980178407801F01F0100F03F0069
:1067400040EA81100099086002208DF80B0078E083
:106750000198007800F0F000E0282AD1FFE70198C6
:10676000407830B3FFE70198807810B3FFE70198D5
:10677000407800F0C00080281BD1FFE701988078A6
:1067800000F0C000802814D1FFE7019908784A780A
:10679000897800F00F00000302F03F0240EA821007
:1067A00001F03F0108440099086003208DF80B00B8
:1067B00047E00198007800F0F800F0283AD1FFE7B0
:1067C00001984078B0B3FFE70198807890B3FFE775
:1067D0000198C07870B3FFE70198407800F0C000DE
:1067E000802827D1FFE70198807800F0C00080283A
:1067F00020D1FFE70198C07800F0C000802819D1AF
:10680000FFE7019908784B788A78C97800F007008B
:10681000800403F03F0340EA033002F03F0240EA05
:10682000821001F03F0108440099086004208DF8AF
:106830000B0006E000993F20086001208DF80B0056
:10684000FFE79DF80B0003B07047000081B0C8203F
:106850000090FFE7009820B1FFE700980138009012
:10686000F8E701B07047000084B002900020ADF856
:10687000060041F61550ADF80400BDF80A0010BB43
:10688000FFE70020C0F60C00006844F24721C3F285
:106890003321884217D1FFE70420C0F60C0000889E
:1068A000012810D1FFE70620C0F60C00008841F651
:1068B0001551884207D1FFE70820C0F60C00006898
:1068C000222803D0FFE70020039043E0FFE7BDF854
:1068D0000600BDF80410884239DAFFE7BDF806006B
:1068E000BDF80410091A00EB5100ADF80200BDF824
:1068F000020000EB00111020C0F60C0030F811006F
:10690000ADF80000BDF80800BDF8001088420BD1BA
:10691000FFE7BDF8020000EB00111220C0F60C00EA
:1069200000EB4100039015E0BDF80800BDF8001031
:10693000884205DAFFE7BDF80200ADF8040005E083
:10694000BDF802000130ADF80600FFE7BFE7002008
:106950000390FFE7039804B07047000080B58CB047
:1069600000200A900990089007900690FFE7002009
:10697000059043F63000C4F20200016841F02001A6
:106980000160006800F0200005900598FFE71820DE
:106990000690112007900120019008900220099094
:1069A00041F20040C4F2020006A9FBF7EFFA019899
:1069B00000F0CCF8019800F0DBF840F2F611C2F2DA
:1069C000000103913C2004900870AE200290FFF774
:1069D00081FE039A02983D211170FFF77BFE039917
:1069E000002008706420FBF7AFFA00F08BF80498E1
:1069F00000F074F838B9FFE740F2F611C2F2000176
:106A00003C20087010E03D2000F068F838B9FFE73E
:106A100040F2F611C2F200013D20087003E00120AF
:106A20008DF82F0029E0FFE749F67C51C0F6000100
:106A30000020182200F058F950B1FFE740F2F6119B
:106A4000C2F200010020087001208DF82F0014E030
:106A5000FFF70CFEAF20FFF73DFE50B1FFE740F21D
:106A6000F611C2F200010020087001208DF82F00FD
:106A700003E000208DF82F00FFE79DF82F000CB0F9
:106A800080BD000081B080B5A5B027938DF893003C
:106A90008DF892102392239808B9FFE719E027A8F0
:106AA0000290239A029B03A88021F9F7CFFC019062
:106AB0000198B0F1FF3F01DCFFE70AE000208DF80C
:106AC0008B009DF893009DF8921003AA00F064F9E2
:106AD000FFE725B0BDE8804001B0704780B582B0C7
:106AE0008DF8070000F0D6F89DF807004000C0B20E
:106AF00000F050F88DF8060000F0E2F89DF806006E
:106B000002B080BD80B582B0012000F031F80020D5
:106B10008DF80700FFE79DF80700082811D8FFE768
:106B2000002000F013F8FFF791FE012000F00EF8AE
:106B3000FFF78CFEFFE79DF8070001308DF8070096
:106B4000E9E700F0BDF802B080BD000080B582B07A
:106B50008DF807009DF80720002A18BF012241F296
:106B60000040C4F202000821FBF704FC02B080BD23
:106B700080B582B08DF807009DF80720002A18BF65
:106B8000012241F20040C4F202001021FBF7F2FBA7
:106B900002B080BD80B582B08DF8070000208DF86E
:106BA0000600FFE79DF8060007281DD8FFE79DF8BF
:106BB0000700C009FFF7DCFF9DF8070040008DF8D3
:106BC0000700FFF743FE0120FFF7C0FFFFF73EFE7F
:106BD0000020FFF7BBFFFFF739FEFFE79DF8060037
:106BE00001308DF80600DDE701200090FFF7C0FFBF
:106BF000FFF72CFE0098FFF7A9FFFFF727FE41F2F1
:106C00000040C4F202001021FBF79CFB8DF8050048
:106C10000020FFF79BFFFFF719FE9DF805000028F5
:106C200018BF012002B080BD80B582B08DF807008A
:106C30008DF806109DF8070000F0070140F2F810EB
:106C4000C2F2000001709DF8061001F07F0240F2D0
:106C5000F711C2F200010A70097802318DF80210B2
:106C6000007840F0B0008DF803009DF8020000F0BD
:106C70000F008DF804009DF80200000910308DF817
:106C8000050000200DF10301032200F02DF802B0F1
:106C900080BD000080B582B001200090FFF768FF42
:106CA0000098FFF753FFFFF7D1FD00200190FFF799
:106CB0005FFFFFF7CBFD0198FFF748FF02B080BDF3
:106CC00080B582B00020FFF753FFFFF7BFFD012022
:106CD0000190FFF73BFFFFF7B9FD0198FFF748FF71
:106CE000FFF7B4FD02B080BD80B584B08DF80E0012
:106CF0000291ADF8062040F2F610C2F200000078D2
:106D000018B1FFE7029820B9FFE701208DF80F00C6
:106D10003EE0FFF7BFFF40F2F610C2F2000000783D
:106D20004000C0B2FFF736FF30B9FFE79DF80E0014
:106D3000FFF730FF30B1FFE7FFF7C2FF01208DF80A
:106D40000F0025E00020ADF80400FFE7BDF80400C7
:106D5000BDF80610884215DAFFE70298BDF8041066
:106D6000405CFFF717FF30B1FFE7FFF7A9FF0120F5
:106D70008DF80F000CE0FFE7BDF804000130ADF81E
:106D80000400E3E7FFF79CFF00208DF80F00FFE70A
:106D90009DF80F0004B080BD80B5CCB08DF82F01F8
:106DA0008DF82E114A924A98499009A84FF48071A3
:106DB000F9F7AFFB9DF82F0188B1FFE79DF82F0190
:106DC00004280CD8FFE79DF82E0140B1FFE79DF89D
:106DD0002E01102803D8FFE74A9808B9FFE72EE1F3
:106DE0009DF82F116FF0010000EB41008DF823009A
:106DF0009DF82E116FF0070000EBC1008DF8220006
:106E00009DF822008DF82100FFE7499800780028BE
:106E10006BD0FFE7499806A9FFF768FC8DF81700CB
:106E20000698B02809D1FFE749F66C50C0F600007B
:106E3000079008208DF816002CE00698202812D321
:106E4000FFE706987E280ED8FFE7069949F27C7086
:106E5000C0F6000000EB0110A0F5007007900820BC
:106E60008DF8160015E00698FFF7FEFC079010203D
:106E70008DF81600079858B9FFE749F27C70C0F604
:106E8000000000F5F870079008208DF81600FFE765
:106E9000FFE7FFE79DF822009DF8161008448128BF
:106EA00001D3FFE721E09DF8221009A803900844D0
:106EB00007999DF81620F9F7E7FA03989DF8221034
:106EC0000844803007999DF816201144F9F7DCFA40
:106ED0009DF822009DF8161008448DF822009DF8B8
:106EE00017104998084449908FE700208DF820003A
:106EF000FFE79DF82000012800F2A180FFE79DF840
:106F000021008DF815007F208DF814009DF82300D6
:106F10009DF8201008448DF81300FFE79DF9151027
:106F200000200029029017D4FFE79DF8201009A83F
:106F300000EBC1109DF81520805C9DF8133040F2E5
:106F4000F911C2F2000101EBC311895C401AB0FAD9
:106F500080F040090290FFE70298C00730B1FFE7D8
:106F60009DF8150001308DF81500D7E79DF9150043
:106F7000B0F1FF3F01DCFFE75BE0FFE79DF8141095
:106F80009DF8152000209142019017DDFFE79DF844
:106F9000201009A800EBC1109DF81420805C9DF81A
:106FA000133040F2F911C2F2000101EBC311895C08
:106FB000401AB0FA80F040090190FFE70198C0073D
:106FC00030B1FFE79DF8140001388DF81400D5E7C3
:106FD0009DF813009DF81510FFF726FE9DF8201070
:106FE00009A800EBC1109DF8152081189DF8140028
:106FF000801A013082B24020FFF776FEC0B9FFE769
:107000009DF8131040F2F910C2F2000000EBC1101D
:107010009DF8153018449DF8202009A901EBC211F4
:1070200019449DF81420D21A0132F9F72DFAFFE71E
:10703000FFE79DF8200001308DF8200059E74CB0A3
:1070400080BD000082B08DED000A9DED000AB5EE16
:10705000400AF1EE10FA07DAFFE79DED000AB1EE03
:10706000400A8DED010A02E000980190FFE79DEDD6
:10707000010A02B07047000080B586B004908DED23
:10708000030ACDED020A8DED011A049818B9FFE745
:10709000002005905BE09DED030ADDED010A00F0A4
:1070A000EBF88DED030A9DED030A9DED021A30EE1B
:1070B000410A049880ED030A049890ED000A0498B0
:1070C00090ED031A049890ED042A31EE422A0498B8
:1070D00090ED011A049890ED033A21EE031A20EE88
:1070E000020A30EE011A049890ED020A049890ED1D
:1070F000032A049890ED043A33EE033A32EE432A21
:10710000049890ED053A32EE032A20EE020A30EEA2
:10711000011A049890ED070A30EE010A80ED070A83
:10712000049890ED070A0498D0ED090A00F0A4F83D
:10713000049880ED070A049800690499486104984E
:10714000C068049908610498C0690590FFE79DED47
:10715000050A06B080BD000080B584B002908DEDB8
:10716000010ACDED000A029818B9FFE7002003904C
:1071700058E09DED010A9DED001A30EE410A02989B
:1071800080ED030A029890ED031A029890ED060A2A
:1071900030EE010A80ED060A029890ED060A029888
:1071A000D0ED080A00F068F8029880ED060A02980F
:1071B00090ED000A029890ED032A029890ED011AD2
:1071C000029890ED063A21EE031A20EE020A30EE04
:1071D000011A029890ED020A029890ED032A029893
:1071E00090ED043A32EE432A20EE020A30EE010A14
:1071F000029880ED070A029890ED070A0298D0EDF8
:10720000090A00F039F8029880ED070A029800692F
:10721000029948610298C068029908610298C069A1
:107220000390FFE79DED030A04B080BD80B586B0F2
:1072300005908DED040ACDED030A8DED021ACDED1A
:10724000011A8DED002A059808B9FFE712E00498AD
:107250000599086003980599486002980599886027
:10726000019805990862009805994862059800F010
:1072700041F8FFE706B080BD80B584B08DED020A0D
:10728000CDED010A9DED010AB5EE400AF1EE10FACE
:1072900003DCFFE70298039028E09DED010AFFF769
:1072A000D1FE8DED000A9DED020A9DED001AB4EEAF
:1072B000410AF1EE10FA03DDFFE70098039015E0B4
:1072C0009DED020A9DED001AB1EE411AB4EE410A9D
:1072D000F1EE10FA07DAFFE79DED000AB1EE400A81
:1072E0008DED030A02E002980390FFE79DED030A8B
:1072F00004B080BD81B00090009808B9FFE70BE0B2
:1073000000990020C86000990861009948610099BF
:1073100088610099C861FFE701B0704783B08DEDC7
:10732000010A9DED010A9FED221AB4EE410AF1EE29
:1073300010FA05DDFFE740F2E730ADF80A0032E071
:107340009DED010A9FED1B1AB4EE410AF1EE10FA11
:1073500005DAFFE74FF61940ADF80A0023E09DED8E
:10736000010AB5EE400AF1EE10FA0CDBFFE79DEDE5
:10737000010AB6EE001A30EE010ABDEEC00A10EEA8
:10738000100A00900BE09DED010ABEEE001A30EEEF
:10739000010ABDEEC00A10EE100A0090FFE7009847
:1073A000ADF80A00FFE7BDF90A0003B0704700BF5F
:1073B00000C0794400C079C480B582B040F2FC506E
:1073C000C2F200000021009180F83310012280F801
:1073D000322040F28802C2F200029268C262C26A9F
:1073E00082620186B7EE000A9FED101ADFED101AD7
:1073F0009FED102AF0EE410AFFF718FF009800F009
:1074000079F840F6B070C2F200000821FCF73AFCAF
:1074100020B1FFE701208DF8070003E000208DF880
:107420000700FFE79DF8070002B080BD00000000E4
:1074300000007A440000964380B584B0EFF31080DA
:1074400003900398029072B640F2FC50C2F2000022
:107450000021019180F8331040F28802C2F200024C
:107460009268C262C26A82620186FFF743FF019896
:1074700000F040F8029810B9FFE762B6FFE704B0E9
:1074800080BD000080B582B040F28800C2F20000EA
:10749000816840F2FC50C2F20000C16290F83300F3
:1074A00048B9FFE740F2FC51C2F200010020088613
:1074B00000F020F81CE040F2FC50C2F20000009006
:1074C00090ED0A0AB8EEC00A90ED0B1AF8EEC10A68
:1074D000FFF742FE8DED010A9DED010AFFF71EFF49
:1074E000014600980186B0F9300000F003F8FFE78C
:1074F00002B080BD80B586B0ADF81600BDF91600AB
:1075000040F2FC51C2F2000191F93210484304905C
:1075100040F6B070C2F2000001680020C863049811
:10752000012814DBFFE740F60040C4F2020001220C
:107530001146FAF71FFF41F20000C4F20200802159
:107540000022FAF717FF0498ADF80E0030E0049817
:10755000B0F1FF3F16DCFFE740F60040C4F2020046
:10756000012102910022FAF705FF029A41F2000080
:10757000C4F202008021FAF7FDFE04984042ADF803
:107580000E0014E040F60040C4F202000121002287
:107590000192FAF7EFFE019A41F20000C4F20200F4
:1075A0008021FAF7E7FE0198ADF80E00FFE7FFE74C
:1075B000BDF80E0040F6B071C2F200010968C86360
:1075C00006B080BD80B584B0EFF3108003900398BF
:1075D000029072B640F23860C2F20000007818B92A
:1075E000FFE7002001901EE040F23060C2F2000090
:1075F000007850B1FFE7FAF7D5FE40F23461C2F2ED
:1076000000010968401A01900CE040F23C60C2F2AF
:107610000000006840F23461C2F200010968401ABB
:107620000190FFE7FFE7029810B9FFE762B6FFE7B6
:10763000019804B080BD000080B5FAF7B3FE0146A2
:1076400040F23460C2F200000160006840F23C6128
:10765000C2F20001086040F23861C2F2000101206C
:10766000087040F23061C2F20001087080BD000075
:1076700080B540F23060C2F20000007870B1FFE7E0
:10768000FAF790FE40F23C61C2F20001086040F25D
:107690003061C2F2000100200870FFE780BD0000E9
:1076A00080B582B040F64A41C2F200010020087065
:1076B00040F64941C2F2000108708DF80700FFE76B
:1076C0009DF80700032810D8FFE79DF8072040F633
:1076D0004001C2F20001002021F81200FFE79DF8EE
:1076E000070001308DF80700EAE740F64841C2F292
:1076F00000010020087040F64B41C2F20001087002
:1077000040F65261C2F20001088040F64C61C2F2BC
:107710000001088040F64E61C2F20001088040F688
:107720005061C2F20001087000F0C2F802B080BDE2
:1077300081B08DF803009DF8030001308DF803003F
:107740009DF80300042804D3FFE700208DF8030010
:10775000FFE79DF8030001B07047000080B582B0DC
:1077600000F0ACF98DF8070040F24060C2F2000072
:107770004FF4807100F022F8ADF804009DF8070086
:1077800060B1FFE79DF80700022807D0FFE740F649
:107790005061C2F2000101200870FFE7BDF804004B
:1077A00048B1FFE7BDF8041040F24060C2F20000AB
:1077B00000F0B2F8FFE702B080BD000080B586B0EF
:1077C0000390ADF80A10039820B1FFE7BDF80A0056
:1077D00020B9FFE70020ADF8120064E0EFF310805D
:1077E00005900598019072B640F64940C2F200003B
:1077F000007838B9FFE7019800F084F80020ADF870
:10780000120050E040F64A40C2F2000000788DF8C5
:1078100001009DF8011040F64000C2F2000030F86F
:107820001100ADF80200BDF80200BDF80A10884250
:107830000BDDFFE7BDF80A00ADF8020040F6484155
:10784000C2F2000101200870FFE703989DF80120B3
:1078500040F64801C2F2000101EB0221BDF802200E
:10786000F8F712FE9DF8012040F64001C2F2000137
:10787000002021F812009DF80100FFF759FF40F6A3
:107880004A41C2F20001087040F64941C2F20001CB
:10789000087801380870019800F034F8BDF802004B
:1078A000ADF81200FFE7BDF8120006B080BD000081
:1078B00080B582B041F28800C2F2000040F240710F
:1078C000C2F200014FF48072FCF7D8FA8DF807007D
:1078D0009DF8070090B9FFE741F28800C2F200006E
:1078E000C06B58B1FFE741F28800C2F20000C06BE4
:1078F0000168086820F008000860FFE79DF80700AD
:1079000002B080BD81B00090009810B9FFE762B668
:10791000FFE701B07047000082B00190ADF802109F
:1079200002B0704780B58CB00990ADF82210079274
:107930000020ADF81200BDF8220020B9FFE70020BA
:107940008DF82B00B5E0099820B9FFE701208DF8EC
:107950002B00AEE0FAF726FD0590FFE7BDF8120018
:10796000BDF82210884280F2A080FFE7EFF310807C
:107970000B900B98039072B640F64C60C2F2000078
:107980000088C0F50070ADF80A00BDF80A000028B4
:107990005ED0FFE740F65260C2F20000008840F679
:1079A0004C61C2F2000109880844ADF80600BDF838
:1079B0000600B0F5007F07D3FFE7BDF80600A0F58D
:1079C0000070ADF80600FFE7BDF82200BDF8121008
:1079D000401AADF80800BDF80800BDF80A1088424A
:1079E00005DDFFE7BDF80A00ADF80800FFE7BDF8C8
:1079F0000800BDF80610C1F5007189B2884207DDA4
:107A0000FFE7BDF80600C0F50070ADF80800FFE71D
:107A1000BDF8061040F64C40C2F200000844099937
:107A2000BDF812201144BDF80820F8F72DFD40F6EE
:107A30004C61C2F200010888BDF80820104408809B
:107A4000BDF81200BDF808100844ADF81200FFE7B9
:107A50000398FFF757FF00F031F88DF81B009DF8F1
:107A60001B0050B1FFE79DF81B00022805D0FFE77F
:107A70009DF81B008DF82B001BE0BDF81200BDF82F
:107A80002210884210DAFFE70798013060B1FFE763
:107A9000FAF788FC0599401A0799884204D3FFE752
:107AA00003208DF82B0004E058E700208DF82B0010
:107AB000FFE79DF82B000CB080BD000080B584B0BE
:107AC000EFF3108003900398019072B640F64E6079
:107AD000C2F20000008838B9FFE740F64C60C2F2FD
:107AE0000000008838B9FFE70198FFF70BFF00207E
:107AF0008DF80B0057E040F64C60C2F200000088A1
:107B0000ADF80200BDF8020040F65261C2F2000179
:107B10000988C1F5007189B288420ADDFFE740F6A5
:107B20005260C2F200000088C0F50070ADF802009B
:107B3000FFE7BDF8020040F64E61C2F20001088086
:107B400040F65260C2F20000018840F64C40C2F29A
:107B500000000144BDF8022041F28800C2F200009A
:107B6000FCF70EFE8DF80A009DF80A0098B1FFE7B9
:107B700040F64E61C2F20001002008809DF80A0024
:107B8000022807D0FFE740F65061C2F20001012051
:107B90000870FFE7FFE70198FFF7B4FE9DF80A00C1
:107BA0008DF80B00FFE79DF80B0004B080BD0000CE
:107BB000FFE7FEE788B0079006910592079800F06E
:107BC000070004900498C0F10700052803D3FFE7DD
:107BD0000420019004E00498C0F107000190FFE741
:107BE0000198039004980430062803D8FFE700208A
:107BF000009003E0049803380090FFE7009802909B
:107C000006980399012202FA01F101390840029B0A
:107C1000984005999A40013A1140084308B07047CE
:107C2000704700007047000080B582B00090009857
:107C30000138B0F1807F03D3FFE70120019019E004
:107C4000009801384EF21401CEF2000108604FF0A6
:107C5000FF300F2100F0B4FF4EF21801CEF2000108
:107C6000002008604EF21002CEF2000207211160DF
:107C70000190FFE7019802B080BD000080B5FAF7DF
:107C800097FB80BD80B594B008A83021F8F763FC5D
:107C9000002007900690059004900390FFE70020D5
:107CA000029043F64000C4F20200016841F08051A6
:107CB0000160006800F0805002900298FFE7FFE743
:107CC0000020019047F20000C4F20000016841F476
:107CD00080410160006800F4804001900198FFE756
:107CE000012008904FF48030099002200E904FF44C
:107CF00080010F9108211091A82111911290042068
:107D0000139008A8FAF7D8FD18B1FFE7F9F7D6FDE8
:107D1000FFE70F20039002210491002005904FF40B
:107D2000A05006904FF48050079003A8FAF7F4FB98
:107D300018B1FFE7F9F7C2FDFFE714B080BD0000FE
:107D40004EF68851CEF20001086840F470000860D9
:107D50007047000080B541F24000C2F20000FBF71E
:107D600027FD80BD83B002900191029800680090C9
:107D700002980021C4F20101884225D0FFE7029851
:107D8000B0F1804F20D0FFE7029840F20041C4F2EA
:107D90000001884218D0FFE7029840F60001C4F2C3
:107DA0000001884210D0FFE7029840F60041C4F27B
:107DB0000001884208D0FFE7029840F20041C4F277
:107DC000010188420AD1FFE7009820F0700000907E
:107DD00001984168009808430090FFE7029800214D
:107DE000C4F20101884255D0FFE70298B0F1804FFC
:107DF00050D0FFE7029840F20041C4F200018842EF
:107E000048D0FFE7029840F60001C4F20001884222
:107E100040D0FFE7029840F60041C4F200018842DA
:107E200038D0FFE7029840F20041C4F201018842D5
:107E300030D0FFE7029844F20001C4F20101884209
:107E400028D0FFE7029844F20041C4F201018842C1
:107E500020D0FFE7029844F60001C4F201018842F5
:107E600018D0FFE7029841F60001C4F200018842F1
:107E700010D0FFE7029841F60041C4F200018842A9
:107E800008D0FFE7029842F20001C4F200018842E4
:107E90000AD1FFE7009820F4407000900198C16873
:107EA000009808430090FFE7009820F080000199B7
:107EB000496908430090019880680299C862019856
:107EC00000680299886202980021C4F20101884288
:107ED00008D0FFE7029840F20041C4F20101884255
:107EE00005D1FFE70198006902990863FFE702994D
:107EF000086840F004000860029901204861009879
:107F00000299086003B0704784B003900291019217
:107F1000029800F01F01012088400090009A039908
:107F2000086A904308620198029901F01F0100FA63
:107F300001F20399086A1043086204B07047000018
:107F400085B0049003910292019304988068009098
:107F5000009820F47F40009003980299019A41EA2A
:107F6000022101430098084300900098049988601A
:107F700005B0704783B0029001910298806800902C
:107F8000009820F07000009001980099084340F09C
:107F90000700009000980299886003B070470000C5
:107FA00085B0049003910498006A01900499086ACE
:107FB00020F00100086204984068009004988069ED
:107FC0000290029820F070000290029820F00300C6
:107FD000029003980168029808430290019820F0EB
:107FE0000200019003988168019808430190049869
:107FF0000021C4F20101884208D0FFE7049840F252
:108000000041C4F2010188420ED1FFE7019820F03F
:10801000080001900398C1680198084301900198F5
:1080200020F004000190FFE704980021C4F2010150
:10803000884208D0FFE7049840F20041C4F20101F1
:10804000884213D1FFE7009820F4807000900098D8
:1080500020F4007000900398416900980843009054
:1080600003988169009808430090FFE700980499FD
:1080700048600298049988610398406804994863AD
:1080800001980499086205B07047000085B004901B
:1080900003910498006A01900499086A20F0100086
:1080A00008620498406800900498806902900298E1
:1080B00020F4E0400290029820F44070029003986F
:1080C0000168029840EA01200290019820F0200007
:1080D000019003988168019840EA0110019004988A
:1080E0000021C4F20101884208D0FFE7049840F261
:1080F0000041C4F2010188420FD1FFE7019820F04E
:10810000800001900398C168019840EA0110019035
:10811000019820F040000190FFE704980021C4F28C
:108120000101884208D0FFE7049840F20041C4F200
:108130000101884215D1FFE7009820F4806000908B
:10814000009820F40060009003984169009840EA8C
:108150008100009003988169009840EA81000090B6
:10816000FFE7009804994860029804998861039891
:1081700040680499886301980499086205B07047C3
:1081800085B0049003910498006A01900499086AEC
:1081900020F4807008620498406800900498C069D8
:1081A0000290029820F070000290029820F00300E4
:1081B000029003980168029808430290019820F405
:1081C0000070019003988168019840EA01200190B5
:1081D00004980021C4F20101884208D0FFE7049806
:1081E00040F20041C4F2010188420FD1FFE701983B
:1081F00020F4006001900398C168019840EA0120D2
:108200000190019820F480600190FFE7049800211C
:10821000C4F20101884208D0FFE7049840F200410F
:10822000C4F20101884215D1FFE7009820F4805084
:108230000090009820F40050009003984169009845
:1082400040EA0110009003988169009840EA01100B
:108250000090FFE700980499486002980499C8616B
:10826000039840680499C86301980499086205B0AE
:108270007047000085B0049003910498006A019053
:108280000499086A20F480500862049840680090BD
:108290000498C0690290029820F4E040029002988D
:1082A00020F44070029003980168029840EA01208F
:1082B0000290019820F40050019003988168019881
:1082C00040EA0130019004980021C4F20101884283
:1082D00008D0FFE7049840F20041C4F2010188424F
:1082E0000BD1FFE7009820F480400090039841698B
:1082F000009840EA81100090FFE7009804994860D8
:1083000002980499C8610398406804990864019828
:108310000499086205B0704785B0049003910292F9
:108320000498006A00900499086A20F0010008622D
:10833000049880690190019820F0F0000190029962
:10834000019840EA01100190009820F00A00009086
:108350000399009808430090019804998861009857
:108360000499086205B0704785B0049003910292A9
:108370000498006A00900499086A20F010000862CE
:10838000049880690190019820F47040019002994E
:10839000019840EA01300190009820F0A000009080
:1083A0000399009840EA01100090019804998861AF
:1083B00000980499086205B07047000080B582B04B
:1083C00001900198806B009000990020C88500986A
:1083D000FBF762FE02B080BD80B584B00390002040
:1083E00002900398806B0190019800684069C0B2C8
:1083F000C0090290019890F8410021280AD1FFE7B6
:10840000029838B1FFE701990020C884019800F074
:108410005DF9FFE7019800684069C0F380100290A1
:10842000019890F8420022280AD1FFE7029838B15B
:10843000FFE701990020C885019800F0E9F8FFE7FF
:108440000199486C40F0100048640198FBF724FE45
:1084500004B080BD80B586B005900598806B04900F
:10846000059800680068C00500285AD4FFE7049901
:108470000020C885FFE7FFE70498006850E8030F75
:1084800020F480700390FFE703990498026842E8A3
:1084900003100028F0D1FFE7FFE7FFE7FFE70498AC
:1084A000006850E8050F20F001000290FFE70299F4
:1084B0000498026842E805100028F0D1FFE7FFE7C2
:1084C000FFE7FFE70498006850E8050F20F0400040
:1084D0000190FFE701990498026842E8051000281E
:1084E000F0D1FFE7FFE70499202081F842000498CB
:1084F000006B012814D1FFE7FFE7FFE7049800684D
:1085000050E8030F20F010000090FFE70099049856
:10851000026842E803100028F0D1FFE7FFE7FFE719
:10852000FFE70499002048630498006B012805D1F7
:10853000FFE70498818DFBF7FDFC03E00498FCF74E
:1085400017F9FFE706B080BD80B582B001900198B1
:10855000806B00900099012048630098006B01280F
:1085600006D1FFE70098818D4908FBF7E3FC03E0A3
:108570000098FCF701F9FFE702B080BD80B584B038
:1085800003900398806B0290039800680068C00510
:1085900000282AD4FFE702990020C884FFE7FFE7FC
:1085A0000298006850E8050F20F080000190FFE776
:1085B00001990298026842E805100028F0D1FFE70F
:1085C000FFE7FFE7FFE70298006850E8030F40F07D
:1085D00040000090FFE700990298026842E803100B
:1085E0000028F0D1FFE7FFE703E00298FCF746F927
:1085F000FFE704B080BD000080B582B00190019813
:10860000806B00900098FCF7AFF902B080BD0000CD
:1086100084B00390FFE7FFE70398006850E8030F7A
:1086200020F490700290FFE702990398026842E8F4
:1086300003100028F0D1FFE7FFE7FFE7FFE703980B
:10864000006850E8050F20F001000190FFE7019954
:108650000398026842E805100028F0D1FFE7FFE721
:108660000398006B012814D1FFE7FFE7FFE70398A9
:10867000006850E8030F20F010000090FFE7009919
:108680000398026842E803100028F0D1FFE7FFE7F3
:10869000FFE70399202081F8420003990020086336
:1086A00004B0704780B582B0019001980168C86835
:1086B00020F04000C8600199202081F84100019815
:1086C000FCF7DCF8002002B080BD000082B0019011
:1086D000FFE7FFE70198006850E8030F20F0C000B3
:1086E0000090FFE700990198026842E80310002813
:1086F000F0D1FFE7FFE70199202081F8410002B0A7
:108700007047000080B586B004900020039002906E
:10871000049890F84200222840F0A080FFE70498D7
:108720008068B0F5805F13D1FFE70498006978B9DD
:10873000FFE70498806A02900498006840686FF32D
:108740005F20029908800499886A0230886223E0D9
:108750000498806A039004988068B0F5805F08D020
:10876000FFE70498806850B9FFE70498006930B9C2
:10877000FFE70498006840680399087007E00498D0
:108780000068406800F07F0003990870FFE70499D3
:10879000886A01308862FFE70499C88D0138C8856E
:1087A0000004002856D1FFE704980168C86820F04B
:1087B0002000C86004980168C86820F48070C86010
:1087C00004980168486920F001004861049920205C
:1087D00081F842000499002048630498006B012846
:1087E00030D1FFE7049900200863FFE7FFE7049812
:1087F000006850E8030F20F010000190FFE7019996
:108800000498026842E803100028F0D1FFE7FFE770
:10881000049800680068C00600280ED5FFE7FFE74F
:108820000020009004980068006800900498006898
:10883000406800900098FFE7FFE70498818DFBF700
:1088400079FB03E00498FBF793FFFFE700208DF826
:10885000170007E000208DF8170003E002208DF8D4
:108860001700FFE79DF8170006B080BD80B586B001
:10887000059005980068006920F44050059A116839
:10888000D26810430861059988680B694A69C9690B
:10889000184310430843049005980068C06849F2E3
:1088A0000C6188430499084305990968C8600598D4
:1088B0000068406920F44070059A1168926910437D
:1088C00048610598006841F20001C4F20101884244
:1088D00009D0FFE70598006841F20041C4F20101A8
:1088E000884204D1FFE7F9F761FF039003E0F9F74D
:1088F0004BFF0390FFE70598C069B0F5004F29D101
:10890000FFE703981921A0FB0101059A1368029360
:1089100053685A00DB0FF7F714FD0299864648F2B8
:108920001F53C5F2EB13AEFB0320420910014FF0B9
:10893000640C02FB1CEC322202EBCC02A2FB0332E1
:10894000F82303EA521300EB4300C2F3421210442F
:10895000886026E003981921A0FB0101059A13689D
:10896000019353689A009B0FF7F7EBFC019984463B
:1089700048F21F52C5F2EB12ACFB023043096420EF
:1089800003FB10CC322000EB0C10A0FB0202F02005
:1089900000EA521000EB0310C2F343121044886047
:1089A000FFE706B080BD000080B58AB0089007914F
:1089B000ADF81A20079808998862BDF81A0008993E
:1089C0008885089900204864089A222182F842107C
:1089D0000899CA6B48F25541C0F60001D163089965
:1089E000CA6B48F24951C0F6000111640899CA6B7C
:1089F00048F2D931C0F60001D1640899C96B086505
:108A000007A8059008980168C06B0431059A1268A0
:108A1000BDF81A30F9F736FA58B1FFE70899102077
:108A200048640899202081F8420001208DF8270031
:108A30004EE0FFE70020049008980068006804906A
:108A400008980068406804900498FFE70898006957
:108A5000A0B1FFE7FFE7FFE70898006850E8030FC1
:108A600040F480700390FFE703990898026842E899
:108A700003100028F0D1FFE7FFE7FFE7FFE7FFE77C
:108A80000898006850E8050F40F001000290FFE7E9
:108A900002990898026842E805100028F0D1FFE723
:108AA000FFE7FFE7FFE70898006850E8050F40F090
:108AB00040000190FFE701990898026842E805101C
:108AC0000028F0D1FFE7FFE700208DF82700FFE73F
:108AD0009DF827000AB080BD83B00190019890F8FE
:108AE000410021283AD1FFE701988068B0F5805F06
:108AF00013D1FFE70198006978B9FFE70198006A90
:108B00000090009800886FF35F2001990968486021
:108B10000199086A0230086208E0019A106A411C53
:108B200011620078019909684860FFE70199C88CD3
:108B30000138C884000468B9FFE701980168C86873
:108B400020F08000C86001980168C86840F04000CB
:108B5000C860FFE700208DF80B0003E002208DF8CD
:108B60000B00FFE79DF80B0003B0704780B541F2A2
:108B70008800C2F20000FBF7D5FA80BDFFE7FEE7F0
:108B800081B08DF803009DF9030000280ED4FFE7A3
:108B90009DF9031001F01F02012090404A094EF296
:108BA0000011CEF2000141F82200FFE701B070474A
:108BB0004EF60C50CEF200000068C0F30220704761
:108BC00082B08DF8070000919DF9070000280AD4B3
:108BD000FFE7009800019DF907104EF20042CEF227
:108BE000000288540BE0009800019DF8071001F086
:108BF0000F014EF61452CEF200028854FFE702B085
:108C00007047000083B00290029800F007000090C7
:108C10004EF60C51CEF200010868019001984FF613
:108C2000FF02104001900198009A40EA02200022C1
:108C3000C0F2FA52104301900198086003B07047E7
:108C400081B00090FFE7FEE781B00090009800EB54
:108C5000800040010090FFE70098411E009108B19C
:108C6000FFE7F9E701B0704780B584B00290019149
:108C700002988DF803000DF1030001214FF0FF323F
:108C8000FEF750FE20B1FFE74FF0FF30039002E007
:108C900002980390FFE7039804B080BD80B582B0CE
:108CA00000200190F9F792FBFEF7ECFFFCF726F9A4
:108CB000FCF7FCF8FCF708FBFCF7C8FBFCF798FB9B
:108CC000FCF754FAFCF792FAFCF72EFC18B1FFE718
:108CD000F8F7F4FDFFE7FFE7FCF79EFCFCE75FEA2F
:108CE000400C08BF91F0000F4FEA8C234FEAC122DD
:108CF00043EA51514FEA1C5018BF00F5F0404FEACB
:108D0000300018BF41F000415FEA6C5C00F0298040
:108D1000BCF1FF3F08BF40F080407047130C06BF16
:108D200012044FF0100C4FF0000C130E04BF12028F
:108D30000CF1080C130F04BF12010CF1040C930F7B
:108D400004BF92000CF1020CD30F04BF52000CF1CF
:108D5000010C11464FF00002A0F11F00A0EB0C0027
:108D6000704711F0004F08BF704731F000413FF4E9
:108D7000D5AF0B0C06BF09044FF0100C4FF0000CE0
:108D80000B0E04BF09020CF1080C0B0F04BF090104
:108D90000CF1040C8B0F04BF89000CF1020CCB0FFB
:108DA00004BF49000CF1010CCCF1200322FA03F3BB
:108DB00041EA030102FA0CF2A0EB0C0000F1010001
:108DC0007047000023F07F4720F07F4C80EA0300CB
:108DD00000F00040ACEB070303F57C5303F1FF0305
:108DE0002DE9804909B44FEA144324EA03484FEAC5
:108DF000154B25EA0B4E0FF2042606EB13273E789F
:108E000003FB0667C7F5000707FB06F64FEAD646E1
:108E100006F102064FEA543707FB066CCCF1005C02
:108E20004FEA1C472CEA074C0CFB06F507FB06F43F
:108E300004EB15464FEA961649085FEA320234BF42
:108E400000204FF000404FEAD13706FB07FC4FEA05
:108E50001C4C0CFB0BF7D21B03FB0CF761EB07015F
:108E60000CFB0EF7B0EB074072EB17420CFB08F758
:108E700034BFA2EB0742B2EB074261EB17414FEA66
:108E80000C444FEA910706FB07FC4FEA1C4C0CFB15
:108E90000BF7B0EBC74072EB573203FB0CF734BF54
:108EA000A2EBC742B2EBC74261EB57310CFB0EF7A6
:108EB000B0EBC70072EB57720CFB08F734BFA2EBA4
:108EC000C702B2EBC70261EB57714FEA816141EA19
:108ED00092114FEA826242EA90124FEA806004EBFC
:108EE000CC04039F4FEAD13706FB07FC4FEA1C4C2A
:108EF0000CFB0BF7D21B03FB0CF761EB07010CFB20
:108F00000EF7B0EB074072EB17420CFB08F734BFCB
:108F1000A2EB0742B2EB074261EB17414FEA8C55D7
:108F200004EB9C244FEA910706FB07FC4FEA1C4C1C
:108F30000CFB0BF7B0EBC74072EB573203FB0CF79F
:108F400034BFA2EBC742B2EBC74261EB57310CFB17
:108F50000EF7B0EBC70072EB57720CFB08F734BF8B
:108F6000A2EBC702B2EBC70261EB57714FEA816116
:108F700041EA92114FEA826242EA90124FEA80601F
:108F800015EB4C2544F100044FEAD13706FB07FCF2
:108F90004FEA1C4C0CFB0BF7D21B03FB0CF761EBED
:108FA00007010CFB0EF7B0EB074072EB17420CFB0E
:108FB00008F734BFA2EB0742B2EB074261EB17415F
:108FC0004FEA813141EA92414FEA823242EA9042CD
:108FD0004FEA80304FEA0C7615EB1C1544F1000483
:108FE00048EA03434EEA0B484FF0000EB2EB080C80
:108FF00071EB030724BF624639464EEB0E0E4FF06D
:10900000000B0018524149414BEB0B0BB2EB080C23
:1090100071EB03077BF1000B24BF624639464EEB30
:109020000E0E4FF0000B0018524149414BEB0B0B59
:10903000B2EB080C71EB03077BF1000B24BF624617
:1090400039464EEB0E0E51EA020718BF46F00106F4
:1090500016EB0E7655F1000254F1000103D5BDE880
:109060008901BDE80088BDE88901BDE80048B6195E
:10907000524141EB0101A3F10103704780807F7EE3
:109080007D7C7B7A7978777676757473727171707E
:109090006F6E6E6D6C6C6B6A6A6968686766666530
:1090A0006464636362616160605F5F5E5E5D5D5CBE
:1090B0005C5B5B5A5A59595858575756565555552F
:1090C0005454535352525251515050504F4F4F4E8F
:1090D0004E4D4D4D4C4C4C4B4B4B4A4A4A494949DD
:1090E000484848474747474646464545454444441F
:1090F0004443434343424242424141419C46002B48
:1091000030D477002BD04FEA37071CB503B44FF0AB
:1091100010004FF01001BAF1000F06D0BCF1000FA3
:10912000DCBF40F0080040F008014FF000000FBC29
:10913000BDE810400BF1010BBBF1010F08BF5FEA66
:10914000170722BF12F1010211F101014FF0004196
:1091500043F1000300F0004043EA00007047F9D3F8
:109160005708D0E746EA06464FEA164613F1400F85
:109170001FDD13F1200FDFBF16430A460021203305
:109180005B42BED0C3F1200746EA06464FEA1646C8
:1091900002FA07F746EA070622FA03F2C3F12007AC
:1091A00001FA07F742EA070221FA03F14FF0000340
:1091B000A7E746EA020646EA06464FEA164646EAA8
:1091C0000106BCBF46EA0646360C4FF000034FF0DE
:1091D00000024FF0000194E72DE9804C70B49A46EC
:1091E000934691E8380007C831EA400C48BF34EA9A
:1091F000430C03D5FFF7E6FDFFF780FFF0BCBDE8A9
:10920000008C2DE9804C70B49A46934691E8380062
:1092100007C810F0804F08BF13F0804F03D100F053
:1092200005F8FFF76BFFF0BCBDE8008C20F07F472E
:1092300023F07F4C80EA030000F0004007EB0C03B2
:10924000A3F57C53A3F1FE0392F0000F00F0B3806E
:1092500095F0000F00F077802DE901494FEA1140A9
:1092600021EA00484FEA144624EA064700FB06FCC0
:1092700008FB06F607FB08F818EB06484CEB164C03
:1092800000FB07F718EB07484CEB17404FEA124B6F
:1092900022EA0B4E4FEA154625EA06470BFB06FC71
:1092A0000EFB06F607FB0EFE1EEB064E4CEB164CB5
:1092B0000BFB07F71EEB074E4CEB174B18EB0B089D
:1092C00040F1000018EB0E0B58EB000840F10000D5
:1092D0008F1A4FF000014FF000063CBFC943661BD8
:1092E00014BFB5EB040C00213CBFC943F61B4FEA89
:1092F000174427EA04454FEA1C472CEA074C04FBB5
:10930000076205FB07F70CFB05F616EB074642EB79
:10931000174204FB0CFC16EB0C4642EB1C421BEB09
:10932000060658EB020241414EEA8E0E46EA9E06C0
:1093300001D5BDE80189B619524141EB0101A3F104
:109340000103BDE801894FEA144524EA05464FEAC6
:10935000114721EA074C05FB07F406FB07F70CFB56
:1093600006F111EB074144EB174405FB0CFC11EB34
:109370000C4144EB1C444FEA124722EA074C05FB20
:1093800007F206FB07F70CFB06F616EB074642EB67
:10939000174205FB0CFC16EB0C4642EB1C456A1809
:1093A00054F1000148BF7047B619524141EB010129
:1093B000A3F10103704795F0000F37D04FEA114237
:1093C00021EA02464FEA144724EA074C02FB07F160
:1093D00006FB07F70CFB06F414EB074441EB1741BF
:1093E00002FB0CFC14EB0C4441EB1C414FEA15470B
:1093F00025EA074C02FB07F506FB07F70CFB06F610
:1094000016EB074645EB174502FB0CFC16EB0C462A
:1094100045EB1C42121951F1000148BF7047B619C3
:10942000524141EB0101A3F1010370474FEA14459A
:1094300024EA05464FEA114721EA074C05FB07F1EC
:1094400006FB07F70CFB06F212EB074241EB174154
:1094500005FB0CFC12EB0C4251EB1C414FF00006DB
:1094600048BF7047921841EB0101A3F10103704717
:1094700003B401984100009850EAC12018BF0420AD
:109480004A0D18BF40F0010040F2FF72B2EB515F8D
:1094900008BF40F00200012808BF052002B0704755
:1094A00030380A2801D201207047002070470000A0
:1094B00010B500290AD00878002807D0054878445C
:1094C000F8F7DEF8002801D0002010BD02487844EB
:1094D00010BD00008E0900008609000010B50029AB
:1094E0000AD00878002807D005487844F8F7C8F86B
:1094F000002801D0002010BD0248784410BD0000B3
:109500007E090000760900000808A0F500114FEA66
:109510003101704743004FEAD30C4FEA3C0C434003
:109520001FBF40070CF1605113F0FE4F70471CF055
:10953000006F03D10CF00041002070470CF0004395
:1095400043EA507040EACC0010B500F00EF800BFBE
:10955000000000924FEA0001FFF7D6BF4FF0004134
:10956000A1F500214FF0000070470EF1020E2EF021
:10957000030E5EF8044B244204D44FEA4102B2F1D8
:109580007F4F11D84FEA4003B3F17F4F0CD80ED173
:109590004FEAD07C0CEB4C0C0CF1020CB2F17F4F7B
:1095A00008BF4CEBD17C04E04FF0080C01E04FEA1F
:1095B000D17C0CEB4C0324FA03F404F00704B4F15F
:1095C000040C06D20EEB840CBDE810404CF0010CEC
:1095D0006047DFE80CF0070802024FF00040A0F5FA
:1095E000800010BD0846420018BFD2F1807288BFCB
:1095F00000F0004010BDF1EE100A4FF6FF71C0F20E
:10960000C03120EA010040F04070E1EE100A7047DE
:10961000F7F73ABCF7F76EBD00000000000000004D
:109620003031323334353637383941424344454698
:109630004030580030313233343536373839616292
:109640006364656640307800040000080000000094
:109650000000000200010000103031323334353692
:10966000373839616263646566787000303132334F
:109670003435363738394142434445465850000066
:1096800002400000000000A00000000005400000B3
:10969000000000C8000000000C4000000000409CDA
:1096A00000000000194000000020BCBE00000000C7
:1096B00034400000BFC91B8E00000004B54000000C
:1096C000504BCFD06607E2CF010000006C41000094
:1096D0003E8251AADFEEA73401000000D94200000B
:1096E000DCB5A0E23A301F97FFFFFFFFB445000052
:1096F000FD25A0C8E9A3C14FFFFFFFFFFF3F00000A
:109700000000008000000000FF3F0000000000801B
:10971000000000000000000000000000010203043F
:1097200006070809000000000102030400061016E5
:1097300000061016F9FBFDFF0103050700180240A3
:1097400020000000001802408000000000180240C5
:109750001000000000180240400000000014024009
:1097600000200000001402400040010000140240EC
:10977000008000000018024001000100000000000D
:10978000000000000000000000000000000000FCDD
:10979000000000000000181B00000000003C1C003E
:1097A0003C00000000000000000000000040F0400D
:1097B00040F84000021A0F021A0702000070788E6B
:1097C0008E08000000081830311F0E006090F080F5
:1097D000C0908000000004010006040300B0F8C837
:1097E00038008000060F08090E060D000000003C3E
:1097F0001C00000000000000000000000000E0FC71
:10980000060000000000071F6000000000000EF8C6
:10981000800000000000701F010000000008383CBC
:10982000380000000000000000000000808080F090
:10983000F0808000000000070700000000000060CA
:10984000E0000000000000010100000000004040B6
:1098500040000000000000000000000000000000C8
:109860000000000000000030300000000000008018
:10987000780E000000603C030000000000F80C04BB
:109880000418F000000F1810100C070000000CFC6A
:10989000FC0000000010101F1F101000000804043E
:1098A0008CF8300000181C161311100000088C846E
:1098B000CC7C300000181010101F0F000080E0302A
:1098C0001CFC000002030202021F0200007C7C4418
:1098D00044C4840000181010101D070000F0984CBC
:1098E00044C4880000070C1010180F000004048402
:1098F000E43C0C000000001F030000000038FCC422
:1099000084FC3800000F191010190F0000F88C04A7
:109910000C98F00000181111190F0700000000301A
:10992000300000000000000C0C00000000000018D7
:10993000180000000000000B0F00000000C0E0A0B5
:109940002030100000000001010103009090909071
:1099500090909000000000000000000010103020E7
:10996000A0C0C0000203010101000000000C04843B
:109970007C3800000000181B000000008060905040
:10998000505020C001020405050101000000E0382C
:10999000F8C00000181F030202071E1000F8F88824
:1099A00088987000001F1F1111110F0600E0301879
:1099B0000808180000070C181010180000F8080814
:1099C0001830E000000F08080C06030000FCFC84BF
:1099D00084848400001F1F101010101000FCFC84F1
:1099E00084848400001F1F000000000000F018089D
:1099F0008898800000070C08080C070000F8808099
:109A00008080F800000F000000000F00000000FC44
:109A1000FC0000000000001F1F000000000000000C
:109A200000FC000000181010180F000000F8F8806B
:109A3000E0301800001F1F0101071C1000FCFC0093
:109A400000000000001F1F101010100000F0E000C8
:109A500000C0F000000F000706000F0000F838E01B
:109A60008000F800000F0000030E0F0080F01808BF
:109A70000818F0E000070C08080C070100F8F808C7
:109A80000898F000001F1F030301000040F80C04B9
:109A9000040CF8F0000102040C0E0B0800F8F88822
:109AA0008898F000001F1F01030F180000387CCCBD
:109AB000848C08000008181010190F06040404FC18
:109AC000FC0404040000001F1F00000000F8000058
:109AD0000000F80000070C08080C070018F88000C8
:109AE00000F0380000010F1C1F01000030E000F002
:109AF000F08080700007070000070700000C38E0C6
:109B0000E0380C00101C0701030E1C10001878C070
:109B100080F038000000001F1F00000000040484D3
:109B2000C4741C0400181E13101010100000FEFE58
:109B30000200000000007F7F4000000000023CE0C7
:109B400000000000000000010F700000000202FE93
:109B5000000000000040407F000000000080E0188E
:109B600038E00000000100000001010000000000DA
:109B70000000000001010101010101010000040CCD
:109B800018000000000000000000000000203090DD
:109B900090F0E000000F0D08080F0F0000F8C04023
:109BA00040C08000001F1A10101C0F0000E0701051
:109BB0001030000000070C08080C00000080C06096
:109BC00040F8F800000F1810101F1F0000E0B090C0
:109BD00090B0E00000070C08080800000040F0FC0E
:109BE0004404000000003F3F0000000000B86C4447
:109BF000447C1404001D232222221E0C00F8C040C5
:109C000040C08000001F0000001F1F00000000EC8B
:109C1000E40000000000001F1F000000000000FB27
:109C2000F90000000040407F3F00000000FCF80009
:109C300000C04000003F3F06071C3000000000F855
:109C4000F80000000000001F3F00000000E020E0DE
:109C5000E020E000000300030300030000F03010E8
:109C600010F0C000000700000007070000E03010FF
:109C70001030E0C000070C08080C070300FCAC041F
:109C8000048CF800001F03010101000000F88C049F
:109C900004FCFC0000010103011F1F000000F0E0B4
:109CA0003010000000000F0F0000000000E0B09036
:109CB00010000000000C08090D0700000020F0F85B
:109CC000202000000000071F1010000000F000001E
:109CD00000F0F000000306040207070010F0800007
:109CE00000E030000000070C0F01000060E000E021
:109CF000E000C06000070701000707000030E080B7
:109D0000E0300000080C0301070C0800043CE000F0
:109D1000C0F80C000020311F07000000001010D018
:109D200070300000080C0F09080800000080807ED9
:109D3000020000000000017F40000000000000FE63
:109D400000000000000000FF00000000000202FE12
:109D5000800000000040603F000000000030103034
:109D6000604020000000000000000000000C121203
:109D7000120C00000000000000000000AED580A81A
:109D80003FD300408D142002A1C8DA12817FD9F19F
:109D9000DB40A4A64F4C4544204E41434B3A206340
:109DA0006865636B205046332F5046342C20706F0B
:109DB00077657220616E6420616464726573730DEF
:109DC0000A0055534152543320444D41207265617D
:109DD00064790D0A00E781B0E5BAA6EFBC9A257355
:109DE00000E8AEA1E697B63A2535752E25757300C5
:109DF000E4BBBBE58AA13A257520E69CAAE7A1AEA3
:109E0000E8AEA400E4BBBBE58AA13A257520E5B71E
:109E1000B2E7A1AEE8AEA400E8A792E5BAA6EFBC0F
:109E20009A252D372E3366C2B0000000789F0008B7
:109E30000000002010000000EC010008889F0008CE
:109E400010000020D01600000C0200081C000000CA
:109E500043000000F8FFFFFF0C0000000E000000B0
:109E60000F0000002E000000100100004300000061
:109E7000F8FFFFFF0040404040404040404041412B
:109E800041414140404040404040404040404040CF
:109E90004040404040050202020202020202020269
:109EA0000202020202202020202020202020200266
:109EB00002020202020290909090909010101010F6
:109EC0001010101010101010101010101010101092
:109ED0000202020202028888888888880808080826
:109EE00008080808080808080808080808080808F2
:109EF000020202024000000000000000000000001A
:109F00000000000000000000000000000000000051
:109F10000000000000000000000000000000000041
:109F20000000000000000000000000000000000031
:109F30000000000000000000000000000000000021
:109F40000000000000000000000000000000000011
:109F50000000000000000000000000000000000001
:109F600000000000000000000000000000000000F1
:109F700000000000000000000024F40001000000C8
:089F80001000000000000000C9
:040000050800018965
:00000001FF
